Name,zcmb,mu_obs,e_mu_obs,mu_model_lcdm,residual_lcdm,mu_model_USMFv2,residual_USMFv2
2011fe,0.00122,28.9987,1.51645,28.516595,0.48210491,28.584527,0.41417331
2011fe,0.00122,29.0559,1.51747,28.516595,0.53930491,28.584527,0.47137331
2012cg,0.00256,30.7233,0.782372,30.128123,0.59517739,30.195379,0.52792096
2012cg,0.00256,30.7449,0.799068,30.128123,0.61677739,30.195379,0.54952096
2013dy,0.00293,31.5611,0.530838,30.421847,1.1392526,30.488918,1.0721822
2013dy,0.00293,31.499,0.514259,30.421847,1.0771526,30.488918,1.0100822
1994DRichmond,0.00299,30.7757,0.881212,30.46596,0.30973972,30.533001,0.24269948
1981B,0.0035,30.7946,0.614535,30.808752,-0.014152323,30.875536,-0.080936435
2001el,0.00357,31.5011,0.591006,30.851864,0.649236,30.918613,0.58248702
2021pit,0.00366,30.9999,0.566505,30.906071,0.093829187,30.972775,0.027125365
2011by,0.00369,31.7933,0.55272,30.923845,0.8694553,30.990533,0.80276653
1998aq,0.00369,31.4967,0.545492,30.923845,0.5728553,30.990533,0.50616653
2005df_ANU,0.00435,31.3779,0.479276,31.282203,0.095696761,31.348561,0.029338835
2005df,0.00435,31.3933,0.476404,31.282203,0.11109676,31.348561,0.044738835
2011B,0.00458,31.6512,0.514401,31.394448,0.25675206,31.460691,0.1905093
1980N,0.0046,31.2476,0.558603,31.403941,-0.15634132,31.470174,-0.22257406
2012fr,0.0046,31.2234,0.410577,31.403941,-0.18054132,31.470174,-0.24677406
1992A,0.0046,31.34,0.562589,31.403941,-0.06394132,31.470174,-0.13017406
2007on,0.0046,31.7635,0.574442,31.403941,0.35955868,31.470174,0.29332594
2007on,0.0046,31.6525,0.564724,31.403941,0.24855868,31.470174,0.18232594
2012fr,0.0046,31.1331,0.446882,31.403941,-0.27084132,31.470174,-0.33707406
1990N,0.00462,31.6969,0.550993,31.413394,0.28350635,31.479616,0.21728362
2012ht,0.00465,32.033,0.420403,31.427496,0.60550405,31.493704,0.53929634
2012ht,0.00465,31.9309,0.442017,31.427496,0.50340405,31.493704,0.43719634
2017cbv,0.00478,30.4013,0.578445,31.487576,-1.0862761,31.553719,-1.1524188
2017cbv,0.00478,30.5107,0.578546,31.487576,-0.9768761,31.553719,-1.0430188
2013aa,0.00478,30.5528,0.580251,31.487576,-0.9347761,31.553719,-1.0009188
2013aa,0.00478,30.4604,0.594683,31.487576,-1.0271761,31.553719,-1.0933188
2016coj,0.00489,31.9117,0.469628,31.537155,0.3745453,31.603242,0.30845767
SN2016coj,0.00489,31.8985,0.483668,31.537155,0.3613453,31.603242,0.29525767
2007gi,0.00505,31.7403,0.491367,31.60732,0.13297996,31.673328,0.06697236
2015F,0.00515,31.539,0.407028,31.650057,-0.11105722,31.716015,-0.17701483
2015F,0.00515,31.4473,0.448264,31.650057,-0.20275722,31.716015,-0.26871483
1994ae,0.0054,32.1822,0.339643,31.753385,0.42881541,31.819217,0.36298275
2014bv,0.00548,32.4001,0.482567,31.785445,0.61465514,31.851238,0.54886244
2019np,0.0055,32.4608,0.318474,31.793387,0.66741292,31.85917,0.60163021
2019np,0.0055,32.4338,0.32229,31.793387,0.64041292,31.85917,0.57463021
2006dd,0.00551,31.1857,0.452235,31.797347,-0.61164741,31.863125,-0.67742512
1981D,0.00551,30.9079,0.524992,31.797347,-0.88944741,31.863125,-0.95522512
2007le,0.00552,32.0203,0.538159,31.801301,0.21899941,31.867073,0.15322669
2007le,0.00552,32.0754,0.533991,31.801301,0.27409941,31.867073,0.20832669
2007le,0.00552,32.0843,0.537335,31.801301,0.28299941,31.867073,0.21722669
1998dm,0.00567,32.8333,0.562902,31.859757,0.97354279,31.925455,0.90784499
1995al,0.00592,32.3593,0.359446,31.953845,0.40545516,32.019418,0.33988214
2011iv,0.00594,31.2217,0.420706,31.9612,-0.73950008,32.026763,-0.80506312
2018gv,0.00596,31.9404,0.344335,31.968531,-0.028130698,32.034084,-0.09368376
2018gv,0.00596,31.9102,0.350249,31.968531,-0.058330698,32.034084,-0.12388376
2018gv,0.00596,32.0666,0.343707,31.968531,0.098069302,32.034084,0.03251624
2015bp,0.00603,32.4685,0.487055,31.993996,0.47450364,32.059514,0.4089855
1992G,0.00611,32.4405,0.439634,32.022742,0.417758,32.08822,0.35227977
2007af,0.00635,32.0999,0.322811,32.106783,-0.0068829411,32.172142,-0.072241504
2007af,0.00635,32.0667,0.32593,32.106783,-0.040082941,32.172142,-0.1054415
2007af,0.00635,32.0023,0.36156,32.106783,-0.10448294,32.172142,-0.1698415
2007af,0.00635,32.0337,0.339166,32.106783,-0.073082941,32.172142,-0.1384415
2007sr,0.0066,31.6799,0.375913,32.191028,-0.51112797,32.256262,-0.57636195
2007sr,0.0066,31.6292,0.385756,32.191028,-0.56182797,32.256262,-0.62706195
2003du,0.00664,32.7685,0.292411,32.204212,0.56428829,32.269426,0.49907423
2003du,0.00664,32.7943,0.289134,32.204212,0.59008829,32.269426,0.52487423
2003du,0.00664,32.7423,0.294759,32.204212,0.53808829,32.269426,0.47287423
2002fk,0.00668,32.4423,0.300309,32.217317,0.22498335,32.282511,0.15978922
2002fk,0.00668,32.4642,0.300269,32.217317,0.24688335,32.282511,0.18168922
2018aoz,0.00701,31.7282,0.501431,32.322544,-0.59434418,32.387574,-0.65937401
2005cf,0.00703,32.3327,0.348317,32.328762,0.0039377904,32.393782,-0.061082082
2005cf,0.00703,32.3221,0.322655,32.328762,-0.0066622096,32.393782,-0.071682082
2005cf,0.00703,32.3193,0.325586,32.328762,-0.0094622096,32.393782,-0.074482082
2008Q,0.00722,32.3312,0.373843,32.386971,-0.055770696,32.451896,-0.12069603
2008Q,0.00722,32.2998,0.396652,32.386971,-0.087170696,32.451896,-0.15209603
2017erp,0.00727,32.1729,0.371125,32.402035,-0.22913546,32.466936,-0.29403593
2017erp,0.00727,32.2048,0.34795,32.402035,-0.19723546,32.466936,-0.26213593
2017erp,0.00727,32.1951,0.34053,32.402035,-0.20693546,32.466936,-0.27183593
1991M,0.00758,33.2138,0.462834,32.493197,0.72060275,32.557944,0.65585641
2003kf,0.00769,32.6418,0.362719,32.524656,0.11714404,32.589348,0.052452363
1998dh,0.00769,32.6151,0.317457,32.524656,0.090444036,32.589348,0.025752363
1998dh,0.00769,32.7164,0.317031,32.524656,0.19174404,32.589348,0.12705236
ASASSN-15so,0.00773,32.7527,0.26758,32.535985,0.21671535,32.600656,0.15204355
2013gh,0.00775,32.6922,0.484865,32.541627,0.15057285,32.606289,0.085910988
2013gh,0.00775,32.521,0.465611,32.541627,-0.020627151,32.606289,-0.085289012
1995D,0.0078,32.484,0.342662,32.55567,-0.071670289,32.620307,-0.13630731
2012hr,0.00788,32.7092,0.367554,32.577954,0.13124583,32.642551,0.066648543
2001bg,0.00796,32.6928,0.359218,32.600014,0.092785788,32.664572,0.028228229
2009ig,0.00801,32.6707,0.286975,32.61369,0.057009934,32.678223,-0.0075227982
1997br,0.00801,31.7321,0.531169,32.61369,-0.88159007,32.678223,-0.9461228
2009ig,0.00801,32.7434,0.280148,32.61369,0.12970993,32.678223,0.065177202
2009ig,0.00801,32.3711,0.371926,32.61369,-0.24259007,32.678223,-0.3071228
1996X,0.00812,31.9733,0.415464,32.643481,-0.67018056,32.707959,-0.73465868
PSNJ0717457,0.00812,32.7223,0.383433,32.643481,0.078819444,32.707959,0.014341319
2019ein,0.00837,32.8616,0.327035,32.709721,0.1518794,32.774075,0.087525329
2005am,0.00841,32.335,0.337879,32.720136,-0.38513614,32.78447,-0.44947037
2005am,0.00841,32.3945,0.331296,32.720136,-0.32563614,32.78447,-0.38997037
2005am,0.00841,32.3744,0.338325,32.720136,-0.34573614,32.78447,-0.41007037
2002er,0.00853,32.799,0.368859,32.75109,0.047910159,32.815365,-0.016364557
2002er,0.00853,32.7498,0.409525,32.75109,-0.0012898409,32.815365,-0.065564557
2005W,0.00861,32.852,0.318032,32.771486,0.080513893,32.835721,0.016278843
1996Z,0.00867,32.4455,0.490787,32.78666,-0.34116008,32.850865,-0.40536538
PTF10icb,0.009,33.4753,0.372879,32.868295,0.60700471,32.932337,0.54296293
2009an,0.00921,33.2253,0.299086,32.91871,0.30658951,32.982648,0.24265172
2009an,0.00921,33.3378,0.306294,32.91871,0.41908951,32.982648,0.35515172
1997bp,0.00931,32.4198,0.425219,32.942318,-0.52251765,33.006206,-0.58640595
1998es,0.00957,32.9165,0.372831,33.002537,-0.086036797,33.066296,-0.14979645
1998es,0.00957,32.8029,0.35789,33.002537,-0.1996368,33.066296,-0.26339645
2021hpr,0.00958,33.0869,0.343916,33.00482,0.082079663,33.068575,0.018324958
2006D,0.00966,32.8914,0.286425,33.023004,-0.13160388,33.086719,-0.19531902
2006D,0.00966,32.9159,0.285505,33.023004,-0.10710388,33.086719,-0.17081902
2006D,0.00966,32.8973,0.282867,33.023004,-0.12570388,33.086719,-0.18941902
1999ac,0.00979,32.9674,0.341878,33.052236,-0.08483555,33.115886,-0.14848641
1999ac,0.00979,32.9182,0.365223,33.052236,-0.13403555,33.115886,-0.19768641
2004S,0.0098,33.1236,0.317227,33.054468,0.069131852,33.118114,0.0054859354
1997bq,0.00993,33.0683,0.324016,33.083288,-0.014987807,33.146869,-0.078569467
2008fv_comb,0.00993,33.1809,0.377969,33.083288,0.097612193,33.146869,0.034030533
2002cr,0.00998,33.2469,0.254885,33.094273,0.15262736,33.15783,0.089070406
1999cp,0.00998,33.0399,0.268981,33.094273,-0.054372643,33.15783,-0.11792959
1999cp,0.00998,33.2135,0.253629,33.094273,0.11922736,33.15783,0.055670406
2002cr,0.00998,33.2309,0.251906,33.094273,0.13662736,33.15783,0.073070406
2013cs,0.01029,32.3353,0.401367,33.161183,-0.82588258,33.224586,-0.8892864
ASASSN-16jf,0.0104,33.5709,0.314858,33.184445,0.38645528,33.247794,0.32310577
2006bh,0.01042,33.2788,0.247952,33.188648,0.090152059,33.251988,0.026812417
2013E,0.01042,32.7794,0.348547,33.188648,-0.40924794,33.251988,-0.47258758
1997do,0.01048,33.1081,0.364668,33.20121,-0.093109734,33.26452,-0.15641976
2002dp,0.01049,33.2931,0.27457,33.203296,0.089803577,33.266602,0.026498486
2002dp,0.01049,33.3806,0.309009,33.203296,0.17730358,33.266602,0.11399849
2009Y,0.0105,32.7458,0.360296,33.205381,-0.45958114,33.268681,-0.52288129
2009Y,0.0105,32.9015,0.334006,33.205381,-0.30388114,33.268681,-0.36718129
2009Y,0.0105,32.6457,0.409088,33.205381,-0.55968114,33.268681,-0.62298129
2002dj,0.01051,32.901,0.309548,33.207464,-0.30646388,33.270759,-0.3697591
2002dj,0.01051,32.8654,0.334488,33.207464,-0.34206388,33.270759,-0.4053591
2010ko,0.01096,33.8347,0.353909,33.299208,0.53549243,33.362281,0.47241917
2013ex,0.01096,33.4947,0.325172,33.299208,0.19549243,33.362281,0.13241917
2013ex,0.01096,33.4336,0.283424,33.299208,0.13439243,33.362281,0.071319173
2010Y,0.01142,33.7403,0.254135,33.389205,0.35109504,33.452052,0.28824843
2011ao,0.01168,33.4974,0.301502,33.438495,0.058904819,33.501214,-0.0038137998
2009ab,0.01189,33.5833,0.281169,33.477518,0.10578153,33.540134,0.043166232
2002ha,0.0122,33.708,0.24076,33.533893,0.17410732,33.596356,0.11164444
2002ha,0.0122,33.7246,0.250097,33.533893,0.19070732,33.596356,0.12824444
AT2017cfd,0.01222,33.5752,0.292564,33.537481,0.0377192,33.599934,-0.024733842
2017cfd,0.01222,33.5673,0.284786,33.537481,0.0298192,33.599934,-0.032633842
iPTF13ebh,0.01238,33.7337,0.342487,33.565978,0.16772213,33.628352,0.10534771
iPTF13ebh,0.01238,33.6369,0.29522,33.565978,0.070922126,33.628352,0.0085477063
2009kk,0.01244,33.7023,0.266666,33.57657,0.12572976,33.638915,0.063384815
2009kq,0.01247,33.5178,0.26619,33.581847,-0.064047449,33.644178,-0.12637766
2009kq,0.01247,33.5874,0.26006,33.581847,0.0055525512,33.644178,-0.056777656
2008R,0.0126,33.8286,0.265115,33.604571,0.22402914,33.666837,0.16176278
2001cz,0.01275,33.8783,0.346381,33.630503,0.24779681,33.692696,0.18560409
2007hj,0.01288,33.9846,0.299399,33.652734,0.33186556,33.714863,0.26973664
2007hj,0.01288,33.9682,0.303693,33.652734,0.31546556,33.714863,0.25333664
2007hj,0.01288,33.9247,0.304606,33.652734,0.27196556,33.714863,0.20983664
2001ep,0.01306,33.6365,0.287379,33.683152,-0.046651836,33.745192,-0.10869245
2001ep,0.01306,33.5028,0.331124,33.683152,-0.18035184,33.745192,-0.24239245
2013gy,0.01309,33.7355,0.239783,33.688181,0.047319019,33.750207,-0.014706877
2013gy,0.01309,33.7607,0.28722,33.688181,0.072519019,33.750207,0.010493123
1997E,0.01314,33.7649,0.288791,33.696538,0.068362437,33.758539,0.0063610622
1999dq,0.01334,33.52,0.273536,33.729652,-0.20965178,33.791555,-0.2715551
1999dq,0.01334,33.4717,0.261601,33.729652,-0.25795178,33.791555,-0.3198551
2008hv,0.0136,33.797,0.277855,33.771972,0.025027504,33.833748,-0.036748412
2008hv,0.0136,33.772,0.235755,33.771972,2.7504326e-05,33.833748,-0.061748412
2008hv,0.0136,33.7683,0.232778,33.771972,-0.0036724957,33.833748,-0.065448412
2007cv,0.01361,33.6741,0.345367,33.773584,-0.099484166,33.835355,-0.16125518
2005kc,0.01386,34.0249,0.352338,33.813499,0.21140074,33.875148,0.14975214
2005kc,0.01386,34.0187,0.307194,33.813499,0.20520074,33.875148,0.14355214
1999dk,0.014,33.8053,0.288803,33.835541,-0.030241384,33.897121,-0.091821453
1999dk,0.014,33.6651,0.296207,33.835541,-0.17044138,33.897121,-0.23202145
2011df,0.01402,33.8524,0.277558,33.838672,0.013727574,33.900243,-0.047842707
ASASSN-16dn,0.01406,33.8206,0.250873,33.844921,-0.024321264,33.906472,-0.085871971
2001bt,0.01407,33.7492,0.416658,33.846481,-0.097280722,33.908027,-0.15882654
2006N,0.01416,33.9078,0.240515,33.860467,0.047333335,33.921968,-0.014168448
2004eo,0.0142,33.8826,0.249316,33.866654,0.015945591,33.928137,-0.045536625
2003gt,0.01422,33.9253,0.243928,33.869742,0.055558188,33.931214,-0.0059142447
ASASSN-16la,0.01424,33.8444,0.265489,33.872825,-0.028424918,33.934288,-0.089887569
2013fa,0.01429,33.7894,0.397352,33.880514,-0.091113966,33.941952,-0.15255216
1992al,0.01434,33.6968,0.233531,33.888176,-0.19137642,33.94959,-0.25279017
2001fe,0.01448,33.8916,0.240694,33.909491,-0.017891408,33.970837,-0.079236709
PSNJ2043531,0.01449,34.1902,0.372674,33.911006,0.27919391,33.972347,0.2178535
2013gq,0.01457,33.7526,0.2163,33.923086,-0.17048643,33.984388,-0.23178774
2000dm,0.01472,34.0109,0.270222,33.945561,0.065338863,34.006789,0.0041108437
2005el,0.01483,33.974,0.229564,33.961899,0.012101021,34.023073,-0.049073266
2005el,0.01483,33.9261,0.231708,33.961899,-0.035798979,34.023073,-0.096973266
2011im,0.01493,34.2732,0.34036,33.976648,0.29655219,34.037773,0.23542673
2005de,0.01495,34.1793,0.26677,33.979586,0.19971415,34.040702,0.13859847
2005bo,0.01503,33.7553,0.390506,33.991299,-0.23599921,34.052376,-0.29707584
2005bo,0.01503,33.7189,0.39282,33.991299,-0.27239921,34.052376,-0.33347584
2006td,0.01504,34.1727,0.365029,33.992759,0.17994096,34.053831,0.11886921
2008ec,0.01506,34.1302,0.33431,33.995676,0.13452418,34.056738,0.073462196
2008ec,0.01506,34.1732,0.264363,33.995676,0.17752418,34.056738,0.1164622
2007ca,0.01509,34.3366,0.370715,34.000044,0.33655619,34.061091,0.27550885
2007ca,0.01509,34.1781,0.396908,34.000044,0.17805619,34.061091,0.11700885
2001cn,0.01509,33.8877,0.294985,34.000044,-0.11234381,34.061091,-0.17339115
2007ca,0.01509,34.252,0.397235,34.000044,0.25195619,34.061091,0.19090885
ATLAS16cxr,0.01518,34.3426,0.372888,34.013096,0.32950359,34.0741,0.26850017
ASASSN-16ad,0.01522,34.0334,0.344305,34.018873,0.014526994,34.079857,-0.046456905
2009nq,0.01527,34.1657,0.28688,34.026073,0.13962734,34.087032,0.078667835
SN2017jl,0.01529,33.7706,0.30219,34.028946,-0.25834599,34.089896,-0.31929574
1999ej,0.01534,34.2581,0.272528,34.036113,0.22198691,34.097038,0.16106156
1999ej,0.01534,34.2112,0.258071,34.036113,0.17508691,34.097038,0.11416156
2001en,0.01534,33.9994,0.28632,34.036113,-0.03671309,34.097038,-0.097638444
2001en,0.01534,33.8852,0.313932,34.036113,-0.15091309,34.097038,-0.21183844
2002cs,0.01538,34.0329,0.272511,34.04183,-0.0089301439,34.102736,-0.069835987
2008eo,0.01539,34.3317,0.278713,34.043257,0.28844289,34.104158,0.22754193
2001bf,0.01556,33.9004,0.218994,34.067376,-0.16697617,34.128194,-0.22779424
2001bf,0.01556,33.9926,0.239289,34.067376,-0.07477617,34.128194,-0.13559424
iPTF16auf,0.01566,34.0744,0.314862,34.081442,-0.0070423723,34.142212,-0.06781169
2013fw,0.0157,34.1608,0.218117,34.087044,0.07375601,34.147794,0.013006188
2008bc,0.01572,34.0331,0.226465,34.08984,-0.056739507,34.15058,-0.11747958
1999aa,0.01579,34.1323,0.209471,34.099596,0.032703812,34.160302,-0.028002151
ASASSN-15oh,0.01579,34.3916,0.270341,34.099596,0.29200381,34.160302,0.23129785
1999aa,0.01579,34.1663,0.242893,34.099596,0.066703812,34.160302,0.0059978491
iPTF13dge,0.01581,34.2793,0.261916,34.102376,0.17692405,34.163072,0.11622783
2001V,0.01592,33.7902,0.290577,34.117603,-0.32740277,34.178245,-0.3880454
2001V,0.01592,33.8072,0.290395,34.117603,-0.31040277,34.178245,-0.3710454
2010kg,0.01595,33.9999,0.334729,34.121737,-0.12183748,34.182365,-0.18246549
PSNJ0107203,0.01601,33.9673,0.284408,34.129984,-0.16268388,34.190583,-0.22328267
1998ef,0.0161,33.841,0.289311,34.142296,-0.30129634,34.202851,-0.3618513
1998ef,0.0161,33.8975,0.264562,34.142296,-0.24479634,34.202851,-0.3053513
2013Q,0.01612,33.9726,0.41528,34.145023,-0.1724232,34.205568,-0.23296842
1994S,0.01619,34.0287,0.224824,34.154541,-0.12584093,34.215052,-0.18635207
2007ss,0.01619,34.4137,0.34637,34.154541,0.25915907,34.215052,0.19864793
2013hn,0.01629,34.0697,0.290382,34.168067,-0.098367331,34.22853,-0.1588298
2005al,0.01629,33.9986,0.219937,34.168067,-0.16946733,34.22853,-0.2299298
SN2016gfr,0.0163,33.8985,0.245383,34.169415,-0.27091545,34.229873,-0.33137306
ASASSN-16ip,0.01632,34.1679,0.246475,34.172109,-0.0042092444,34.232557,-0.064657117
2007fs,0.01633,34.3408,0.198023,34.173455,0.16734508,34.233898,0.10690208
iPTF14bdn,0.01636,34.1062,0.281582,34.177487,-0.07128705,34.237915,-0.13171546
2007A,0.01646,34.5341,0.341619,34.190875,0.34322511,34.251255,0.28284535
2007A,0.01646,34.4649,0.358327,34.190875,0.27402511,34.251255,0.21364535
2004fz,0.01646,33.7799,0.330633,34.190875,-0.41097489,34.251255,-0.47135465
2000dk,0.01649,34.1517,0.257136,34.194876,-0.043175568,34.255241,-0.10354073
2000dk,0.01649,34.1436,0.28269,34.194876,-0.051275568,34.255241,-0.11164073
2001da,0.01658,34.2003,0.325329,34.206835,-0.0065345604,34.267156,-0.066855944
2001da,0.01658,34.022,0.308995,34.206835,-0.18483456,34.267156,-0.24515594
1997Y,0.01661,34.1973,0.214463,34.210807,-0.013506634,34.271113,-0.073813427
ASASSN-15ti,0.01671,34.4894,0.310314,34.223996,0.26540415,34.284254,0.20514599
1996bv,0.01673,34.0755,0.297815,34.226624,-0.15112432,34.286873,-0.21137277
ASASSN-15od,0.01678,34.3409,0.228387,34.233182,0.10771805,34.293406,0.047493909
2007fb,0.0168,34.4009,0.221698,34.2358,0.1651004,34.296014,0.10488599
2007fb,0.0168,34.5101,0.231239,34.2358,0.2743004,34.296014,0.21408599
2006ef,0.01694,34.361,0.220285,34.254037,0.10696268,34.314184,0.0468163
ASASSN-15kx,0.01697,34.6084,0.219814,34.257926,0.35047398,34.318058,0.29034218
2008C,0.01709,34.2669,0.262425,34.273413,-0.0065131688,34.333487,-0.066586669
2008C,0.01709,34.31,0.263557,34.273413,0.036586831,34.333487,-0.023486669
1998V,0.01718,34.1465,0.231417,34.284958,-0.13845816,34.344988,-0.19848795
2008L,0.01734,34.3364,0.210115,34.305336,0.031064198,34.365288,-0.028887902
2008L,0.01734,34.2464,0.213428,34.305336,-0.058935802,34.365288,-0.1188879
2009le,0.01739,34.2939,0.246602,34.311666,-0.017765725,34.371594,-0.077693554
2009le,0.01739,34.2418,0.22287,34.311666,-0.069865725,34.371594,-0.12979355
2013gs,0.01748,34.2221,0.320412,34.323014,-0.1009144,34.382899,-0.16079855
2000dr,0.01765,34.2975,0.318912,34.344294,-0.046794154,34.404096,-0.10659582
2006ax,0.01774,34.3133,0.19782,34.355478,-0.042178073,34.415236,-0.10193609
2006ax,0.01774,34.3228,0.200241,34.355478,-0.032678073,34.415236,-0.092436085
2007as,0.01791,34.2661,0.234211,34.376451,-0.11035116,34.436127,-0.17002675
ASASSN-17co,0.01791,34.2005,0.280568,34.376451,-0.17595116,34.436127,-0.23562675
PS15coh,0.01796,34.4393,0.226901,34.382582,0.056717694,34.442234,-0.0029336506
1992bo,0.01805,34.6078,0.20147,34.393576,0.214224,34.453184,0.15461628
2011fs,0.01822,34.5466,0.215514,34.414195,0.13240506,34.47372,0.072879701
2011fs,0.01822,34.4866,0.321023,34.414195,0.072405056,34.47372,0.012879701
2008hs,0.01835,34.7394,0.433516,34.429835,0.30956542,34.489297,0.25010303
2008hs,0.01835,34.757,0.466611,34.429835,0.32716542,34.489297,0.26770303
ASASSN-16cs,0.01839,34.4286,0.281407,34.434625,-0.0060247709,34.494068,-0.065467791
ATLAS16cpu,0.01851,34.5716,0.239989,34.448934,0.12266614,34.508319,0.063281223
2016ffh,0.01851,34.6171,0.238984,34.448934,0.16816614,34.508319,0.10878122
2016W,0.01855,34.3648,0.295725,34.453683,-0.088883202,34.513049,-0.14824876
2002jy,0.0187,34.9988,0.187715,34.471404,0.52739635,34.530697,0.46810338
2000cu,0.01902,34.6066,0.277471,34.508743,0.097857104,34.567881,0.038718911
2010ai,0.01918,34.9792,0.21848,34.527181,0.45201939,34.586241,0.39295854
2009gf,0.01925,34.492,0.255362,34.535199,-0.04319943,34.594226,-0.10222645
2009gf,0.01925,34.576,0.296243,34.535199,0.04080057,34.594226,-0.018226451
2006ej,0.01926,34.5995,0.188309,34.536343,0.063157375,34.595365,0.0041351855
2006ej,0.01926,34.6482,0.187832,34.536343,0.11185737,34.595365,0.052835185
2006ej,0.01926,34.5012,0.295566,34.536343,-0.035142625,34.595365,-0.094164815
2006ej,0.01926,34.576,0.189903,34.536343,0.039657375,34.595365,-0.019364815
2002kf,0.01948,34.6854,0.204275,34.561346,0.12405418,34.620262,0.065138263
2006kf,0.01955,34.8085,0.195531,34.569243,0.23925702,34.628125,0.18037491
2006kf,0.01955,34.7747,0.195403,34.569243,0.20545702,34.628125,0.14657491
1992bc,0.01976,34.5121,0.199486,34.592768,-0.080668134,34.651549,-0.13944887
SN2016ajf,0.01978,34.7627,0.339971,34.594996,0.16770425,34.653767,0.10893317
2001dl,0.01983,35.1263,0.375783,34.600555,0.52574493,34.659302,0.46699798
2007au,0.01992,34.6865,0.406241,34.610527,0.075972912,34.669231,0.017269384
AT2016eoa,0.01993,34.6693,0.230687,34.611632,0.057667654,34.670331,-0.0010310496
ASASSN-16lc,0.02001,34.6956,0.216494,34.620455,0.075145237,34.679115,0.016485123
ASASSN-17bs,0.02014,34.5647,0.249505,34.634717,-0.070017254,34.693315,-0.12861467
2018fop,0.02017,34.5899,0.199177,34.637996,-0.048095701,34.696579,-0.10667866
ATLAS16dqf,0.02019,34.5749,0.375822,34.640179,-0.065278662,34.698752,-0.12385197
2016hpw,0.02019,34.8165,0.241825,34.640179,0.17632134,34.698752,0.11774803
2009ds,0.02033,34.5072,0.233893,34.6554,-0.14819993,34.713906,-0.20670576
2009ds,0.02033,34.702,0.19246,34.6554,0.046600068,34.713906,-0.01190576
PSNJ1602512,0.02039,34.556,0.333904,34.661892,-0.10589171,34.720369,-0.16436863
2001br,0.02046,34.8118,0.300223,34.669442,0.14235831,34.727885,0.083915127
2007st,0.02061,34.4168,0.217156,34.685535,-0.2687348,34.743906,-0.32710573
2005ki,0.02066,34.5709,0.187708,34.690874,-0.11997352,34.74922,-0.17832036
2005ki,0.02066,34.4931,0.19075,34.690874,-0.19777352,34.74922,-0.25612036
2005ki,0.02066,34.5656,0.177716,34.690874,-0.12527352,34.74922,-0.18362036
2010A,0.02079,34.4863,0.330445,34.704695,-0.21839478,34.762979,-0.27667903
2003W,0.02087,34.6349,0.254511,34.713158,-0.078257883,34.771404,-0.13650362
2003W,0.02087,34.674,0.230899,34.713158,-0.039157883,34.771404,-0.097403623
ASASSN-16lg,0.02093,34.375,0.203089,34.719484,-0.34448425,34.777701,-0.40270111
ASASSN-15uv,0.02104,34.6114,0.393324,34.731036,-0.11963629,34.7892,-0.17780022
ASASSN-15lg,0.02121,34.6552,0.214591,34.748773,-0.093572853,34.806855,-0.15165501
2006et,0.0214,34.7742,0.253646,34.768431,0.0057689901,34.826422,-0.05222181
2006et,0.0214,34.7583,0.283448,34.768431,-0.01013101,34.826422,-0.06812181
2008Z,0.02146,35.118,0.310686,34.774603,0.34339688,34.832565,0.28543492
2008Z,0.02146,35.2056,0.304103,34.774603,0.43099688,34.832565,0.37303492
ASASSN-18da,0.02157,34.7709,0.195863,34.785875,-0.014974625,34.843784,-0.072883722
2006dm,0.02161,34.8059,0.18018,34.789959,0.015940686,34.847849,-0.041949191
2006dm,0.02161,34.8234,0.25811,34.789959,0.033440686,34.847849,-0.024449191
2009dc,0.02179,34.3468,0.19901,34.808249,-0.46144869,34.866052,-0.51925211
2000fa,0.02181,34.759,0.288719,34.810272,-0.05127165,34.868065,-0.10906546
2000fa,0.02181,34.7997,0.25527,34.810272,-0.01057165,34.868065,-0.068365457
2007bc,0.02187,34.7344,0.177177,34.81633,-0.081929572,34.874095,-0.13969457
2007bc,0.02187,34.7419,0.187753,34.81633,-0.074429572,34.874095,-0.13219457
2007bc,0.02187,34.7561,0.180584,34.81633,-0.060229572,34.874095,-0.11799457
1995ak,0.02193,34.6739,0.247785,34.822371,-0.14847114,34.880107,-0.20620733
ASASSN-18iu,0.02202,34.8847,0.186029,34.831403,0.053296972,34.889096,-0.0043960112
2004bw,0.02207,34.8194,0.196425,34.836405,-0.017005041,34.894074,-0.074674027
2009na,0.02209,34.7477,0.199095,34.838403,-0.090702722,34.896062,-0.14836211
2004bg,0.02214,34.8704,0.204479,34.843389,0.027010862,34.901025,-0.03062453
2004bg,0.02214,34.7727,0.199004,34.843389,-0.070689138,34.901025,-0.12832453
2002cu,0.02217,34.7814,0.224663,34.846376,-0.064975665,34.903997,-0.12259666
ASASSN-15tz,0.0222,34.9543,0.274039,34.849358,0.10494179,34.906965,0.047335182
PS15cku,0.02222,35.0537,0.229702,34.851344,0.20235562,34.908941,0.14475862
2002ef,0.02224,34.6849,0.358325,34.853329,-0.16842878,34.910916,-0.22601619
2006bq,0.02226,34.8693,0.2033,34.855311,0.013988579,34.912889,-0.04358924
ATLAS16dpb,0.02238,35.0481,0.288632,34.867171,0.18092944,34.924691,0.12340917
2001cp,0.02245,34.9654,0.216973,34.87406,0.091340493,34.931546,0.033853798
ASASSN-17aj,0.02253,34.7306,0.243141,34.881907,-0.15130673,34.939355,-0.20875507
ASASSN-16bn,0.02253,35.0392,0.214526,34.881907,0.15729327,34.939355,0.099844932
2008ia,0.02257,34.9245,0.169837,34.88582,0.038679946,34.943249,-0.018749218
2000cn,0.0226,34.9712,0.237284,34.888751,0.082449432,34.946165,0.025034647
2000cn,0.0226,34.9992,0.267367,34.888751,0.11044943,34.946165,0.053034647
ASASSN-14fa,0.02262,34.883,0.27497,34.890702,-0.0077021171,34.948107,-0.065107316
1999dg,0.02263,34.8589,0.246447,34.891677,-0.032777254,34.949078,-0.09017766
2007qe,0.0228,35.0406,0.206572,34.90819,0.13241002,34.965509,0.075091075
2007qe,0.0228,34.9509,0.259128,34.90819,0.042710019,34.965509,-0.014608925
2004at,0.02287,34.9168,0.178524,34.914954,0.0018458729,34.97224,-0.055439538
SNF20080514-002,0.02292,35.0136,0.216159,34.919773,0.093826809,34.977035,0.036565347
2007ci,0.02295,34.6478,0.266962,34.92266,-0.27485966,34.979907,-0.33210676
2007ci,0.02295,34.4301,0.279423,34.92266,-0.49255966,34.979907,-0.54980676
ASASSN-16em,0.02296,34.994,0.277383,34.923621,0.070379005,34.980863,0.013136699
2006sr,0.02307,34.9949,0.180801,34.934169,0.060731478,34.991358,0.0035418441
ASASSN-15nr,0.02309,34.8331,0.263771,34.936081,-0.10298093,34.993261,-0.16016099
2009cz,0.02315,34.8582,0.260273,34.941808,-0.083608398,34.99896,-0.14075973
2009cz,0.02315,34.8582,0.170636,34.941808,-0.083608398,34.99896,-0.14075973
2014ai,0.02317,35.0225,0.271221,34.943714,0.078785694,35.000856,0.021643932
2009jb,0.02324,34.7666,0.340338,34.950372,-0.18377225,35.007481,-0.24088051
2009al,0.02328,34.9851,0.282579,34.954168,0.030932065,35.011257,-0.026157053
2009al,0.02328,35.0081,0.221692,34.954168,0.053932065,35.011257,-0.0031570526
2009al,0.02328,34.9783,0.225403,34.954168,0.024132065,35.011257,-0.032957053
ATLAS17bas,0.02331,34.5715,0.261746,34.95701,-0.38551049,35.014085,-0.44258525
2006cp,0.02334,34.8603,0.24312,34.959849,-0.099549439,35.01691,-0.15660985
2006cp,0.02334,34.7714,0.302654,34.959849,-0.18844944,35.01691,-0.24550985
ASASSN-15sf,0.02349,35.2317,0.235205,34.973991,0.25770946,35.030979,0.20072081
2017hoq,0.0235,34.985,0.19074,34.97493,0.010069882,35.031914,-0.046913987
1998eg,0.02358,35.1018,0.195014,34.982433,0.1193674,35.039378,0.062421788
2010cr,0.02368,35.2685,0.304874,34.991776,0.27672445,35.048673,0.21982665
ASASSN-15il,0.02374,34.8584,0.20127,34.997363,-0.13896271,35.054232,-0.19583182
AT2017cfb,0.02382,34.8438,0.220547,35.004791,-0.16099066,35.061622,-0.21782154
PS16ccn,0.02395,35.1784,0.189112,35.016809,0.16159111,35.073578,0.10482234
2006ac,0.02395,34.9871,0.184147,35.016809,-0.029708894,35.073578,-0.086477658
2006ac,0.02395,34.953,0.198064,35.016809,-0.063808894,35.073578,-0.12057766
ASASSN-15jt,0.02396,34.889,0.403697,35.017731,-0.12873071,35.074495,-0.1854947
2003he,0.02404,35.0862,0.240547,35.025092,0.061108336,35.081817,0.0043825647
2004bk,0.02405,34.8391,0.21588,35.02601,-0.18691009,35.082731,-0.24363108
ASASSN-16hz,0.02406,34.8112,0.317595,35.026928,-0.21572814,35.083644,-0.27244435
2003it,0.02413,35.079,0.205996,35.033344,0.04565602,35.090027,-0.011026768
2005bg,0.02414,35.0102,0.201948,35.034259,-0.024059034,35.090937,-0.080737046
2007F,0.0242,35.084,0.183555,35.039742,0.044258461,35.096391,-0.012390901
2007F,0.0242,34.9421,0.208286,35.039742,-0.097641539,35.096391,-0.1542909
2000bh,0.02421,34.8782,0.224067,35.040654,-0.16245399,35.097299,-0.21909858
2010ao,0.02422,34.943,0.2098,35.041566,-0.098566069,35.098206,-0.15520588
AT2016bln,0.02425,35.0771,0.195416,35.0443,0.032799913,35.100926,-0.023825577
2004br,0.02426,34.807,0.18246,35.045211,-0.23821069,35.101831,-0.2948314
1994M,0.02426,34.9528,0.213795,35.045211,-0.092410687,35.101831,-0.1490314
2010gp,0.02436,34.4711,0.398476,35.054296,-0.58319643,35.110869,-0.63976941
PS1-14xw,0.02436,35.1049,0.31033,35.054296,0.05060357,35.110869,-0.0059694128
2011dn,0.02443,34.4583,0.333265,35.060635,-0.60233464,35.117174,-0.65887422
2018enc,0.0245,34.9998,0.217718,35.066955,-0.067155021,35.123461,-0.1236612
1993H,0.0245,35.1803,0.232251,35.066955,0.11334498,35.123461,0.056838804
2008bf,0.02451,35.0521,0.231261,35.067856,-0.015756481,35.124358,-0.072257886
2008bf,0.02451,34.8898,0.233972,35.067856,-0.17805648,35.124358,-0.23455789
2008bf,0.02451,35.1061,0.235556,35.067856,0.038243519,35.124358,-0.018257886
2000ca,0.02454,34.8993,0.190331,35.070559,-0.17125869,35.127046,-0.22774579
2002he,0.02469,35.1139,0.15531,35.084021,0.029878798,35.140437,-0.026536747
2002he,0.02469,35.1145,0.174825,35.084021,0.030478798,35.140437,-0.025936747
PSNJ0153424,0.02474,35.1828,0.233724,35.088491,0.094309166,35.144883,0.037917465
2009D,0.02476,35.008,0.162015,35.090276,-0.0822762,35.146658,-0.13865836
2009D,0.02476,34.9493,0.170871,35.090276,-0.1409762,35.146658,-0.19735836
2009D,0.02476,35.0746,0.209952,35.090276,-0.0156762,35.146658,-0.072058365
2007cq,0.02481,35.009,0.176889,35.094733,-0.085733416,35.151092,-0.14209174
2007cq,0.02481,34.8369,0.288042,35.094733,-0.25783342,35.151092,-0.31419174
2007cq,0.02481,34.8482,0.181918,35.094733,-0.24653342,35.151092,-0.30289174
2001cj,0.02491,35.1973,0.228493,35.103621,0.093678591,35.159932,0.037367935
SN2017hn,0.02492,35.0621,0.190177,35.104508,-0.042408278,35.160814,-0.098714167
2002bf,0.02494,34.9063,0.269066,35.106281,-0.19998097,35.162577,-0.25627732
2002bf,0.02494,34.9441,0.240723,35.106281,-0.16218097,35.162577,-0.21847732
AT2017cfc,0.02499,35.0276,0.190198,35.110707,-0.083106576,35.166979,-0.1393791
2012bh,0.025,35.1989,0.238281,35.111591,0.087309347,35.167858,0.031041584
2007sw,0.025,34.9117,0.306484,35.111591,-0.19989065,35.167858,-0.25615842
370356,0.025,35.2277,0.204374,35.111591,0.11610935,35.167858,0.059841584
PS15ahs,0.02522,35.1974,0.185937,35.130953,0.066447121,35.187116,0.010284168
PSNJ2352371,0.02525,35.4014,0.200491,35.13358,0.26781969,35.189729,0.21167103
SN2017ms,0.02538,35.1181,0.200181,35.14493,-0.026830473,35.201017,-0.082917235
2018jjd,0.02547,34.9842,0.185284,35.152755,-0.16855485,35.208799,-0.22459877
Gaia16agf,0.02553,35.2152,0.268527,35.157956,0.057243987,35.213971,0.0012286276
ASASSN-15uu,0.02579,35.0223,0.372346,35.180356,-0.15805642,35.236248,-0.21394808
ASASSN-16bq,0.02582,35.1882,0.176701,35.182927,0.005273217,35.238804,-0.050604173
2005M,0.02584,35.2931,0.179545,35.184639,0.10846127,35.240507,0.052593392
2005M,0.02584,34.835,0.348314,35.184639,-0.34963873,35.240507,-0.40550661
2005M,0.02584,35.1081,0.198242,35.184639,-0.07653873,35.240507,-0.13240661
1992ag,0.02592,34.7664,0.344692,35.191474,-0.42507352,35.247303,-0.48090335
2005ms,0.02595,35.308,0.179587,35.194031,0.11396878,35.249847,0.058153208
2005mc,0.02597,35.3429,0.323231,35.195735,0.14716526,35.251541,0.091359196
2005mc,0.02597,35.2855,0.288909,35.195735,0.08976526,35.251541,0.033959196
1999gp,0.02603,35.2892,0.205883,35.200838,0.088362423,35.256615,0.032584881
1999gp,0.02603,35.2688,0.183373,35.200838,0.067962423,35.256615,0.012184881
SN2017mf,0.02618,35.3111,0.17873,35.213544,0.097555727,35.269251,0.041849475
2002eb,0.02633,35.2673,0.172357,35.22618,0.041120371,35.281815,-0.014514617
SNF20071021-000,0.0264,35.3224,0.216057,35.232052,0.090348057,35.287654,0.034746316
1992P,0.02643,35.313,0.220137,35.234564,0.078436032,35.290151,0.022848538
ASASSN-17at,0.02643,35.2513,0.18676,35.234564,0.016736032,35.290151,-0.038851462
2007co,0.02655,35.227,0.261645,35.244584,-0.017584131,35.300115,-0.073114646
2007co,0.02655,35.1118,0.346591,35.244584,-0.13278413,35.300115,-0.18831465
2007co,0.02655,35.3437,0.230789,35.244584,0.099115869,35.300115,0.043585354
2007su,0.0266,35.3042,0.352852,35.248746,0.055453927,35.304253,-5.2852377e-05
ASASSN-16av,0.02676,35.3467,0.289875,35.262013,0.084687168,35.317444,0.029256324
ASASSN-15mf,0.02691,35.1184,0.181369,35.27438,-0.15597984,35.32974,-0.21133952
2010ii,0.02704,35.1306,0.184771,35.285043,-0.15444327,35.340341,-0.2097413
2005na,0.02717,35.1538,0.186856,35.295656,-0.14185647,35.350893,-0.19709286
2005na,0.02717,35.113,0.172724,35.295656,-0.18265647,35.350893,-0.23789286
2005na,0.02717,35.1117,0.170295,35.295656,-0.18395647,35.350893,-0.23919286
ASASSN-15fa,0.02721,35.5236,0.225337,35.298912,0.22468796,35.354129,0.16947053
2013fn,0.02724,35.2892,0.298907,35.301351,-0.012150633,35.356554,-0.067353845
2008ar,0.02732,35.359,0.180243,35.307841,0.051159322,35.363006,-0.0040059772
2008ar,0.02732,35.4368,0.180322,35.307841,0.12895932,35.363006,0.073794023
2008ar,0.02732,35.2913,0.178243,35.307841,-0.016540678,35.363006,-0.071705977
PSNJ0252467,0.02748,35.3613,0.190628,35.320765,0.040535029,35.375854,-0.014554467
2006ev,0.02759,35.6739,0.216353,35.329608,0.34429237,35.384645,0.28925497
2006gj,0.0277,35.7258,0.321699,35.338416,0.38738425,35.393401,0.33239894
2011hb,0.02775,35.2874,0.292934,35.342408,-0.055008094,35.39737,-0.10996974
2002el,0.02778,35.1049,0.181734,35.3448,-0.23990011,35.399748,-0.29484756
SN2017ckx,0.02779,35.6596,0.251383,35.345597,0.31400311,35.40054,0.2590604
2003U,0.02794,35.2665,0.177545,35.357515,-0.091014868,35.412387,-0.14588659
AT2017ns,0.02802,35.1963,0.366604,35.363845,-0.16754547,35.418679,-0.22237934
1998ab,0.02806,34.9487,0.227749,35.367004,-0.41830412,35.421819,-0.47311907
2009aa,0.02827,35.3174,0.173415,35.383515,-0.066114868,35.438231,-0.12083051
1993ah,0.02828,35.2763,0.655117,35.384298,-0.10799809,35.439009,-0.16270901
2004gs,0.02829,35.5996,0.235009,35.385081,0.21451896,35.439787,0.15981277
2005eq,0.02831,35.558,0.160985,35.386646,0.17135388,35.441343,0.11665714
2005eq,0.02831,35.5061,0.163093,35.386646,0.11945388,35.441343,0.064757143
2005eq,0.02831,35.5563,0.160218,35.386646,0.16965388,35.441343,0.11495714
2009ad,0.02834,35.372,0.160301,35.388992,-0.016991712,35.443674,-0.071674268
2009ad,0.02834,35.3421,0.156527,35.388992,-0.046891712,35.443674,-0.10157427
PS16cvc,0.02844,35.6948,0.183345,35.396793,0.29800721,35.451428,0.24337192
ASASSN-15la,0.02845,35.0558,0.218663,35.397571,-0.34177142,35.452202,-0.39640198
ASASSN-15fs,0.0285,35.2391,0.185823,35.401461,-0.16236053,35.456067,-0.21696747
2013bs,0.02859,35.4105,0.201911,35.408444,0.002055917,35.463009,-0.052508502
2006qo,0.02871,35.4779,0.275376,35.417722,0.060177988,35.47223,0.0056702493
PSNJ0859349,0.02874,35.472,0.225755,35.420036,0.05196445,35.474529,-0.0025291203
1996C,0.02875,35.5152,0.250819,35.420806,0.094393798,35.475295,0.039904949
LSQ12gdj,0.02886,35.0939,0.272694,35.429266,-0.33536607,35.483703,-0.38980298
2003ch,0.02895,35.6024,0.169987,35.436164,0.16623572,35.490559,0.1118413
ASASSN-16ay,0.02895,35.6222,0.299966,35.436164,0.18603572,35.490559,0.1316413
2000cw,0.02896,35.6079,0.224233,35.436929,0.17097055,35.491319,0.11658085
ASASSN-16br,0.029,35.5064,0.190895,35.439988,0.066412469,35.494358,0.01204164
Gaia16bba,0.02934,35.4354,0.185335,35.465815,-0.030415449,35.520026,-0.084625886
ASASSN-16hh,0.02935,35.5015,0.190369,35.466571,0.034929358,35.520776,-0.019276364
2007is,0.02953,35.3449,0.211378,35.480121,-0.13522113,35.534242,-0.189342
1997dg,0.02962,35.861,0.192522,35.486866,0.37413397,35.540944,0.32005552
AT2016cyt,0.02965,35.3586,0.164518,35.48911,-0.13050987,35.543174,-0.18457418
ASASSN-16es,0.02973,35.5345,0.258248,35.495083,0.039417442,35.549109,-0.014609179
2004ef,0.02978,35.5195,0.196088,35.498807,0.020692507,35.552811,-0.033310561
2004ef,0.02978,35.4838,0.199296,35.498807,-0.015007493,35.552811,-0.069010561
2004ef,0.02978,35.4761,0.233488,35.498807,-0.022707493,35.552811,-0.076710561
ASASSN-16hr,0.0298,35.4648,0.278746,35.500296,-0.03549575,35.554289,-0.089489398
ATLAS17ajn,0.02988,35.5116,0.190788,35.506239,0.0053609977,35.560195,-0.048594972
ASASSN-16fs,0.0299,35.2761,0.180915,35.507722,-0.23162238,35.561669,-0.28556893
ASASSN-16fo,0.02994,35.4803,0.173804,35.510686,-0.030386212,35.564614,-0.084313928
AT2017lm,0.03002,35.5542,0.216273,35.516602,0.037597748,35.570492,-0.016292303
ASASSN-15uw,0.03004,35.6084,0.212671,35.518079,0.090321153,35.571959,0.036440518
PS15cwx,0.03007,35.4164,0.184841,35.520292,-0.10389193,35.574158,-0.15775845
SNF20080909-030,0.03013,35.565,0.183722,35.524712,0.04028838,35.57855,-0.013549893
ASASSN-15nq,0.03025,35.5185,0.166012,35.533525,-0.015025168,35.587307,-0.068806973
AT2017zd,0.03048,35.2781,0.194122,35.550322,-0.27222242,35.603996,-0.32589604
2002de,0.0305,35.3638,0.283742,35.551777,-0.18797718,35.605441,-0.24164139
ASASSN-16aj,0.03053,35.4654,0.177866,35.553958,-0.088557559,35.607608,-0.14220767
2009fv,0.03072,35.3374,0.375292,35.567718,-0.23031806,35.621279,-0.28387886
2009fv,0.03072,35.406,0.332119,35.567718,-0.16171806,35.621279,-0.21527886
2009eu,0.03072,35.9224,0.399302,35.567718,0.35468194,35.621279,0.30112114
2006bw,0.03075,35.6231,0.320886,35.569883,0.053216854,35.62343,-0.00032984118
2006en,0.03081,35.6474,0.19424,35.574207,0.073192889,35.627726,0.019674388
2000dn,0.03081,35.707,0.22057,35.574207,0.13279289,35.627726,0.079274388
CSS160428,0.03081,35.7017,0.164289,35.574207,0.12749289,35.627726,0.073974388
2006en,0.03081,35.6847,0.188076,35.574207,0.11049289,35.627726,0.056974388
1990O,0.03093,35.4926,0.166476,35.58283,-0.090230341,35.636292,-0.14369247
AT2017wb,0.03093,35.5304,0.283582,35.58283,-0.052430341,35.636292,-0.10589247
2013fy,0.03099,35.3522,0.343157,35.58713,-0.23492967,35.640564,-0.28836361
2008gg,0.03107,35.67,0.236835,35.592849,0.07715056,35.646246,0.023754185
2008gg,0.03107,35.5409,0.184896,35.592849,-0.05194944,35.646246,-0.10534582
ASASSN-15hg,0.03107,35.6461,0.196214,35.592849,0.05325056,35.646246,-0.00014581537
2010gn,0.03123,35.9119,0.273901,35.604246,0.30765418,35.657567,0.25433292
1999cc,0.03132,35.5877,0.169094,35.610631,-0.022931173,35.66391,-0.076210191
2001ba,0.03136,35.6481,0.206672,35.613463,0.034636661,35.666724,-0.018623588
2007bd,0.03141,35.5793,0.14868,35.616999,-0.037698575,35.670235,-0.090935363
2007bd,0.03141,35.4841,0.153803,35.616999,-0.13289858,35.670235,-0.18613536
2007bd,0.03141,35.4957,0.175954,35.616999,-0.12129858,35.670235,-0.17453536
MASTEROTJ08,0.03156,35.6675,0.174531,35.627571,0.039928696,35.680738,-0.013237727
2006az,0.03158,35.4896,0.148675,35.628977,-0.13937728,35.682134,-0.19253432
010026,0.03174,35.6746,0.20211,35.640194,0.034406201,35.693276,-0.01867582
2007ux,0.03183,35.6656,0.274525,35.646479,0.01912122,35.699519,-0.033918613
2007ux,0.03183,35.8808,0.19004,35.646479,0.23432122,35.699519,0.18128139
ASASSN-15pr,0.03189,35.9082,0.198168,35.650659,0.25754089,35.703671,0.20452918
AT2017po,0.03201,35.576,0.196814,35.658997,-0.082996701,35.711952,-0.13595219
ASASSN-16oz,0.03207,35.4592,0.276064,35.663154,-0.20395403,35.716081,-0.25688141
2006os,0.03212,35.7992,0.326022,35.666613,0.13258735,35.719517,0.07968339
2006te,0.03212,35.7248,0.15355,35.666613,0.058187347,35.719517,0.0052833898
2007ai,0.03212,35.8577,0.294619,35.666613,0.19108735,35.719517,0.13818339
2007ai,0.03212,35.8562,0.258808,35.666613,0.18958735,35.719517,0.13668339
2006bt,0.03241,35.772,0.224228,35.686569,0.085430688,35.739337,0.03266251
2006bt,0.03241,35.7428,0.226764,35.686569,0.056230688,35.739337,0.00346251
2006bt,0.03241,35.7867,0.216659,35.686569,0.10013069,35.739337,0.04736251
2008gp,0.03245,35.7268,0.162633,35.689308,0.037491775,35.742058,-0.015257682
2008gp,0.03245,35.6643,0.150947,35.689308,-0.025008225,35.742058,-0.077757682
2008gl,0.03246,35.6431,0.148421,35.689992,-0.046892437,35.742737,-0.099637214
2008gl,0.03246,35.6366,0.169859,35.689992,-0.053392437,35.742737,-0.10613721
2008gl,0.03246,35.6638,0.156049,35.689992,-0.026192437,35.742737,-0.078937214
2004as,0.0325,35.7324,0.22019,35.692727,0.039672778,35.745453,-0.01305328
2004as,0.0325,35.8907,0.225741,35.692727,0.19797278,35.745453,0.14524672
ATLAS17axb,0.03264,35.5602,0.185563,35.702273,-0.14207309,35.754934,-0.19473365
2008bq,0.03279,35.7279,0.17805,35.712456,0.015443569,35.765047,-0.037146836
2005iq,0.03292,35.8516,0.143619,35.721245,0.13035482,35.773775,0.077825195
2005iq,0.03292,35.8647,0.150987,35.721245,0.14345482,35.773775,0.090925195
PS15bsq,0.03309,35.7797,0.159699,35.732687,0.047012954,35.785137,-0.0054372192
2006S,0.0331,35.9089,0.177213,35.733358,0.1755417,35.785804,0.1230962
ASASSN-16bc,0.03314,35.6164,0.168015,35.736041,-0.11964135,35.788468,-0.17206817
2003gn,0.03316,36.0229,0.243018,35.737382,0.28551831,35.789799,0.23310084
2003cq,0.03323,35.8276,0.259126,35.742067,0.085533353,35.794451,0.033148586
2010ag,0.03336,35.8159,0.198961,35.750742,0.065158283,35.803066,0.01283423
SN2017cii,0.03337,35.8381,0.178659,35.751408,0.086692341,35.803727,0.034372957
2004L,0.03344,35.829,0.273673,35.756064,0.072936205,35.80835,0.020649505
2003iv,0.03351,35.9118,0.165632,35.76071,0.1510896,35.812964,0.098835573
2006gr,0.03352,35.9188,0.207416,35.761373,0.15742657,35.813623,0.10517722
2006gr,0.03352,35.9378,0.211316,35.761373,0.17642657,35.813623,0.12417722
2005eu,0.03369,35.8038,0.482057,35.772615,0.031184638,35.824785,-0.02098538
2005eu,0.03369,35.8012,0.48333,35.772615,0.028584638,35.824785,-0.02358538
SN2016hpx,0.0337,35.6329,0.204026,35.773275,-0.14037492,35.82544,-0.19254028
ATLAS17ajs,0.0337,35.9757,0.358083,35.773275,0.20242508,35.82544,0.15025972
2003kc,0.0341,35.8566,0.205773,35.799502,0.057098427,35.85148,0.0051196133
2011dl,0.03432,35.7587,0.312966,35.813798,-0.055098259,35.865675,-0.10697455
ASASSN-15tg,0.03445,35.861,0.1686,35.822204,0.038795767,35.87402,-0.013019974
1996bl,0.03481,35.7348,0.155656,35.845321,-0.11052144,35.89697,-0.1621696
ASASSN-15jl,0.03492,35.8816,0.169326,35.852338,0.029261572,35.903935,-0.022335405
AT2016fbk,0.03495,36.1545,0.230318,35.854248,0.3002516,35.905831,0.24866858
2016fbk,0.03495,35.9591,0.225173,35.854248,0.1048516,35.905831,0.053268577
2008at,0.03497,35.8349,0.334212,35.855521,-0.020620826,35.907095,-0.072194545
ASASSN-15mi,0.03501,35.5515,0.204326,35.858064,-0.30656354,35.909619,-0.35811866
2007hu,0.03518,35.9905,0.374822,35.868839,0.12166149,35.920315,0.070185428
2007ba,0.03533,35.825,0.340606,35.878304,-0.053303645,35.92971,-0.10470999
PTSS-16efw,0.03542,36.234,0.188455,35.883964,0.35003611,35.935328,0.29867158
2001ck,0.03544,35.8586,0.223482,35.88522,-0.026619818,35.936575,-0.077975049
1994T,0.03564,35.9325,0.204232,35.897741,0.034758899,35.949003,-0.016503434
ASASSN-16dw,0.03565,35.7837,0.217075,35.898365,-0.11466536,35.949623,-0.16592305
1992bg,0.03574,35.8937,0.211664,35.903976,-0.010276016,35.955192,-0.061491917
ASASSN-15lu,0.03577,36.0035,0.185251,35.905843,0.097656833,35.957045,0.046454859
ASASSN-16db,0.03589,35.8698,0.18969,35.913297,-0.043496501,35.964443,-0.094642775
2002hu,0.03591,35.9637,0.166565,35.914536,0.049163645,35.965673,-0.0019733481
ASASSN-15ss,0.03592,35.9909,0.187185,35.915156,0.075743971,35.966288,0.024611618
PS15bbn,0.03602,36.1845,0.187245,35.921344,0.26315648,35.972429,0.21207053
2006mo,0.03616,36.0695,0.175025,35.929978,0.13952213,35.980999,0.088501121
2001eh,0.03627,36.0067,0.135213,35.936739,0.06996088,35.987709,0.018990879
2001eh,0.03627,35.9927,0.149174,35.936739,0.05596088,35.987709,0.0049908787
2002G,0.03631,35.8056,0.308166,35.939193,-0.13359279,35.990144,-0.18454425
2002G,0.03631,35.9287,0.318471,35.939193,-0.010492792,35.990144,-0.061444248
ASASSN-15bc,0.03639,35.949,0.262609,35.944092,0.004907775,35.995007,-0.046006595
2008gb,0.03641,36.0889,0.198876,35.945315,0.14358456,35.996221,0.092679462
2008hj,0.03643,35.8836,0.185109,35.946538,-0.062937997,35.997434,-0.11383383
2008hj,0.03643,35.9282,0.1566,35.946538,-0.018337997,35.997434,-0.069233827
2000cf,0.03646,36.0475,0.166339,35.948371,0.099129394,35.999253,0.048247469
2007jg,0.03652,36.3333,0.171248,35.952031,0.38126859,36.002886,0.33041447
2007jg,0.03652,36.2185,0.171341,35.952031,0.26646859,36.002886,0.21561447
2008ei,0.03654,36.08,0.336812,35.95325,0.12674963,36.004095,0.075904776
2002eu,0.03672,36.0624,0.163008,35.964192,0.098208199,36.014953,0.047446732
AT2016hns,0.03704,35.9789,0.163683,35.983515,-0.0046145361,36.034128,-0.055227851
2000dg,0.03725,36.0748,0.289284,35.996107,0.078693304,36.046623,0.028177151
2007O,0.03732,35.8617,0.152703,36.000289,-0.13858868,36.050772,-0.18907246
2007O,0.03732,35.8938,0.151724,36.000289,-0.10648868,36.050772,-0.15697246
2009bv,0.03748,36.2564,0.149974,36.009819,0.24658117,36.060229,0.19617137
AT2016cvw,0.03761,36.0063,0.206656,36.017533,-0.01123288,36.067883,-0.061582586
SN2017ciy,0.03762,36.5177,0.245806,36.018125,0.49957481,36.06847,0.44922973
2008fr,0.0379,36.1141,0.236153,36.034648,0.079452226,36.084864,0.029236497
ASASSN-15pn,0.038,36.1962,0.220822,36.04052,0.15568016,36.090689,0.10551061
ASASSN-15np,0.03832,36.026,0.219507,36.05921,-0.033209624,36.109231,-0.083231486
2008051,0.03835,36.0125,0.17035,36.060954,-0.048453976,36.110962,-0.098461998
2010dw,0.03871,36.0125,0.204712,36.081783,-0.069282985,36.131625,-0.11912501
PS15cze,0.03891,36.5486,0.234635,36.093273,0.45532685,36.143023,0.40557699
1999aw,0.03928,36.2125,0.18352,36.114379,0.098121093,36.163958,0.04854161
2008O,0.0394,36.2254,0.311188,36.121182,0.1042176,36.170707,0.054693346
SN2016glz,0.03975,35.9918,0.210464,36.140911,-0.14911111,36.190274,-0.19847439
2008dr,0.03996,36.284,0.147901,36.152667,0.1313328,36.201934,0.082066043
2003fa,0.04015,36.0818,0.14498,36.163252,-0.081451884,36.212431,-0.13063135
2003fa,0.04015,36.0167,0.143473,36.163252,-0.14655188,36.212431,-0.19573135
2007jh,0.04023,36.5601,0.280122,36.167694,0.39240601,36.216837,0.34326328
2009do,0.04027,36.0403,0.147245,36.169912,-0.12961182,36.219036,-0.17873618
SN2017coa,0.04045,36.4104,0.307187,36.179866,0.23053445,36.228907,0.18149272
PS16axi,0.04056,36.1263,0.168835,36.185927,-0.059627148,36.234918,-0.1086184
2001az,0.04059,36.3153,0.150794,36.187578,0.12772247,36.236555,0.078744979
2007kk,0.0413,36.2071,0.166515,36.226294,-0.019193601,36.274946,-0.06784562
2007kk,0.0413,36.2521,0.175538,36.226294,0.025806399,36.274946,-0.02284562
2006cf,0.04223,36.2931,0.151018,36.276037,0.017063141,36.324263,-0.031163413
2014bj,0.04239,36.5106,0.426487,36.284487,0.22611285,36.332641,0.1779594
2006cz,0.04251,35.9138,0.29449,36.290805,-0.37700452,36.338903,-0.42510316
ASASSN-16ct,0.04252,36.2457,0.207056,36.29133,-0.045630179,36.339424,-0.09372426
AT2016htm,0.04265,36.2018,0.162522,36.298153,-0.096352872,36.346188,-0.1443876
2007nq,0.04275,36.2882,0.166626,36.303387,-0.015187336,36.351376,-0.063176417
2007nq,0.04275,36.2137,0.152187,36.303387,-0.089687336,36.351376,-0.13767642
1992bl,0.0428,36.2101,0.208042,36.306,-0.0959001,36.353966,-0.14386636
ASASSN-15mg,0.04307,36.3298,0.181208,36.320058,0.0097421055,36.367901,-0.038100989
SN2016ayg,0.04328,36.4165,0.166064,36.330933,0.085567433,36.37868,0.037820082
2006gt,0.04366,36.5114,0.286272,36.350481,0.16091933,36.398055,0.1133451
MASTERJ0134,0.04391,36.2594,0.177777,36.363251,-0.1038512,36.410712,-0.15131162
2005ku,0.04397,36.2916,0.249078,36.366306,-0.074705604,36.413739,-0.12213872
AT2016cvv,0.04404,36.5469,0.231201,36.369864,0.17703605,36.417265,0.12963478
2006hx,0.04429,36.4565,0.162334,36.382528,0.073972414,36.429815,0.026684851
PS16cqa,0.04433,36.6866,0.304921,36.384547,0.30205269,36.431817,0.25478331
SN2016esh,0.04488,36.1579,0.182756,36.41214,-0.25424028,36.45916,-0.30125977
2005hc,0.04496,36.5139,0.151933,36.416126,0.097773619,36.46311,0.050790438
2005hc,0.04496,36.4634,0.173532,36.416126,0.047273619,36.46311,0.00029043816
PSNJ1204051,0.04502,36.4541,0.196266,36.419111,0.034988562,36.466067,-0.011967385
1992bh,0.0451,36.551,0.270525,36.423086,0.1279145,36.470005,0.080994856
2005lz,0.04541,36.3247,0.195021,36.438421,-0.11372055,36.4852,-0.16049957
PS17tn,0.04549,36.3811,0.196005,36.442361,-0.061261463,36.489104,-0.10800422
AT2016ews,0.04612,36.5394,0.159223,36.473163,0.06623717,36.51962,0.019779802
2008050,0.04627,36.2636,0.218105,36.480436,-0.21683622,36.526826,-0.2632257
2004gu,0.0467,36.4713,0.19409,36.50116,-0.029860334,36.547355,-0.076055356
360156,0.04673,36.5081,0.209562,36.502599,0.0055007227,36.548781,-0.04068074
2016afk,0.04677,36.5642,0.229149,36.504516,0.059683527,36.55068,0.013520142
2008cf,0.04692,36.4786,0.148197,36.511692,-0.033091803,36.557787,-0.079187411
2008cf,0.04692,36.4857,0.182928,36.511692,-0.025991803,36.557787,-0.072087411
PS16fa,0.04734,36.6009,0.161688,36.531665,0.069235163,36.577571,0.023329196
AT2017yk,0.04764,36.7582,0.280677,36.545826,0.21237378,36.591597,0.16660315
PS15aii,0.04768,36.5946,0.145385,36.547708,0.046892141,36.59346,0.0011395486
ASASSN-15pm,0.04777,36.3735,0.154741,36.551936,-0.17843595,36.597648,-0.22414796
ATLAS16agv,0.04777,36.4976,0.165873,36.551936,-0.054335951,36.597648,-0.10004796
PS17akj,0.0478,36.5627,0.208806,36.553344,0.0093564038,36.599042,-0.036342086
AT2016gmg,0.04839,36.641,0.181462,36.580854,0.060145601,36.626287,0.014712882
1995ac,0.04867,36.3303,0.135835,36.593797,-0.26349666,36.639103,-0.30880338
PS16el,0.04896,36.4691,0.176995,36.607125,-0.1380252,36.652302,-0.18320152
2006cq,0.04928,36.5828,0.168097,36.621744,-0.038943959,36.666776,-0.083976495
2007kh,0.04944,36.5403,0.453411,36.629019,-0.088718841,36.67398,-0.13367953
PS15asb,0.04952,36.4714,0.18553,36.632648,-0.16124772,36.677572,-0.20617249
ASASSN-17eb,0.0497,36.4621,0.201896,36.640792,-0.17869196,36.685636,-0.22353595
1998dx,0.0498,36.5693,0.155812,36.645304,-0.076004186,36.690103,-0.12080331
AT2016cor,0.04995,36.8523,0.302557,36.652056,0.20024392,36.696788,0.15551207
PS16dnp,0.04998,36.8583,0.163226,36.653404,0.20489591,36.698122,0.16017751
1990af,0.05018,36.5997,0.202684,36.662371,-0.062670881,36.707,-0.10729963
1993ag,0.05019,36.6402,0.244395,36.662818,-0.02261831,36.707443,-0.067242573
PS15brr,0.05063,36.5461,0.190961,36.68242,-0.13632012,36.726847,-0.1807473
2008hu,0.05071,36.7036,0.133364,36.685966,0.017633666,36.730358,-0.026757706
PS16fbb,0.05139,36.8804,0.16836,36.715892,0.16450792,36.759979,0.12042065
1993O,0.05148,36.7759,0.228182,36.719824,0.056075944,36.763871,0.012028884
ASASSN-16hc,0.05165,36.5862,0.156832,36.727233,-0.14103298,36.771204,-0.18500411
2003ic,0.05196,36.393,0.201448,36.740683,-0.34768274,36.784515,-0.3915155
AT2016htn,0.05229,36.8411,0.218249,36.754915,0.08618491,36.798601,0.042499347
2006ot,0.05232,36.8679,0.208308,36.756205,0.11169538,36.799877,0.06802319
2006ot,0.05232,36.5433,0.298829,36.756205,-0.21290462,36.799877,-0.25657681
PS16n,0.05268,36.7752,0.161766,36.771623,0.0035765986,36.815135,-0.039935167
2010dt,0.05291,36.8474,0.172204,36.781421,0.065979041,36.82483,0.022569695
PS16evk,0.0532,36.9144,0.207509,36.793716,0.12068421,36.836996,0.077403917
PS16bby,0.0543,36.8327,0.178902,36.839769,-0.0070689561,36.882561,-0.049860571
2006lu,0.05449,36.8631,0.133817,36.847632,0.015467957,36.890339,-0.027239383
PS16ayd,0.05485,36.8581,0.149593,36.862458,-0.0043580494,36.905006,-0.046905819
490007,0.05513,36.8676,0.194374,36.873924,-0.0063244542,36.916348,-0.048748212
SN2017cpu,0.05529,36.6433,0.175423,36.880451,-0.23715142,36.922804,-0.27950435
2005hj,0.05631,36.9903,0.171451,36.921636,0.068663601,36.963538,0.026761531
AT2017oz,0.05641,36.8109,0.193162,36.925635,-0.11473524,36.967493,-0.15659317
2006py,0.05658,36.9098,0.185051,36.932418,-0.022617581,36.9742,-0.064400495
PS16aer,0.05668,37.0393,0.176308,36.936398,0.102902,36.978137,0.061163202
2008eq,0.0568,37.0687,0.221323,36.941166,0.12753445,36.982851,0.085848572
SN2016gmb,0.05708,36.9545,0.182842,36.952252,0.002247917,36.993815,-0.039314546
2006ob,0.0576,36.9821,0.138149,36.972703,0.0093973368,37.014036,-0.031936144
2006ob,0.0576,36.9324,0.14674,36.972703,-0.040302663,37.014036,-0.081636144
2001ah,0.05837,36.9802,0.215566,37.00266,-0.022460018,37.043655,-0.063454968
2001ah,0.05837,37.146,0.252804,37.00266,0.14333998,37.043655,0.10234503
LSQ13crf,0.05934,36.3001,0.617516,37.03986,-0.73975996,37.080429,-0.78032936
SN2016hhv,0.06067,37.1383,0.198009,37.089923,0.048376889,37.129911,0.0083893229
SN2017cjv,0.06079,37.032,0.17759,37.094388,-0.062387878,37.134323,-0.10232304
2008go,0.06116,36.9608,0.196145,37.108101,-0.14730092,37.147875,-0.18707461
2008go,0.06116,36.9691,0.141986,37.108101,-0.13900092,37.147875,-0.17877461
2008bz,0.0613,37.1925,0.16057,37.113269,0.079231213,37.152981,0.039518588
2008bz,0.0613,37.1631,0.123921,37.113269,0.049831213,37.152981,0.010118588
2006oa,0.06142,37.0747,0.183316,37.117689,-0.042989334,37.15735,-0.082649637
1992bs,0.0637,37.3517,0.206518,37.200135,0.15156523,37.238804,0.11289609
PS16bnz,0.06398,37.0786,0.154429,37.210063,-0.13146295,37.248611,-0.17001074
SN2016aqb,0.06419,37.0197,0.155855,37.217482,-0.19778165,37.255938,-0.2362385
2007ae,0.06485,37.0851,0.153034,37.240646,-0.15554634,37.278818,-0.19371766
PS15cms,0.06603,37.3617,0.203312,37.281502,0.080197957,37.319164,0.042535979
6057,0.06652,37.1627,0.296189,37.298261,-0.13556144,37.335712,-0.17301234
SN2016ixf,0.06723,37.4237,0.194412,37.322336,0.10136407,37.359481,0.064218545
AT2016aj,0.06731,37.2344,0.203006,37.325033,-0.090633202,37.362144,-0.12774435
PS15bjg,0.06758,37.4935,0.190499,37.334114,0.15938621,37.371109,0.12239102
CSS160129,0.06841,37.2381,0.191221,37.361811,-0.12371135,37.398451,-0.16035053
2006al,0.06908,37.4213,0.159324,37.383935,0.037364997,37.420287,0.0010126688
PTSS17-niq,0.0691,37.2817,0.174144,37.384592,-0.10289224,37.420936,-0.13923601
2008Y,0.07028,37.2775,0.212322,37.423049,-0.14554903,37.458889,-0.18138879
2008Y,0.07028,37.2961,0.226908,37.423049,-0.12694903,37.458889,-0.16278879
PS17yt,0.07046,37.4787,0.176182,37.428861,0.04983927,37.464624,0.014076265
470043,0.07061,37.7291,0.501827,37.433693,0.29540707,37.469392,0.259708
2006on,0.07068,37.4543,0.24781,37.435945,0.018355415,37.471614,-0.017313826
ATLAS16bwu,0.07074,37.3712,0.228257,37.437873,-0.06667287,37.473517,-0.10231655
1993B,0.07076,37.2944,0.277681,37.438515,-0.14411528,37.47415,-0.17975044
PS15bdr,0.07094,37.3552,0.196012,37.444289,-0.089089166,37.479848,-0.12464766
PS16em,0.07113,37.4814,0.447068,37.450369,0.031031421,37.485846,-0.0044461891
370566,0.07134,37.4155,0.208957,37.45707,-0.041569817,37.492458,-0.076958073
PS15bwh,0.07149,37.2494,0.16107,37.461845,-0.21244483,37.497169,-0.24776929
PS15mt,0.07193,37.5618,0.180815,37.475796,0.086003739,37.510934,0.05086628
2007jd,0.07196,37.6319,0.199695,37.476745,0.15515549,37.511869,0.12003077
PS15atx,0.07301,37.6225,0.304764,37.509696,0.11280355,37.544376,0.078124228
Gaia16aki,0.07398,37.5535,0.176502,37.539736,0.013763766,37.574005,-0.020505131
PS17bii,0.07467,37.4501,0.192118,37.560876,-0.11077571,37.594853,-0.14475325
1992ae,0.07478,37.4346,0.222054,37.564228,-0.12962845,37.59816,-0.16355959
2005ir,0.0749,37.5656,0.154994,37.567881,-0.0022805969,37.601761,-0.036161133
7876,0.0749,37.4763,0.179761,37.567881,-0.091580597,37.601761,-0.12546113
2010hs,0.07514,37.8142,0.289148,37.575168,0.2390319,37.608947,0.20525253
AT2016gsu,0.07529,37.5461,0.217171,37.579711,-0.033611465,37.613428,-0.067327638
370333,0.07557,37.6342,0.198325,37.588169,0.046030745,37.621768,0.012432479
Gaia16acv,0.07833,37.8315,0.146078,37.669969,0.16153123,37.702409,0.12909081
2007hx,0.07849,38.0942,0.180119,37.674626,0.41957428,37.706999,0.38720074
17186,0.07849,38.0154,0.239252,37.674626,0.34077428,37.706999,0.30840074
PS15bif,0.07855,37.5715,0.150392,37.67637,-0.10486973,37.708718,-0.1372182
560033,0.07869,37.5988,0.503338,37.680434,-0.081634145,37.712724,-0.11392413
12779,0.07891,37.7843,0.238199,37.686807,0.09749288,37.719005,0.065294768
PS15bzz,0.07901,37.53,0.147217,37.689698,-0.15969831,37.721855,-0.19185468
350316,0.07966,37.6003,0.157805,37.708406,-0.10810611,37.740291,-0.13999142
2005ag,0.08024,37.6668,0.119289,37.724976,-0.058176344,37.75662,-0.089820138
12950,0.08141,37.7215,0.219648,37.758057,-0.036556729,37.789214,-0.067714405
130308,0.08221,37.8192,0.217606,37.780415,0.038784848,37.811241,0.007958746
12898,0.08255,37.6774,0.265638,37.789855,-0.11245457,37.82054,-0.14313996
12781,0.08282,37.9939,0.195118,37.797324,0.19657585,37.827898,0.16600212
SN2016glp,0.08366,37.9686,0.221594,37.820415,0.14818504,37.850642,0.11795824
3592,0.08544,37.8406,0.128563,37.868622,-0.028022432,37.898117,-0.057516504
SN2016grz,0.08656,37.8484,0.21681,37.898466,-0.050066187,37.927501,-0.079100878
1241,0.08848,37.7772,0.253181,37.94878,-0.1715801,37.97703,-0.19983026
590194,0.09015,37.9202,0.21704,37.991703,-0.071503286,38.019274,-0.099074129
370066,0.09066,38.0269,0.167553,38.004661,0.022239411,38.032025,-0.0051245395
300105,0.09181,38.1602,0.266341,38.033625,0.12657494,38.060523,0.09967654
iPTF17dz,0.09284,38.2226,0.493293,38.059275,0.16332465,38.085758,0.1368421
010010,0.09968,38.4377,0.194713,38.223045,0.21465513,38.246793,0.19090699
160099,0.10142,38.2982,0.165557,38.263,0.035199936,38.28606,0.012139938
140181,0.10231,38.2511,0.199553,38.283186,-0.032086068,38.305895,-0.054795251
000190,0.10237,38.4085,0.187412,38.284541,0.12395908,38.307226,0.10127352
100405,0.10298,38.1815,0.18625,38.298273,-0.11677265,38.320718,-0.13921825
13135,0.10338,38.3338,0.12638,38.307235,0.026564771,38.329524,0.0042763165
20064,0.10351,38.2079,0.196456,38.310141,-0.10224099,38.332378,-0.1244784
13038,0.10485,38.4295,0.236183,38.339893,0.089607398,38.361605,0.067895109
18697,0.10638,38.2611,0.195537,38.373425,-0.11232513,38.39454,-0.13344
20625,0.10684,38.4624,0.151122,38.383417,0.078982532,38.404353,0.058046828
3256,0.10694,38.4295,0.210466,38.385584,0.043915679,38.406481,0.023018897
120225,0.10728,38.7801,0.468541,38.392937,0.38716271,38.413702,0.36639819
21034,0.10751,38.4984,0.180059,38.397899,0.10050115,38.418574,0.079826036
500038,0.1081,38.4017,0.187108,38.41058,-0.0088804975,38.431027,-0.029326506
7147,0.10886,38.4016,0.133183,38.42682,-0.025219928,38.446971,-0.045371317
020027,0.10988,38.5701,0.179741,38.448447,0.12165294,38.468204,0.10189607
18650,0.11243,38.6214,0.163201,38.501695,0.11970537,38.52047,0.10093037
18612,0.11365,38.3876,0.194923,38.526767,-0.13916714,38.545075,-0.15747461
8719,0.11628,38.5408,0.159897,38.579963,-0.039162624,38.597267,-0.056467142
5395,0.11635,38.6302,0.185742,38.581363,0.048837115,38.598641,0.031559201
2561,0.11741,38.5727,0.239635,38.60247,-0.029770124,38.619346,-0.046645763
16259,0.11771,38.6088,0.214419,38.608411,0.00038880344,38.625173,-0.016373181
1371,0.11797,38.4157,0.127058,38.613549,-0.19784857,38.630212,-0.21451212
000137,0.11878,38.5629,0.212381,38.629485,-0.066585216,38.645843,-0.082942533
5549,0.11992,38.5958,0.200195,38.651742,-0.055941634,38.667669,-0.07186902
12860,0.12042,38.7926,0.252257,38.66144,0.13115971,38.67718,0.1154205
490008,0.12067,38.6348,0.302627,38.666275,-0.031475376,38.681921,-0.04712059
19953,0.1219,38.5945,0.157915,38.689927,-0.095427226,38.705111,-0.11061084
390259,0.12208,38.6119,0.231142,38.69337,-0.081469574,38.708486,-0.096585759
18835,0.12262,38.6853,0.144584,38.703668,-0.018367972,38.718582,-0.033282052
2916,0.12303,38.5967,0.274641,38.711459,-0.1147586,38.726219,-0.12951942
16021,0.12336,38.6164,0.162163,38.717711,-0.10131135,38.732349,-0.11594892
13894,0.12356,38.8009,0.333367,38.721493,0.07940678,38.736056,0.064843851
570062,0.12363,38.8242,0.150324,38.722816,0.10138449,38.737352,0.086847675
6406,0.12377,38.6504,0.145797,38.725458,-0.07505798,38.739943,-0.089542575
19543,0.12384,38.835,0.221531,38.726778,0.10822184,38.741237,0.09376335
13044,0.12455,38.7616,0.12587,38.740129,0.021471079,38.754323,0.0072770722
15459,0.12542,39.1417,0.298944,38.756391,0.38530915,38.770261,0.37143858
2992,0.12608,38.4956,0.293348,38.768657,-0.27305674,38.782282,-0.28668242
16069,0.12688,38.8125,0.259679,38.783444,0.02905637,38.796773,0.015726971
744,0.12694,38.6849,0.280884,38.784549,-0.099649104,38.797856,-0.11295631
14871,0.12705,38.7429,0.159508,38.786575,-0.043674528,38.799841,-0.056941045
18855,0.12716,38.7841,0.176913,38.788598,-0.0044983011,38.801824,-0.017724144
22075,0.129,38.7547,0.150979,38.822208,-0.067508303,38.834755,-0.080055471
1032,0.12904,38.8403,0.212795,38.822934,0.01736607,38.835466,0.0048336201
5751,0.12929,38.833,0.250442,38.827464,0.0055356891,38.839905,-0.0069048043
18415,0.1294,38.8429,0.142748,38.829455,0.013444934,38.841855,0.0010448823
18809,0.13153,38.802,0.134576,38.867693,-0.065692579,38.879312,-0.07731176
151034,0.13269,38.7841,0.122177,38.888272,-0.10417241,38.899468,-0.11536811
1334084,0.13349,38.8266,0.283718,38.902367,-0.075767035,38.913271,-0.086671415
15508,0.13353,38.8434,0.157696,38.90307,-0.05966968,38.91396,-0.070559509
14108,0.13463,39.2366,0.199357,38.922315,0.31428475,38.932806,0.30379448
15234,0.13514,39.0775,0.31333,38.931188,0.14631191,38.941493,0.13600651
000014,0.13599,38.9771,0.206627,38.945906,0.031193555,38.955904,0.021195723
17629,0.1364,38.8475,0.195569,38.952975,-0.105475,38.962825,-0.11532472
19775,0.13687,39.0095,0.224296,38.961053,0.048446533,38.970734,0.038766427
18602,0.13696,38.9616,0.259136,38.962597,-0.00099743263,38.972245,-0.010645085
21062,0.13729,39.3511,0.230391,38.96825,0.3828495,38.977779,0.37332079
17366,0.13811,38.8857,0.128482,38.982242,-0.096542423,38.991476,-0.10577604
15171,0.13818,38.9503,0.15974,38.983433,-0.033133238,38.992642,-0.042341693
190340,0.13824,39.0229,0.12425,38.984453,0.038446514,38.99364,0.029259624
20084,0.13834,39.0401,0.319084,38.986153,0.053947025,38.995304,0.044796068
190230,0.13864,39.0467,0.130742,38.991245,0.055455472,39.000288,0.04641226
12928,0.13868,38.9999,0.176022,38.991923,0.0079773807,39.000951,-0.0010514716
090275,0.13959,39.0213,0.145767,39.0073,0.014000208,39.016002,0.0052976407
1794,0.1407,39.1775,0.184019,39.02593,0.15157036,39.034235,0.14326476
17208,0.14084,39.2835,0.203514,39.02827,0.25523046,39.036525,0.24697484
340229,0.14108,39.0407,0.212429,39.032276,0.0084242675,39.040446,0.00025430364
1317666,0.1412,39.1237,0.260864,39.034276,0.089423571,39.042404,0.081296413
2635,0.14311,39.047,0.160602,39.065908,-0.018907844,39.073355,-0.026355455
17568,0.14335,39.5154,0.37065,39.069854,0.44554558,39.077217,0.43818312
190260,0.14344,39.1135,0.129494,39.071333,0.042167211,39.078663,0.034836671
17497,0.14388,39.0756,0.170594,39.078548,-0.0029478641,39.085722,-0.010122465
8921,0.1441,39.016,0.24096,39.082148,-0.066147643,39.089244,-0.07324434
17605,0.14533,39.1518,0.210163,39.102179,0.049620797,39.108841,0.04295884
1296657,0.14624,39.1857,0.207408,39.116897,0.068802765,39.123238,0.06246156
440008,0.14656,39.158,0.187578,39.122052,0.035947594,39.128281,0.029719003
13796,0.14729,38.9672,0.171803,39.133773,-0.16657326,39.139745,-0.1725453
1316385,0.14741,39.0154,0.197495,39.135695,-0.12029476,39.141625,-0.12622467
180166,0.14757,39.161,0.170177,39.138254,0.022745518,39.144128,0.016871753
14024,0.14759,39.134,0.188785,39.138574,-0.0045742641,39.144441,-0.010441012
14437,0.14792,39.0382,0.157931,39.143845,-0.10564482,39.149596,-0.11139584
1293758,0.14812,39.2285,0.184985,39.147034,0.081466266,39.152715,0.075785334
1255502,0.14819,39.0239,0.142683,39.148149,-0.1242489,39.153805,-0.12990531
13736,0.14882,39.1606,0.17494,39.158163,0.0024367519,39.163599,-0.0029991499
2308,0.14923,39.1104,0.175216,39.164659,-0.054259204,39.169952,-0.059551794
000038,0.15036,39.1058,0.170038,39.182477,-0.07667652,39.187375,-0.081574913
460003,0.15067,39.1687,0.134119,39.187343,-0.018642529,39.192133,-0.023432981
2031,0.15186,39.0477,0.158769,39.205935,-0.15823505,39.210312,-0.16261195
18323,0.15272,39.3239,0.173198,39.219287,0.10461308,39.223366,0.10053427
15132,0.15304,39.2175,0.127754,39.224237,-0.0067370896,39.228205,-0.010705163
18740,0.15317,39.0991,0.159928,39.226245,-0.12714533,39.230168,-0.13106844
19353,0.15325,39.2564,0.179373,39.22748,0.028919623,39.231376,0.025024176
16073,0.15339,39.3639,0.175468,39.22964,0.13425974,39.233487,0.13041269
5550,0.15493,39.2076,0.167881,39.253278,-0.045677915,39.256594,-0.048993773
16116,0.15509,39.278,0.157843,39.255721,0.022278849,39.258982,0.019018059
18030,0.15518,39.3994,0.175858,39.257094,0.14230557,39.260324,0.13907574
19940,0.15591,38.9704,0.179204,39.268206,-0.29780583,39.271185,-0.30078476
13354,0.15654,39.2087,0.210288,39.277756,-0.069056052,39.280519,-0.071818831
16206,0.15838,39.0794,0.163715,39.305444,-0.2260443,39.307578,-0.22817781
440042,0.15906,39.4267,0.283686,39.315601,0.11109918,39.317503,0.10919746
14782,0.15922,38.9503,0.143914,39.317985,-0.36768469,39.319832,-0.36953193
15425,0.15935,39.0908,0.143045,39.31992,-0.22911994,39.321723,-0.23092292
3317,0.15991,39.2286,0.167715,39.32824,-0.099639533,39.329852,-0.10125208
1299775,0.16009,39.0428,0.270648,39.330908,-0.2881079,39.332459,-0.28965929
2689,0.16036,39.2057,0.217053,39.334905,-0.12920521,39.336365,-0.13066492
390627,0.16045,39.4242,0.26036,39.336236,0.087963758,39.337665,0.086534591
5103,0.1606,39.2162,0.20927,39.338453,-0.12225308,39.339831,-0.12363136
120336,0.16134,39.3106,0.246322,39.349361,-0.038761259,39.350489,-0.039888755
17825,0.1622,39.3252,0.224064,39.36198,-0.036779724,39.362816,-0.037616379
19174,0.16357,39.2807,0.200998,39.381953,-0.10125267,39.382327,-0.10162735
3087,0.16431,39.2634,0.199319,39.392676,-0.12927605,39.392802,-0.12940188
19616,0.16455,39.3293,0.139452,39.396144,-0.066844213,39.396189,-0.066889442
20764,0.16478,39.3182,0.150918,39.399463,-0.081263439,39.399431,-0.081231469
20430,0.16593,39.4938,0.241887,39.415995,0.077805071,39.415578,0.078222342
12843,0.16595,39.1817,0.193496,39.416281,-0.23458149,39.415858,-0.23415752
12853,0.16817,39.2757,0.165826,39.44789,-0.17219047,39.446726,-0.17102601
350233,0.16935,39.5155,0.182871,39.464533,0.05096659,39.462977,0.052522907
17389,0.1696,39.6721,0.274897,39.468046,0.20405444,39.466406,0.20569363
12856,0.17029,39.4742,0.132684,39.477714,-0.0035140638,39.475846,-0.0016464529
590005,0.17137,39.5424,0.275502,39.492774,0.049625773,39.49055,0.051850097
310039,0.17156,39.4603,0.214715,39.495415,-0.035114535,39.493128,-0.03282756
19282,0.17239,39.5021,0.177409,39.506917,-0.0048166128,39.504356,-0.002256317
1303279,0.17274,39.2676,0.152344,39.511751,-0.24415141,39.509076,-0.24147603
100090,0.17282,39.7263,0.252568,39.512855,0.21344478,39.510154,0.21614644
3080,0.17315,39.3871,0.131849,39.517403,-0.13030341,39.514593,-0.12749337
15897,0.17357,39.5403,0.18318,39.52318,0.01711966,39.520232,0.020067511
120143,0.1736,39.3493,0.151501,39.523592,-0.17429248,39.520635,-0.17133479
15648,0.17383,39.5986,0.318528,39.52675,0.071849997,39.523717,0.074883081
14421,0.174,39.5734,0.137128,39.529081,0.044318678,39.525993,0.04740746
16165,0.17405,39.3317,0.154309,39.529767,-0.1980666,39.526661,-0.19496144
15583,0.17427,39.5546,0.230974,39.53278,0.021820358,39.529602,0.024997551
19969,0.17428,39.4849,0.162645,39.532917,-0.048016514,39.529736,-0.044836048
5350,0.17431,39.5053,0.183971,39.533327,-0.028027086,39.530137,-0.024836801
18604,0.17483,39.7434,0.182014,39.540433,0.20296678,39.537073,0.20632714
14979,0.17654,39.5164,0.135467,39.563663,-0.047263302,39.559745,-0.043345278
17218,0.17697,39.5095,0.175623,39.569472,-0.059971766,39.565414,-0.055913905
14451,0.17729,39.4771,0.138264,39.573786,-0.09668581,39.569624,-0.092523986
17220,0.17769,39.3394,0.257355,39.579168,-0.23976817,39.574877,-0.23547651
370428,0.1778,39.6477,0.131546,39.580646,0.067053662,39.576319,0.071380996
5635,0.17839,39.9669,0.207864,39.58856,0.37833982,39.584042,0.38285835
6936,0.1789,39.641,0.157339,39.595381,0.04561868,39.590698,0.050302243
300179,0.17896,39.7672,0.201468,39.596183,0.17101738,39.59148,0.17572035
13045,0.17916,39.5355,0.229828,39.598852,-0.063351793,39.594084,-0.058584181
1347120,0.17955,39.5509,0.280575,39.604049,-0.053148712,39.599155,-0.048255133
2372,0.17959,39.5519,0.174634,39.604581,-0.052681134,39.599675,-0.047774643
1303496,0.17979,39.5962,0.208929,39.607242,-0.011041589,39.602271,-0.0060705573
13254,0.1799,39.9979,0.268081,39.608704,0.38919634,39.603697,0.39420285
14284,0.18037,39.3688,0.13762,39.614941,-0.24614134,39.609783,-0.24098333
420159,0.18059,39.5035,0.133745,39.617856,-0.1143559,39.612627,-0.10912705
330023,0.18064,39.7166,0.179158,39.618518,0.098082157,39.613273,0.10332711
350548,0.18067,39.6391,0.133983,39.618915,0.020185075,39.61366,0.025439686
360112,0.18071,39.6151,0.246207,39.619444,-0.0043442709,39.614177,0.00092321405
17215,0.1808,39.6213,0.207991,39.620635,0.00066509885,39.615338,0.0059615461
15443,0.18123,39.4868,0.134057,39.626316,-0.13951586,39.620881,-0.13408113
370595,0.18138,39.6585,0.225961,39.628295,0.030205369,39.622812,0.035688298
1339392,0.18148,39.3953,0.235174,39.629613,-0.23431297,39.624098,-0.22879792
17332,0.18203,39.5863,0.201062,39.636852,-0.050551741,39.63116,-0.044860161
1580,0.18216,39.5259,0.149858,39.63856,-0.11265975,39.632826,-0.10692648
1250017,0.18217,39.6885,0.152439,39.638691,0.049808916,39.632955,0.055545389
15453,0.18243,39.7821,0.177319,39.642104,0.13999648,39.636284,0.14581629
17391,0.18345,39.5995,0.294191,39.655447,-0.055947147,39.649301,-0.049800988
17168,0.18376,39.752,0.19743,39.659489,0.092511127,39.653244,0.0987563
1257695,0.18383,39.68,0.151568,39.660401,0.019599358,39.654133,0.025866878
20048,0.18388,39.796,0.218377,39.661052,0.13494829,39.654768,0.14123177
15421,0.18443,39.7891,0.142656,39.668203,0.12089743,39.661744,0.12735633
1296321,0.18444,39.9384,0.282465,39.668332,0.2700676,39.66187,0.27652968
8213,0.18468,39.6548,0.27682,39.671446,-0.016646393,39.664908,-0.010107849
15461,0.18482,39.613,0.134864,39.673261,-0.06026115,39.666678,-0.053678026
1336453,0.18492,39.7435,0.159325,39.674557,0.068943378,39.667942,0.075558336
6422,0.18501,39.6347,0.160441,39.675722,-0.041021989,39.669078,-0.034378388
16281,0.18507,39.5427,0.172189,39.676499,-0.13379861,39.669836,-0.12713591
370563,0.18538,39.7882,0.139358,39.680507,0.1076926,39.673746,0.11445388
15365,0.18651,39.7559,0.144508,39.695067,0.060832549,39.687947,0.067952532
18807,0.18714,39.7694,0.13671,39.703149,0.06625062,39.69583,0.073570122
5994,0.18801,39.7451,0.191467,39.714269,0.030831401,39.706674,0.038425885
12927,0.18892,39.4384,0.149571,39.725848,-0.28744791,39.717966,-0.27956648
16100,0.18893,39.8089,0.256269,39.725975,0.082925129,39.71809,0.090809711
18787,0.18915,40.1408,0.200523,39.728766,0.41203367,39.720812,0.41998751
18749,0.18931,39.7413,0.209197,39.730795,0.010505407,39.72279,0.018509606
1273127,0.18937,39.9359,0.228953,39.731555,0.20434522,39.723532,0.2123683
440643,0.18955,39.7624,0.238646,39.733834,0.028566008,39.725754,0.036645693
6304,0.18979,39.7286,0.224725,39.73687,-0.0082698107,39.728715,-0.00011468778
762,0.19009,39.8807,0.15799,39.74066,0.14004044,39.73241,0.14828979
20687,0.19026,39.6892,0.294972,39.742805,-0.053604622,39.734502,-0.045301905
2440,0.1903,39.9182,0.154841,39.743309,0.17489092,39.734994,0.18320619
16276,0.19397,39.7983,0.218857,39.789179,0.009121357,39.779717,0.0185827
2246,0.19422,39.8787,0.222002,39.792274,0.086426175,39.782735,0.095965184
20821,0.19534,40.1343,0.403955,39.806095,0.32820509,39.796209,0.33809141
14984,0.19549,39.9082,0.195934,39.80794,0.10025965,39.798008,0.1101924
15674,0.19555,39.958,0.212325,39.808678,0.14932184,39.798727,0.15927317
1253920,0.19556,39.7111,0.156617,39.808801,-0.097701107,39.798847,-0.087746687
000236,0.19602,39.7288,0.124812,39.81445,-0.085650376,39.804354,-0.075553692
15129,0.19611,39.7747,0.157962,39.815554,-0.040854225,39.80543,-0.030729728
1298893,0.19616,39.8397,0.254651,39.816167,0.023532729,39.806027,0.033672675
1334620,0.19624,39.8927,0.29342,39.817148,0.075552157,39.806983,0.085716818
13070,0.19719,39.8018,0.14158,39.828764,-0.026963804,39.818306,-0.016506059
18804,0.19726,39.6932,0.130873,39.829618,-0.13641766,39.819138,-0.12593835
1302058,0.19786,39.492,0.189171,39.836925,-0.34492487,39.826261,-0.33426086
15222,0.19801,39.7561,0.182544,39.838748,-0.082648449,39.828038,-0.07193832
1316431,0.19815,39.8879,0.174409,39.840449,0.047450699,39.829696,0.058203863
13370,0.19846,40.3246,0.238597,39.844212,0.4803885,39.833363,0.4912369
360145,0.1986,39.8881,0.211487,39.845909,0.04219123,39.835017,0.053082612
19658,0.19863,39.889,0.174502,39.846272,0.042727675,39.835372,0.053628265
18768,0.19892,40.0216,0.217638,39.849784,0.17181593,39.838794,0.1828055
500504,0.19948,39.6764,0.246154,39.856552,-0.18015191,39.845391,-0.16899071
110460,0.19956,39.8511,0.254227,39.857517,-0.006417305,39.846332,0.0047683896
560150,0.19957,39.8965,0.17155,39.857638,0.038862046,39.846449,0.050050803
19101,0.20062,39.6837,0.194976,39.870275,-0.18657492,39.858765,-0.17506512
470232,0.20068,39.9838,0.252956,39.870995,0.11280483,39.859467,0.12433294
370308,0.20074,39.7672,0.316127,39.871715,-0.10451522,39.860169,-0.092968798
590002,0.20139,39.8575,0.216953,39.879503,-0.022003012,39.867758,-0.010258362
13152,0.20216,39.6184,0.198124,39.888698,-0.27029838,39.876719,-0.25831935
19913,0.20237,39.9949,0.159703,39.891201,0.10369945,39.879158,0.11574231
6780,0.20268,39.8373,0.184965,39.89489,-0.057589839,39.882753,-0.045452806
14212,0.20308,39.9658,0.146626,39.899642,0.066157534,39.887384,0.078415962
15203,0.20314,39.8822,0.166845,39.900355,-0.01815461,39.888078,-0.0058779837
16032,0.20318,39.9277,0.173799,39.900829,0.026870736,39.888541,0.039159493
7243,0.20323,39.9335,0.216127,39.901422,0.032077541,39.889119,0.044381459
15901,0.20368,39.9041,0.171481,39.906755,-0.0026551235,39.894315,0.0097851548
18965,0.20454,39.8809,0.160012,39.916916,-0.036016058,39.904216,-0.023315635
110033,0.20471,39.8427,0.202322,39.91892,-0.076219915,39.906168,-0.063468139
17801,0.20515,40.1661,0.227714,39.924099,0.2420008,39.911215,0.25488538
15872,0.20549,39.8126,0.174944,39.928094,-0.11549431,39.915107,-0.10250721
1327978,0.20699,39.9225,0.279831,39.945647,-0.02314682,39.932209,-0.0097085544
15201,0.20736,40.316,0.333666,39.949958,0.36604173,39.936409,0.37959101
1283373,0.20754,40.0725,0.148972,39.952053,0.12044685,39.93845,0.13405009
20376,0.20831,39.7299,0.272182,39.960996,-0.23109557,39.947162,-0.21726177
15467,0.20847,39.8758,0.146778,39.96285,-0.087049886,39.948968,-0.073168239
200132,0.20856,40.1034,0.239508,39.963892,0.13950764,39.949984,0.1534162
15259,0.20857,39.8639,0.197696,39.964008,-0.10010816,39.950097,-0.086196619
140152,0.20864,39.8798,0.15965,39.964819,-0.085018646,39.950886,-0.071086182
16482,0.20937,39.8413,0.262138,39.973256,-0.13195584,39.959105,-0.11780542
550154,0.21003,40.1479,0.148877,39.98086,0.1670395,39.966513,0.1813866
19149,0.21023,39.4543,0.186032,39.983161,-0.52886056,39.968754,-0.51445393
460105,0.21071,39.9632,0.223017,39.988672,-0.025472435,39.974123,-0.010923056
14157,0.21083,39.806,0.155718,39.990049,-0.18404858,39.975464,-0.16946354
18940,0.21099,39.9552,0.163264,39.991882,-0.036682313,39.97725,-0.022049749
1257366,0.21137,40.1415,0.266119,39.996232,0.14526775,39.981487,0.1600131
7847,0.2116,39.9676,0.230498,39.998862,-0.031261589,39.984048,-0.016448017
17811,0.21186,39.9136,0.194498,40.001831,-0.088230686,39.98694,-0.073340053
18927,0.21214,39.9374,0.243726,40.005024,-0.067624395,39.990051,-0.052650833
13305,0.21339,40.0218,0.16528,40.019234,0.0025655365,40.003891,0.017908558
8495,0.21353,40.0084,0.19033,40.020821,-0.012421176,40.005437,0.002963147
6933,0.21383,39.8874,0.197488,40.024218,-0.13681803,40.008745,-0.12134525
110567,0.21442,40.0179,0.298904,40.030886,-0.012985613,40.015239,0.0026609119
1249851,0.21511,39.8825,0.477887,40.038662,-0.15616173,40.022812,-0.14031236
14019,0.21513,40.4641,0.22943,40.038887,0.42521322,40.023032,0.44106847
1316,0.21566,40.2253,0.258716,40.044844,0.18045648,40.028833,0.19646727
100206,0.21653,39.8253,0.141535,40.054592,-0.22929218,40.038327,-0.21302653
17435,0.21674,40.0672,0.190384,40.05694,0.010260143,40.040613,0.026587218
7473,0.21677,40.0932,0.185301,40.057275,0.035924933,40.040939,0.05226078
20364,0.21729,40.1395,0.269611,40.063079,0.076421452,40.046591,0.092909243
13641,0.21781,39.9942,0.174837,40.068869,-0.074669155,40.05223,-0.058029634
1290816,0.21848,40.2216,0.204417,40.076311,0.14528875,40.059477,0.16212346
1304678,0.21884,40.1416,0.247596,40.080301,0.061298758,40.063362,0.078238195
9467,0.21885,40.1925,0.240729,40.080412,0.11208801,40.06347,0.12903036
1342255,0.21886,40.0296,0.130815,40.080523,-0.05092273,40.063577,-0.033977477
5533,0.21887,40.1292,0.218822,40.080633,0.048566533,40.063685,0.065514694
15433,0.21935,40.1098,0.160031,40.085943,0.023856677,40.068856,0.040944309
1302187,0.21943,40.0048,0.208962,40.086827,-0.082027251,40.069716,-0.064916391
18466,0.21967,40.0882,0.173376,40.089477,-0.0012772411,40.072297,0.015903272
14331,0.21976,40.2387,0.220195,40.09047,0.1482297,40.073264,0.16543633
000220,0.21982,40.0616,0.124319,40.091132,-0.029532121,40.073908,-0.012308098
19230,0.22005,39.9228,0.242946,40.093668,-0.17086757,40.076377,-0.15357687
7512,0.22055,40.1876,0.225274,40.099171,0.088429053,40.081735,0.10586458
15354,0.22069,40.0798,0.266821,40.10071,-0.020909818,40.083234,-0.0034337816
370098,0.22141,40.0441,0.143254,40.10861,-0.064509736,40.090926,-0.046825584
480464,0.22141,40.0588,0.204756,40.10861,-0.049809736,40.090926,-0.032125584
1331123,0.22157,40.1937,0.166162,40.110362,0.083337963,40.092632,0.10106831
13025,0.22287,40.3257,0.281229,40.124556,0.20114387,40.106451,0.2192488
14846,0.22335,40.1511,0.167278,40.129778,0.021322384,40.111535,0.039565283
330083,0.22373,40.0162,0.172818,40.133904,-0.11770392,40.115552,-0.099351917
1304442,0.22451,40.1293,0.19721,40.142353,-0.013053373,40.123778,0.005522225
550096,0.22451,39.9449,0.245775,40.142353,-0.19745337,40.123778,-0.17887778
1292560,0.22482,40.1126,0.160616,40.145704,-0.033103931,40.12704,-0.014439599
13727,0.22534,40.1329,0.188923,40.151315,-0.018414613,40.132502,0.00039839661
15229,0.22536,40.1856,0.197444,40.15153,0.034069831,40.132711,0.052888555
030066,0.22552,40.1491,0.174035,40.153254,-0.0041539753,40.13439,0.014710451
020096,0.22563,39.9865,0.175963,40.154438,-0.16793843,40.135543,-0.1490426
19992,0.22632,40.3912,0.201078,40.161856,0.22934397,40.142763,0.24843661
1315192,0.22714,40.097,0.228488,40.170644,-0.073643928,40.151318,-0.054317878
1315259,0.22806,40.2236,0.183395,40.180469,0.04313143,40.160881,0.062718736
180561,0.22853,40.1604,0.308241,40.185474,-0.025073508,40.165753,-0.0053529849
13072,0.22917,40.2229,0.202405,40.192273,0.030626582,40.172372,0.050528233
3452,0.22967,40.1351,0.188066,40.197574,-0.062473609,40.177531,-0.04243067
21033,0.23006,40.1283,0.227444,40.2017,-0.073400337,40.181547,-0.053247327
000006,0.23044,40.3062,0.260109,40.205715,0.10048498,40.185455,0.12074513
040780,0.23066,40.0717,0.296847,40.208037,-0.1363365,40.187714,-0.11601438
19008,0.23075,40.1049,0.204707,40.208986,-0.10408561,40.188638,-0.083738143
360140,0.23083,40.2958,0.226289,40.209829,0.085971027,40.189459,0.10634102
17875,0.23111,40.3169,0.189753,40.212779,0.10412139,40.19233,0.12457017
430004,0.2315,40.201,0.226906,40.216882,-0.015881516,40.196323,0.0046769042
1302648,0.23171,40.0875,0.237265,40.219088,-0.13158812,40.198471,-0.11097071
1275946,0.23212,40.2045,0.159507,40.223391,-0.018890914,40.202658,0.001841569
15369,0.23269,39.8341,0.180906,40.229361,-0.39526116,40.208469,-0.37436891
1292336,0.23356,40.1857,0.255059,40.238448,-0.052747551,40.217312,-0.031611922
350047,0.23364,40.4148,0.19637,40.239282,0.17551849,40.218124,0.19667647
12971,0.23381,40.1389,0.214099,40.241053,-0.10215278,40.219847,-0.080947322
1336687,0.23381,40.1788,0.292139,40.241053,-0.062252781,40.219847,-0.041047322
1279500,0.23471,40.2784,0.167703,40.25041,0.02798972,40.228954,0.049446172
110536,0.23475,40.1912,0.32799,40.250825,-0.059625397,40.229358,-0.038157804
1319366,0.23483,40.158,0.183242,40.251655,-0.093655434,40.230166,-0.072165562
1298281,0.23508,40.1629,0.275154,40.254248,-0.09134761,40.232688,-0.069788149
19341,0.23543,40.2336,0.214202,40.257872,-0.024272368,40.236216,-0.0026155624
15287,0.2363,40.3805,0.155735,40.266861,0.11363911,40.244963,0.13553748
310574,0.23649,40.2636,0.156727,40.26882,-0.0052198202,40.246869,0.016731234
13511,0.23653,40.4674,0.193131,40.269232,0.19816796,40.24727,0.2201301
12881,0.23671,40.119,0.236651,40.271086,-0.15208623,40.249074,-0.13007422
16350,0.23684,40.2279,0.210237,40.272425,-0.044524561,40.250377,-0.022476535
1317277,0.23711,40.2245,0.203948,40.275202,-0.050701989,40.253079,-0.028579221
20768,0.23735,40.7365,0.305716,40.277668,0.45883164,40.255479,0.48102081
17884,0.23776,40.2317,0.172272,40.281876,-0.050176389,40.259574,-0.027873909
470008,0.23954,39.9059,0.208409,40.300068,-0.3941678,40.277275,-0.37137482
18486,0.23971,40.13,0.180786,40.301799,-0.17179863,40.278959,-0.14895892
510251,0.24004,40.3847,0.264226,40.305155,0.079544784,40.282225,0.10247512
580300,0.24072,40.4016,0.166736,40.312058,0.089541634,40.288942,0.11265847
510550,0.24106,40.3291,0.130654,40.315503,0.013596831,40.292293,0.036806787
17223,0.24151,40.172,0.261675,40.320056,-0.14805555,40.296722,-0.12472248
460064,0.24153,40.1214,0.184136,40.320258,-0.1988577,40.296919,-0.17551916
14481,0.24207,40.564,0.221356,40.32571,0.23829022,40.302224,0.26177629
20111,0.24267,40.4217,0.219858,40.331754,0.089945555,40.308105,0.11359529
480064,0.24271,40.5734,0.259119,40.332157,0.24124307,40.308496,0.2649037
20088,0.24316,40.2516,0.143114,40.336681,-0.085080661,40.312897,-0.061297471
13506,0.24341,40.538,0.306318,40.33919,0.1988095,40.315339,0.22266072
19023,0.24405,40.2956,0.242814,40.345605,-0.050004805,40.32158,-0.025979665
15466,0.24436,40.2064,0.221704,40.348706,-0.14230614,40.324597,-0.11819686
3377,0.24449,40.1263,0.186144,40.350006,-0.22370561,40.325861,-0.19956107
000174,0.24497,40.3336,0.209543,40.354798,-0.021198131,40.330524,0.0030764945
420407,0.24512,40.4957,0.181643,40.356294,0.13940599,40.331979,0.16372123
20039,0.24539,40.3582,0.219468,40.358984,-0.00078445506,40.334596,0.023603856
000010,0.24594,40.4318,0.167359,40.364457,0.067343478,40.33992,0.091880466
13835,0.24604,40.3473,0.149416,40.36545,-0.018150225,40.340886,0.0064137712
15219,0.24637,40.378,0.17135,40.368727,0.0092732062,40.344074,0.033926277
12977,0.24643,40.2829,0.214739,40.369322,-0.086422097,40.344653,-0.06175284
05D3mq,0.24649,40.3907,0.15515,40.369917,0.020782734,40.345232,0.045468175
1334645,0.24701,40.1983,0.137434,40.37507,-0.17676978,40.350244,-0.15194419
3451,0.24835,40.203,0.17717,40.388301,-0.18530126,40.363115,-0.16011544
450082,0.24848,40.4276,0.195634,40.389581,0.038018611,40.364361,0.06323931
420087,0.24848,40.4912,0.215929,40.389581,0.10161861,40.364361,0.12683931
560152,0.24851,40.3657,0.261564,40.389877,-0.024176716,40.364648,0.0010520305
15161,0.24853,40.3256,0.178325,40.390074,-0.064473582,40.364839,-0.039239471
19990,0.24883,40.427,0.180619,40.393025,0.033975187,40.36771,0.059289725
120585,0.24899,40.3167,0.167358,40.394597,-0.077897456,40.36924,-0.05254005
3199,0.24961,40.6733,0.220606,40.400683,0.27261738,40.375159,0.29814072
16106,0.24973,40.2961,0.206796,40.401859,-0.10575878,40.376303,-0.080203353
15868,0.24974,40.3915,0.163714,40.401957,-0.010456765,40.376399,0.015101331
520077,0.25004,40.5965,0.224495,40.404895,0.19160524,40.379257,0.2172435
390449,0.25008,40.3764,0.218218,40.405286,-0.028886245,40.379637,-0.0032373057
13689,0.2503,40.4145,0.179616,40.407438,0.0070616188,40.381731,0.032769294
5717,0.25037,40.5692,0.188725,40.408123,0.16107722,40.382396,0.18680357
500004,0.25052,40.3009,0.188277,40.409589,-0.10868877,40.383822,-0.082922391
16213,0.25077,40.3873,0.202604,40.41203,-0.024730264,40.386197,0.0011027724
17552,0.25191,40.4698,0.207347,40.423135,0.046665002,40.396999,0.072801433
310161,0.25247,40.4622,0.166497,40.428573,0.03362708,40.402288,0.059912198
9032,0.25249,40.4066,0.259149,40.428767,-0.022166925,40.402477,0.0041234994
000034,0.25319,40.3688,0.15705,40.435548,-0.066748146,40.409072,-0.040272196
17464,0.25345,40.0303,0.262822,40.438062,-0.40776246,40.411518,-0.3812177
5736,0.25394,40.4546,0.167762,40.442795,0.011805497,40.41612,0.038479829
1336480,0.25605,40.6458,0.194176,40.463075,0.18272487,40.435845,0.20995512
1112,0.25609,40.5593,0.271675,40.463458,0.095841904,40.436217,0.12308266
17340,0.25625,40.3729,0.207312,40.464989,-0.092089423,40.437707,-0.064806654
9457,0.25672,40.5023,0.251739,40.469483,0.032817418,40.442076,0.060223507
19207,0.25721,40.5776,0.249962,40.474159,0.10344116,40.446624,0.13097565
18325,0.25723,40.4941,0.193606,40.47435,0.019750471,40.44681,0.047290194
8046,0.2576,40.6088,0.22531,40.477875,0.13092514,40.450238,0.15856169
6108,0.258,40.528,0.231214,40.481681,0.046319236,40.45394,0.074060363
550041,0.25847,40.4663,0.209281,40.486146,-0.019845724,40.458282,0.008018127
1297026,0.25855,40.51,0.149785,40.486905,0.023095031,40.45902,0.050979756
1289664,0.25908,40.2879,0.178603,40.491929,-0.20402948,40.463907,-0.17600658
1303883,0.25911,40.5418,0.163699,40.492214,0.049586402,40.464183,0.07761711
1335694,0.25912,40.4255,0.162943,40.492308,-0.066808298,40.464275,-0.038774985
12972,0.25935,40.5238,0.233841,40.494485,0.029314526,40.466392,0.057407729
1330426,0.25954,40.442,0.169977,40.496283,-0.054282662,40.46814,-0.026140013
020176,0.26051,40.5033,0.171288,40.505439,-0.0021388424,40.477044,0.026255835
370498,0.26086,40.6128,0.185932,40.508735,0.10406513,40.480249,0.13255058
15440,0.2613,40.447,0.207526,40.512873,-0.065872647,40.484273,-0.03727321
1337649,0.26151,40.4182,0.225542,40.514845,-0.096645221,40.486191,-0.067991429
2017,0.26162,40.6874,0.258941,40.515878,0.17152211,40.487196,0.20020436
19702,0.26162,40.681,0.233293,40.515878,0.16512211,40.487196,0.19380436
1253,0.26166,40.392,0.226027,40.516253,-0.1242533,40.487561,-0.095560708
13655,0.26173,40.6935,0.249126,40.51691,0.17658985,40.488199,0.20530055
18945,0.26187,40.7216,0.216893,40.518223,0.20337663,40.489476,0.23212353
13956,0.2629,41.2641,0.514634,40.527865,0.73623507,40.498852,0.76524784
520019,0.26309,40.6388,0.170092,40.52964,0.10916035,40.500578,0.13822208
04D3ez,0.26348,40.3997,0.177345,40.533279,-0.13357878,40.504117,-0.10441663
350235,0.26384,40.5588,0.167704,40.536634,0.022166451,40.507379,0.051421195
330022,0.26386,40.3035,0.205843,40.53682,-0.2333198,40.50756,-0.20405992
12983,0.26395,40.6342,0.381046,40.537658,0.096542226,40.508375,0.12582525
2943,0.26405,40.5074,0.238455,40.538589,-0.031188544,40.50928,-0.0018798283
13099,0.26451,40.6719,0.256474,40.542866,0.12903411,40.513439,0.15846094
110478,0.26462,40.5153,0.197965,40.543888,-0.028587713,40.514433,0.00086733987
2422,0.2657,40.6087,0.219728,40.553899,0.054800668,40.524168,0.084532356
6315,0.26576,40.3244,0.206109,40.554454,-0.23005443,40.524707,-0.2003074
1334087,0.26629,40.2901,0.264978,40.559353,-0.26925274,40.52947,-0.23937028
18463,0.26687,40.5463,0.204902,40.564703,-0.018402831,40.534672,0.011627607
1309288,0.26794,40.5103,0.202065,40.574545,-0.064244641,40.544242,-0.033941839
520023,0.26804,40.4623,0.232043,40.575463,-0.11316258,40.545134,-0.082834361
06D3fp,0.26848,40.4553,0.240404,40.579498,-0.12419773,40.549058,-0.093757782
530037,0.2685,40.579,0.191142,40.579681,-0.00068100218,40.549236,0.029764023
14298,0.26879,40.6039,0.217156,40.582337,0.021562993,40.551818,0.052081581
510638,0.27006,40.6363,0.197002,40.593937,0.042362675,40.563097,0.073202721
19002,0.2701,40.5089,0.164866,40.594302,-0.085401868,40.563452,-0.054551716
310051,0.27045,40.5139,0.20931,40.597489,-0.083589494,40.566551,-0.052650962
160039,0.27085,40.4887,0.166124,40.601128,-0.11242782,40.570088,-0.08138839
380378,0.27129,40.5677,0.123404,40.605124,-0.037424245,40.573974,-0.0062739514
1292332,0.27265,40.5415,0.173203,40.617439,-0.075939003,40.585947,-0.044446911
15356,0.2734,40.4721,0.208686,40.624206,-0.15210593,40.592526,-0.1204259
420258,0.27444,40.7399,0.293068,40.633561,0.10633898,40.601621,0.13827896
150254,0.27508,40.5286,0.241865,40.639302,-0.11070171,40.607202,-0.078602136
100213,0.27511,40.7769,0.239421,40.639571,0.1373295,40.607463,0.16943655
20227,0.27574,40.6631,0.213576,40.645209,0.01789114,40.612945,0.050154996
19051,0.27619,40.6749,0.180061,40.649229,0.025671036,40.616853,0.058046728
4000,0.27656,40.8504,0.272235,40.65253,0.19787016,40.620062,0.2303377
4046,0.27764,40.6186,0.24474,40.662142,-0.043541522,40.629406,-0.010806427
1297465,0.27784,40.9187,0.17803,40.663918,0.25478234,40.631133,0.28756689
5957,0.27924,40.7037,0.164335,40.676318,0.027382372,40.643188,0.060512353
6196,0.2798,40.5056,0.19932,40.681262,-0.17566151,40.647994,-0.14239374
040201,0.27987,40.5664,0.153331,40.681879,-0.11547885,40.648594,-0.082193871
520188,0.28049,40.6663,0.153096,40.68734,-0.0210405,40.653903,0.012396751
18485,0.28122,40.6224,0.174763,40.693757,-0.071356847,40.660141,-0.037740649
1317286,0.28198,40.5986,0.166629,40.700421,-0.10182052,40.666618,-0.068018415
06D3dt,0.28256,40.744,0.297355,40.705495,0.038505214,40.671551,0.072448933
15584,0.28333,40.6596,0.184378,40.712216,-0.052616435,40.678085,-0.018485072
310238,0.28395,40.5735,0.154134,40.717616,-0.1441164,40.683334,-0.10983424
16072,0.28434,40.6919,0.20709,40.721008,-0.029107558,40.686631,0.0052693175
14261,0.28436,40.5431,0.186562,40.721181,-0.17808135,40.6868,-0.14369962
17791,0.28468,41.1135,0.351325,40.72396,0.38953956,40.689501,0.42399892
440050,0.28547,40.7046,0.185989,40.730809,-0.026208982,40.696158,0.0084417475
350080,0.28577,40.671,0.173206,40.733405,-0.062405098,40.698682,-0.027681811
20040,0.28655,40.6389,0.217509,40.740143,-0.10124321,40.705232,-0.066331564
20245,0.28723,40.5691,0.250397,40.746004,-0.17690363,40.710928,-0.14182811
17809,0.28746,40.5379,0.238886,40.747983,-0.21008293,40.712852,-0.17495205
19128,0.28763,40.8753,0.227224,40.749445,0.12585506,40.714273,0.16102683
1334644,0.28806,40.7075,0.188011,40.753139,-0.045639414,40.717864,-0.010364293
1313594,0.28835,40.749,0.137848,40.755628,-0.0066281539,40.720283,0.028716595
091869,0.28843,40.7458,0.165419,40.756314,-0.010514295,40.72095,0.024849652
2165,0.28882,40.9433,0.226038,40.759657,0.18364329,40.724199,0.21910076
2789,0.2889,40.7428,0.228497,40.760342,-0.017541822,40.724865,0.017934824
1334597,0.28896,40.6763,0.168052,40.760856,-0.084555538,40.725365,-0.049064516
1310395,0.28899,40.702,0.277224,40.761112,-0.059112358,40.725614,-0.02361415
350180,0.28952,40.9765,0.256114,40.765645,0.21085454,40.73002,0.24647962
570056,0.28998,40.7298,0.234493,40.769574,-0.039773635,40.733839,-0.0040385907
1289288,0.29001,40.7393,0.271437,40.76983,-0.03052962,40.734087,0.005212591
19596,0.29036,40.7861,0.23085,40.772814,0.013285701,40.736989,0.049111475
19027,0.29114,40.484,0.219145,40.779454,-0.29545391,40.743442,-0.25944221
1263715,0.29186,40.7653,0.172199,40.785568,-0.020268185,40.749385,0.015914781
1291090,0.29199,40.7606,0.177707,40.786671,-0.026070663,40.750457,0.010143188
390264,0.29208,40.4229,0.292471,40.787434,-0.36453365,40.751198,-0.32829842
12841,0.29208,40.7505,0.483728,40.787434,-0.036933651,40.751198,-0.00069842488
21006,0.29241,40.6378,0.228825,40.790229,-0.15242941,40.753916,-0.11611586
420414,0.29246,40.6952,0.224836,40.790653,-0.09545276,40.754327,-0.059127342
150509,0.2928,40.7458,0.174302,40.79353,-0.047729735,40.757124,-0.011323703
130755,0.29291,40.8268,0.203556,40.79446,0.032340141,40.758028,0.068772237
6249,0.29354,40.857,0.204834,40.799781,0.057219286,40.763199,0.093800504
1303004,0.29496,40.762,0.173778,40.811735,-0.0497351,40.774819,-0.012818745
19794,0.29568,41.0209,0.307913,40.817776,0.20312386,40.78069,0.24020963
580270,0.29576,40.9989,0.165779,40.818447,0.18045347,40.781342,0.21755804
1119,0.29639,40.9938,0.366054,40.82372,0.17008004,40.786467,0.20733252
13610,0.29683,40.6595,0.202621,40.827397,-0.16789685,40.790041,-0.13054121
1293319,0.29687,40.7505,0.210501,40.827731,-0.077230859,40.790366,-0.039865853
420196,0.29842,41.2705,0.232731,40.840642,0.42985815,40.802915,0.46758545
570025,0.29845,40.6539,0.272883,40.840891,-0.18699113,40.803157,-0.14925683
6137,0.29888,40.9195,0.25505,40.844462,0.075038441,40.806627,0.11287296
10550,0.29923,41.0113,0.341681,40.847364,0.16393579,40.809448,0.20185178
14735,0.29936,40.7335,0.186464,40.848442,-0.11494154,40.810495,-0.076995303
120444,0.29947,41.0213,0.195981,40.849353,0.17194721,40.811381,0.20991903
170428,0.30007,40.9837,0.198158,40.854318,0.12938221,40.816207,0.16749343
5391,0.30022,40.8795,0.247188,40.855558,0.0239424,40.817412,0.06208843
350078,0.30078,41.1729,0.294726,40.860181,0.31271883,40.821905,0.35099469
570022,0.30141,41.1086,0.206046,40.865373,0.24322682,40.826952,0.28164849
350192,0.3015,40.8585,0.191702,40.866114,-0.007614078,40.827672,0.030828404
460037,0.30254,40.8894,0.22475,40.874661,0.014739283,40.835978,0.053421834
1339002,0.30296,40.8204,0.274703,40.878105,-0.057704537,40.839325,-0.018925238
150457,0.30339,40.9204,0.142521,40.881626,0.038774222,40.842748,0.077652452
7143,0.30354,41.0778,0.197526,40.882853,0.19494697,40.84394,0.23385968
19818,0.30395,40.7052,0.182517,40.886205,-0.18100466,40.847198,-0.14199777
1287626,0.30396,40.719,0.22209,40.886286,-0.16728636,40.847277,-0.12827717
1259412,0.30477,40.9018,0.140115,40.892895,0.0089046135,40.8537,0.048099523
1335717,0.30478,41.0411,0.242802,40.892977,0.14812312,40.85378,0.18732032
12883,0.30519,40.5924,0.306711,40.896316,-0.30391589,40.857025,-0.26462485
350630,0.30525,40.9054,0.133839,40.896804,0.0085958196,40.857499,0.047900584
440005,0.30551,41.0041,0.226225,40.898919,0.10518093,40.859555,0.14454514
350027,0.30568,40.9451,0.165493,40.900301,0.04479902,40.860898,0.084202068
560087,0.30641,40.8959,0.201565,40.906227,-0.010326994,40.866657,0.02924263
340334,0.30668,41.16,0.239095,40.908415,0.2515845,40.868784,0.29121565
1281668,0.30697,40.9573,0.150058,40.910764,0.046535874,40.871067,0.086233046
520062,0.30805,41.2018,0.139651,40.919493,0.28230729,40.87955,0.32224986
5966,0.30822,40.9533,0.254065,40.920864,0.032435923,40.880883,0.072417061
1319821,0.30881,40.9954,0.152417,40.925618,0.069781912,40.885503,0.10989673
6699,0.30915,41.046,0.250639,40.928354,0.11764613,40.888162,0.15783788
5844,0.3093,40.9757,0.270379,40.92956,0.046140052,40.889334,0.086365715
16211,0.30939,41.0177,0.300429,40.930283,0.087416666,40.890037,0.12766267
21042,0.30955,40.72,0.257177,40.931569,-0.21156887,40.891287,-0.17128672
1300516,0.31043,40.6197,0.336421,40.938628,-0.31892837,40.898148,-0.27844767
15213,0.31053,40.9962,0.221391,40.939429,0.056770591,40.898926,0.097273816
500100,0.31077,41.046,0.182638,40.941351,0.10464906,40.900794,0.14520633
000420,0.31152,41.0123,0.141744,40.947347,0.06495313,40.906621,0.10567904
1338128,0.31185,41.0377,0.210925,40.949981,0.087719152,40.909181,0.12851916
1337838,0.31195,40.9503,0.160446,40.950779,-0.00047851349,40.909956,0.040343927
1263369,0.31252,40.9565,0.149709,40.955321,0.0011793073,40.91437,0.042129516
1294743,0.31258,41.0352,0.279475,40.955798,0.079401629,40.914835,0.12036528
20142,0.31259,40.6239,0.2062,40.955878,-0.33197798,40.914912,-0.29101209
1283878,0.31287,41.0195,0.203499,40.958106,0.061394049,40.917077,0.10242261
1341894,0.31294,41.0061,0.176794,40.958663,0.047437344,40.917618,0.088481563
19632,0.31377,41.0228,0.214434,40.965255,0.05754518,40.924025,0.098774848
530112,0.31444,41.1251,0.155711,40.970564,0.15453556,40.929185,0.1959146
15383,0.31495,41.0194,0.227804,40.974599,0.044800927,40.933107,0.086293478
6649,0.31509,40.8837,0.219964,40.975706,-0.092005562,40.934182,-0.05048188
110716,0.31577,41.2033,0.233304,40.981073,0.22222653,40.939399,0.26390124
15776,0.31582,40.933,0.227638,40.981468,-0.048467745,40.939782,-0.006781946
6100,0.31613,41.1979,0.274091,40.983911,0.21398903,40.942156,0.25574357
100163,0.31773,41.0738,0.195921,40.996486,0.077314,40.954378,0.11942235
1345553,0.31795,41.0772,0.167213,40.99821,0.078989521,40.956054,0.12114639
080646,0.31813,41.0199,0.153489,40.999621,0.020279405,40.957424,0.062475951
550059,0.31839,41.3345,0.327925,41.001656,0.33284387,40.959402,0.37509769
440509,0.31892,40.8941,0.203876,41.005801,-0.11170071,40.96343,-0.06933028
310188,0.31893,41.141,0.177674,41.005879,0.13512115,40.963506,0.17749378
170078,0.32089,41.2315,0.207296,41.02115,0.21034963,40.978348,0.25315195
330128,0.32095,40.9546,0.156373,41.021616,-0.067016498,40.978801,-0.024201064
1266657,0.32108,41.1921,0.293444,41.022626,0.16947383,40.979782,0.21231767
1261579,0.32214,40.8774,0.138773,41.030845,-0.15344481,40.98777,-0.11036973
580104,0.32214,40.8628,0.158186,41.030845,-0.16804481,40.98777,-0.12496973
120085,0.32214,40.7271,0.199265,41.030845,-0.30374481,40.98777,-0.26066973
7475,0.32265,40.9316,0.211904,41.03479,-0.10319014,40.991604,-0.060004057
05D2ab,0.32454,41.0699,0.126468,41.049361,0.020539123,41.005765,0.064135123
050291,0.32535,41.2273,0.193265,41.055581,0.17171856,41.01181,0.21548955
500301,0.3255,41.2625,0.255286,41.056732,0.20576818,41.012928,0.24957153
18617,0.3257,41.1639,0.271274,41.058265,0.1056351,41.014418,0.14948158
1305626,0.32573,41.0478,0.141716,41.058495,-0.010694785,41.014642,0.033158157
1308326,0.32622,41.0504,0.157201,41.062247,-0.011846826,41.018288,0.032111657
14456,0.32794,41.0002,0.171833,41.075376,-0.075176064,41.031048,-0.030848308
050303,0.32829,41.3079,0.308428,41.07804,0.2298601,41.033637,0.27426277
530219,0.32838,41.351,0.278699,41.078724,0.27227554,41.034303,0.31669746
430003,0.32843,40.934,0.295651,41.079105,-0.1451047,41.034672,-0.10067208
1306073,0.32859,41.1,0.144172,41.080321,0.019678905,41.035854,0.06414573
6924,0.3286,40.9276,0.222195,41.080397,-0.1527971,41.035928,-0.10832814
1337687,0.3287,41.0716,0.150485,41.081157,-0.00955705,41.036667,0.034933284
1316465,0.3291,41.0566,0.165152,41.084195,-0.027594703,41.039619,0.016981052
13934,0.32931,41.4109,0.310571,41.085788,0.3251119,41.041168,0.36973246
540163,0.32943,41.2391,0.162498,41.086698,0.15240181,41.042052,0.19704796
1301933,0.3296,41.1031,0.114803,41.087987,0.015113036,41.043305,0.059795428
13830,0.32985,40.8444,0.209813,41.089881,-0.2454811,41.045145,-0.20074545
1338675,0.33048,41.1674,0.214426,41.094648,0.072751581,41.049779,0.11762127
4241,0.33052,41.1689,0.23109,41.094951,0.073949178,41.050073,0.11882737
120369,0.33055,41.2306,0.131607,41.095178,0.1354224,41.050293,0.18030697
370394,0.3308,40.996,0.212048,41.097067,-0.10106669,41.052129,-0.056129011
480184,0.3308,41.1586,0.239453,41.097067,0.061533307,41.052129,0.10647099
03D1fc,0.33094,41.0098,0.137116,41.098124,-0.088324007,41.053157,-0.043356599
20106,0.33137,41.2335,0.285481,41.101369,0.13213112,41.05631,0.17718975
580235,0.33154,41.0301,0.218692,41.102651,-0.072550663,41.057556,-0.027455998
370344,0.33155,41.1012,0.166036,41.102726,-0.0015260432,41.057629,0.043570741
470041,0.33179,41.0149,0.143999,41.104535,-0.089634531,41.059387,-0.044486908
1306141,0.3324,40.977,0.159233,41.109126,-0.13212565,41.063849,-0.086848978
130862,0.3329,41.3299,0.201675,41.112883,0.21701695,41.067501,0.26239923
1346956,0.33353,41.0366,0.176123,41.11761,-0.08100994,41.072095,-0.035494808
1309492,0.33353,41.0025,0.141896,41.11761,-0.11510994,41.072095,-0.069594808
16093,0.33439,41.1204,0.23572,41.124049,-0.0036491803,41.078353,0.042046902
500511,0.3349,41.0251,0.171864,41.127861,-0.10276056,41.082057,-0.056957382
1346966,0.33513,41.0242,0.177927,41.129578,-0.10537765,41.083726,-0.059526235
1314897,0.33663,41.0367,0.18424,41.140749,-0.1040494,41.094584,-0.057884154
040782,0.33739,41.0098,0.23724,41.146392,-0.13659216,41.100068,-0.090268435
470015,0.33752,41.1678,0.278653,41.147356,0.020443806,41.101005,0.066794609
04D3kr,0.33753,41.1477,0.176101,41.14743,0.00026966445,41.101077,0.046622549
1300912,0.3378,41.1537,0.233862,41.149431,0.0042686035,41.103022,0.050677681
380318,0.33825,41.145,0.211242,41.152763,-0.0077632072,41.106261,0.038739427
580276,0.33851,41.1131,0.200412,41.154686,-0.041586382,41.10813,0.00497025
1343337,0.339,41.0555,0.356511,41.158307,-0.10280711,41.111649,-0.056148824
04D3nh,0.34051,41.1737,0.192422,41.169434,0.0042655613,41.122464,0.051236179
320258,0.3409,41.0587,0.1943,41.172301,-0.11360095,41.12525,-0.066549894
2533,0.34101,41.0641,0.255103,41.173109,-0.10900891,41.126035,-0.061935177
1336009,0.34176,41.2122,0.321008,41.178611,0.033588736,41.131383,0.080816854
1346387,0.34448,41.3081,0.152468,41.198473,0.10962697,41.150688,0.15741213
350606,0.3445,41.2914,0.299203,41.198619,0.092781471,41.150829,0.14057071
1329312,0.34479,41.2333,0.171671,41.200727,0.032572553,41.152879,0.080420909
470110,0.34547,41.2033,0.23021,41.205666,-0.0023660576,41.157679,0.04562073
03D1bp,0.34594,41.3318,0.136683,41.209074,0.12272575,41.160992,0.17080806
310090,0.34686,41.4163,0.370346,41.215733,0.20056681,41.167464,0.2488357
050301,0.34704,41.1174,0.244272,41.217034,-0.099634108,41.168729,-0.051328774
330089,0.34872,41.3721,0.218415,41.229146,0.14295403,41.180501,0.19159859
160198,0.34899,41.2499,0.158604,41.231087,0.018812531,41.182389,0.067511446
1258906,0.34918,41.282,0.206036,41.232453,0.049547124,41.183716,0.098284265
070955,0.3492,41.1406,0.157954,41.232597,-0.091996563,41.183855,-0.043255399
380279,0.34946,41.2033,0.168604,41.234464,-0.031163801,41.18567,0.017629636
440185,0.34952,41.1526,0.205831,41.234895,-0.082294519,41.186089,-0.033489025
05D2ie,0.34956,41.3756,0.171432,41.235182,0.14041837,41.186368,0.1892319
20186,0.34957,41.4873,0.287684,41.235253,0.2520466,41.186438,0.30086214
04D2mc,0.34957,41.005,0.226318,41.235253,-0.2302534,41.186438,-0.18143786
1248677,0.35017,41.1867,0.147015,41.239556,-0.052856242,41.19062,-0.0039202684
000196,0.35066,41.2342,0.163121,41.243065,-0.0088651633,41.194031,0.040169005
050296,0.35087,41.2532,0.161378,41.244568,0.0086324046,41.195491,0.057708612
120400,0.35156,41.3343,0.138963,41.249498,0.084801705,41.200284,0.13401586
05D2hc,0.35157,41.4798,0.209505,41.24957,0.23023031,41.200354,0.27944646
160197,0.35361,41.3657,0.191944,41.264095,0.10160528,41.214472,0.15122759
05D2mp,0.35527,41.4647,0.223042,41.275857,0.18884311,41.225906,0.23879411
1688,0.35767,41.3574,0.291964,41.292773,0.064627373,41.242349,0.11505068
1334423,0.35791,41.3539,0.215252,41.294458,0.059441593,41.243988,0.10991195
04D3fk,0.35833,41.2423,0.215992,41.297406,-0.055106,41.246853,-0.0045533965
04D2fs,0.35858,41.1484,0.288995,41.299159,-0.150759,41.248557,-0.10015749
160070,0.35897,41.4429,0.171109,41.301891,0.14100859,41.251214,0.19168632
1280217,0.35901,41.1532,0.305677,41.302172,-0.14897151,41.251486,-0.098285961
1307830,0.35949,41.4213,0.15447,41.30553,0.11576965,41.254751,0.16654887
050293,0.36005,41.187,0.191161,41.309444,-0.12244376,41.258555,-0.071555415
160126,0.36023,41.0791,0.230289,41.3107,-0.23160044,41.259777,-0.18067706
470244,0.36081,41.4328,0.197529,41.314746,0.11805422,41.26371,0.16909036
420417,0.36138,41.1159,0.288022,41.318716,-0.20281551,41.267569,-0.15166874
1294014,0.36272,41.2452,0.209997,41.328025,-0.082825014,41.276619,-0.031418927
1346137,0.36326,41.364,0.215101,41.331768,0.032232412,41.280257,0.083742705
560121,0.36491,41.4626,0.291566,41.343171,0.11942867,41.291344,0.17125632
100358,0.36613,41.136,0.226225,41.351572,-0.21557247,41.299511,-0.16351118
190209,0.36648,41.2327,0.155657,41.353978,-0.12127784,41.30185,-0.069149684
1308582,0.36705,41.2088,0.151911,41.357891,-0.14909059,41.305654,-0.09685369
350083,0.3678,41.2627,0.165575,41.36303,-0.10033037,41.310651,-0.047950666
04D1hd,0.36791,41.4699,0.158375,41.363783,0.10611662,41.311383,0.15851724
1343533,0.36844,41.5479,0.336428,41.367409,0.18049138,41.314907,0.23299268
1283936,0.36862,41.463,0.345551,41.368639,0.094361262,41.316103,0.14689672
15704,0.36952,41.4498,0.244353,41.374781,0.075019045,41.322075,0.12772501
18091,0.36977,41.2185,0.255045,41.376485,-0.15798466,41.323731,-0.10523141
510578,0.37012,41.3794,0.188778,41.378868,0.00053194337,41.326049,0.053351327
13136,0.37046,41.6395,0.256631,41.381181,0.25831865,41.328298,0.31120221
05D4bm,0.37051,41.3833,0.160025,41.381521,0.0017786235,41.328628,0.054671616
05D3jr,0.37053,41.273,0.282407,41.381657,-0.10865737,41.328761,-0.05576061
390471,0.37053,41.0698,0.135854,41.381657,-0.31185737,41.328761,-0.25896061
04D2cf,0.37059,41.3759,0.163241,41.382065,-0.0061653268,41.329157,0.046742754
320469,0.37087,41.4098,0.39052,41.383968,0.025831705,41.331007,0.078792566
1291957,0.37143,41.334,0.168104,41.38777,-0.053770234,41.334704,-0.00070394713
05D4fo,0.3715,41.4289,0.165418,41.388245,0.040654898,41.335166,0.09373435
000199,0.3716,41.3842,0.116639,41.388923,-0.004723341,41.335825,0.048374914
05D4cw,0.37351,41.3114,0.133039,41.401845,-0.09044529,41.348389,-0.036988991
16232,0.37426,41.4722,0.234786,41.406903,0.065297413,41.353306,0.11889374
1299643,0.37678,41.4155,0.15471,41.423826,-0.0083264543,41.369762,0.045738006
1282736,0.37798,41.3598,0.223183,41.431849,-0.07204853,41.377562,-0.017762411
590031,0.37859,41.4271,0.182401,41.435917,-0.0088173553,41.381519,0.045581127
7779,0.37986,41.2959,0.219919,41.444369,-0.14846902,41.389737,-0.093837272
320099,0.37989,41.4154,0.163795,41.444568,-0.029168349,41.389931,0.025468899
500057,0.38052,41.4614,0.188044,41.448751,0.012649133,41.393998,0.067401748
110425,0.38083,41.4511,0.201434,41.450807,0.0002934292,41.395997,0.05510273
1299785,0.38131,41.4549,0.20413,41.453987,0.00091346798,41.39909,0.055810434
000011,0.3816,41.6775,0.218983,41.455906,0.22159404,41.400956,0.27654391
040150,0.38174,41.5615,0.198898,41.456832,0.10466791,41.401857,0.1596433
580275,0.3825,41.3726,0.265174,41.461854,-0.089254179,41.40674,-0.034140432
1343401,0.38284,41.3678,0.206585,41.464098,-0.096297902,41.408922,-0.041122364
1281886,0.38394,41.5182,0.20184,41.471344,0.046855655,41.415969,0.10223067
360139,0.38594,41.5217,0.152114,41.48447,0.03722958,41.428734,0.092965537
1338170,0.38677,41.3791,0.270807,41.489899,-0.11079919,41.434014,-0.054914096
550218,0.38735,41.5567,0.273474,41.493686,0.063013627,41.437697,0.11900272
050251,0.38772,41.6302,0.283892,41.4961,0.13410042,41.440044,0.19015575
420352,0.38886,41.383,0.199578,41.503521,-0.12052144,41.447262,-0.064262482
1290779,0.38951,41.544,0.192176,41.507744,0.036255852,41.451369,0.092630584
120086,0.39262,41.4742,0.237288,41.527858,-0.053658007,41.470933,0.0032674637
1291794,0.39512,41.4677,0.203648,41.54392,-0.076219612,41.486555,-0.018855268
1296273,0.39698,41.259,0.168535,41.555808,-0.29680826,41.49812,-0.23911961
1333438,0.39946,41.7119,0.28782,41.571579,0.14032052,41.513461,0.19843867
05D4ff,0.40048,41.4918,0.158339,41.57804,-0.08623961,41.519746,-0.027945779
110734,0.40212,41.4795,0.199524,41.588394,-0.10889448,41.529819,-0.05031935
580312,0.40286,41.5478,0.290402,41.593054,-0.045253937,41.534352,0.013447641
1329615,0.40361,41.616,0.213828,41.597768,0.018231754,41.538939,0.077061193
06D3ed,0.40454,41.6747,0.166047,41.603603,0.071097317,41.544615,0.13008489
350050,0.40472,41.3373,0.202033,41.60473,-0.26743049,41.545712,-0.20841237
05D4dt,0.40547,41.7807,0.135518,41.609425,0.17127535,41.550279,0.23042058
1308314,0.40648,41.6914,0.168815,41.615733,0.075666618,41.556417,0.13498256
1341370,0.409,41.7002,0.240024,41.631411,0.06878941,41.571671,0.12852892
1306390,0.40911,41.7405,0.363654,41.632093,0.10840714,41.572335,0.16816505
450339,0.40927,41.7061,0.274957,41.633085,0.073015045,41.5733,0.13279973
06D4cq,0.40947,41.6784,0.172193,41.634325,0.044075437,41.574506,0.10389357
020090,0.40995,41.6836,0.279968,41.637297,0.046302677,41.577399,0.10620098
1307277,0.41114,41.662,0.318089,41.644653,0.017346657,41.584557,0.077443212
530251,0.41131,41.8335,0.242677,41.645703,0.18779742,41.585578,0.24792223
520071,0.41152,41.8131,0.149106,41.646998,0.16610185,41.586838,0.22626155
1315296,0.41258,41.7893,0.330128,41.653528,0.13577171,41.593193,0.19610717
04D2fp,0.41664,41.7295,0.149208,41.678396,0.051103714,41.617393,0.11210687
05D2dw,0.41864,41.6174,0.202099,41.690564,-0.073163676,41.629235,-0.01183476
440162,0.41927,41.6863,0.192599,41.694385,-0.008085191,41.632954,0.053345908
550137,0.41931,41.4604,0.22264,41.694628,-0.23422765,41.63319,-0.17279007
05D3cf,0.41956,41.7981,0.235757,41.696143,0.1019575,41.634664,0.16343556
1289600,0.41962,41.8662,0.224621,41.696506,0.16969406,41.635018,0.23118183
1340454,0.41997,41.4394,0.294415,41.698625,-0.25922505,41.637081,-0.19768066
550202,0.42027,41.8343,0.344188,41.70044,0.13385988,41.638847,0.19545275
110430,0.42085,41.728,0.250117,41.703946,0.024054172,41.642259,0.085740635
1306626,0.4209,41.6178,0.17643,41.704248,-0.086447834,41.642553,-0.02475331
1306991,0.42199,41.5336,0.270821,41.710823,-0.17722326,41.648953,-0.11535335
1345594,0.42242,41.6796,0.275449,41.713413,-0.033812889,41.651474,0.028126047
04D4gg,0.42245,41.6483,0.231707,41.713593,-0.065293469,41.65165,-0.0033497212
160200,0.42349,41.8403,0.400817,41.719846,0.12045381,41.657736,0.18256408
490037,0.42355,41.5955,0.186465,41.720206,-0.12470649,41.658087,-0.062586626
1302523,0.42392,41.7264,0.13417,41.722427,0.0039727256,41.660248,0.06615169
1312274,0.42451,41.7483,0.195831,41.725965,0.02233521,41.663692,0.08460827
1295027,0.42562,41.7039,0.195468,41.732608,-0.028707714,41.670158,0.033741888
1258940,0.42594,41.7517,0.175449,41.73452,0.017180207,41.672019,0.079680588
050003,0.42689,41.813,0.229539,41.740188,0.072811601,41.677538,0.13546242
110542,0.42694,41.8348,0.198324,41.740486,0.094313579,41.677828,0.1569723
110719,0.42784,42.2757,0.23861,41.745845,0.52985474,41.683044,0.59265554
05D2cb,0.42865,41.8825,0.403543,41.750659,0.13184076,41.687731,0.19476908
440236,0.42888,41.6443,0.193398,41.752025,-0.10772462,41.68906,-0.04476016
1306029,0.42895,41.8266,0.250757,41.75244,0.074159962,41.689465,0.13713542
100101,0.42967,41.9219,0.19807,41.756709,0.16519077,41.693621,0.22827918
080723,0.43013,41.8354,0.165783,41.759433,0.075966721,41.696273,0.13912716
04D1rh,0.43487,41.7828,0.183674,41.787346,-0.0045456881,41.723449,0.059350741
06D4co,0.43544,41.5839,0.13365,41.790683,-0.20678311,41.726699,-0.14279894
000142,0.43673,42.0051,0.1818,41.798221,0.2068788,41.734039,0.27106095
1336008,0.43765,41.6253,0.16614,41.803585,-0.17828452,41.739262,-0.11396168
1333246,0.43774,41.882,0.356877,41.804109,0.077891375,41.739772,0.14222795
560027,0.43883,41.6682,0.279961,41.810448,-0.14224818,41.745946,-0.07774552
1310338,0.43883,41.4679,0.211194,41.810448,-0.34254818,41.745946,-0.27804552
050607,0.43926,41.8262,0.202784,41.812945,0.013254934,41.748377,0.077822952
040166,0.44004,42.1401,0.441915,41.817468,0.32263152,41.752782,0.38731786
510266,0.44059,41.6364,0.160177,41.820654,-0.18425358,41.755884,-0.11948399
1328105,0.44154,41.6823,0.183572,41.826146,-0.14384637,41.761233,-0.078933339
1295256,0.44246,41.8523,0.172891,41.831455,0.020844796,41.766404,0.085896314
06D3df,0.44254,41.9039,0.139699,41.831916,0.071983645,41.766853,0.13704719
06D2gb,0.44368,41.793,0.182219,41.838479,-0.04547931,41.773245,0.01975521
1291080,0.44384,41.8069,0.290347,41.839399,-0.032499166,41.774141,0.032759299
040137,0.44756,41.8552,0.223954,41.860699,-0.0054990141,41.794887,0.060312648
1328066,0.4489,41.8853,0.221814,41.868331,0.016968943,41.802322,0.082978217
1320166,0.44896,41.9875,0.215648,41.868672,0.11882771,41.802654,0.18484581
050580,0.4506,41.6446,0.157686,41.877983,-0.23338294,41.811724,-0.16712422
520016,0.451,41.9281,0.213431,41.880249,0.047850978,41.813932,0.11416818
04D3gt,0.45155,41.7162,0.305385,41.883362,-0.16716183,41.816964,-0.10076433
120094,0.45169,41.9923,0.154715,41.884154,0.10814639,41.817736,0.1745643
04D2gb,0.45169,41.5892,0.225346,41.884154,-0.29495361,41.817736,-0.2285357
1290127,0.45223,41.9959,0.320076,41.887205,0.10869451,41.820709,0.17519108
1253101,0.45333,41.7953,0.207786,41.893412,-0.09811177,41.826755,-0.031455411
1253039,0.45347,41.8863,0.14411,41.894201,-0.0079006498,41.827524,0.058776004
1334302,0.45463,41.7873,0.209236,41.900728,-0.11342834,41.833884,-0.046583897
1306360,0.45478,41.8839,0.284149,41.901571,-0.017671306,41.834705,0.049194792
1345582,0.45878,41.9679,0.252185,41.923955,0.043945039,41.856516,0.11138449
380199,0.46055,42.0021,0.190943,41.933802,0.068298442,41.866111,0.13598916
510597,0.46098,42.0162,0.230251,41.936188,0.080011674,41.868437,0.14776321
05D3lc,0.46156,41.9839,0.138441,41.939404,0.044495607,41.871571,0.11232904
03D4au,0.46641,42.3424,0.396492,41.96615,0.37624962,41.897638,0.44476164
000215,0.4666,42.048,0.135922,41.967193,0.080807145,41.898654,0.14934552
04D4jr,0.4684,41.9733,0.206146,41.977049,-0.0037492952,41.908262,0.065037944
1339149,0.4688,41.7631,0.234035,41.979235,-0.2161348,41.910392,-0.14729246
04D4ju,0.47039,42.2151,0.404516,41.987905,0.22719503,41.918844,0.29625564
05D3mx,0.47057,42.0135,0.180637,41.988885,0.024615232,41.9198,0.093700482
370367,0.4717,41.9798,0.210913,41.995028,-0.01522773,41.925788,0.054011837
1316437,0.47196,42.0374,0.25691,41.996439,0.040960795,41.927164,0.11023578
05D2bv,0.47572,41.938,0.177112,42.01677,-0.078770335,41.946987,-0.00898658
370329,0.47793,42.2269,0.228278,42.02865,0.19824982,41.95857,0.26832957
310146,0.47943,41.8695,0.203883,42.036684,-0.16718415,41.966405,-0.096904772
1306537,0.47948,42.0107,0.198987,42.036952,-0.026251541,41.966666,0.044034471
560054,0.4798,41.8956,0.237796,42.038662,-0.14306224,41.968334,-0.07273378
05D3dd,0.48056,42.0041,0.160362,42.042721,-0.038620867,41.972292,0.031808214
05D2ac,0.48071,41.9748,0.139221,42.043521,-0.068721201,41.973072,0.0017277085
120044,0.48171,42.3055,0.210887,42.048851,0.25664921,41.97827,0.32723005
05D1ix,0.48881,42.0842,0.199732,42.086395,-0.0021954293,42.014891,0.069309088
1292145,0.49246,42.2783,0.335403,42.105498,0.172802,42.033527,0.24477255
1343208,0.49501,42.0821,0.165011,42.118765,-0.036665,42.046472,0.03562763
1305504,0.4956,42.1453,0.120919,42.121825,0.023474517,42.049459,0.095841256
03D1ax,0.49572,42.0817,0.153945,42.122448,-0.040747535,42.050066,0.031634257
05D4af,0.49737,42.1268,0.225856,42.130986,-0.0041864613,42.058398,0.068401682
06D2bk,0.50073,42.257,0.253816,42.148293,0.10870707,42.075288,0.18171171
350374,0.5009,42.1165,0.283133,42.149166,-0.032665659,42.07614,0.040359931
030006,0.50276,42.0703,0.312874,42.158696,-0.088396174,42.085442,-0.015142278
1337272,0.50276,42.161,0.218549,42.158696,0.0023038263,42.085442,0.075557722
510457,0.503,42.1484,0.311282,42.159924,-0.011523505,42.08664,0.061759739
03D1au,0.50309,42.1444,0.228687,42.160384,-0.015983613,42.087089,0.057310631
1335472,0.50598,42.079,0.166703,42.175117,-0.096117232,42.101472,-0.022471653
1343759,0.50617,42.1043,0.151709,42.176083,-0.071783107,42.102415,0.0018854433
310091,0.50716,42.2358,0.180974,42.18111,0.05468968,42.107322,0.12847767
05D4av,0.50737,42.2419,0.288822,42.182176,0.059724486,42.108362,0.13353776
090201,0.50817,42.0193,0.184312,42.18623,-0.1669296,42.11232,-0.093020191
180313,0.51006,42.0945,0.144405,42.195784,-0.10128362,42.121648,-0.027148175
110484,0.51087,42.0583,0.239085,42.199868,-0.14156802,42.125636,-0.067336171
05D2dy,0.51175,42.3885,0.227281,42.204298,0.18420151,42.129962,0.25853777
04D1pg,0.5138,42.2567,0.35966,42.214592,0.042108213,42.140014,0.11668643
04D4in,0.51435,42.2259,0.196162,42.217347,0.008553166,42.142704,0.083195997
04D2mj,0.51475,42.3259,0.402924,42.219349,0.10655123,42.144659,0.18124098
1338430,0.51718,42.0932,0.190441,42.231479,-0.13827915,42.156506,-0.063305893
1334470,0.51876,42.1949,0.250421,42.239338,-0.044437679,42.164181,0.03071859
310260,0.51879,42.1824,0.209558,42.239487,-0.057086673,42.164327,0.01807306
450175,0.51943,42.2438,0.315111,42.242663,0.0011367041,42.16743,0.07637026
06D3el,0.5196,42.2905,0.196455,42.243506,0.046993533,42.168253,0.12224667
04D2gc,0.52277,42.3496,0.273927,42.259182,0.09041822,42.183566,0.16603425
1295921,0.52393,42.1774,0.369236,42.264896,-0.087495512,42.189148,-0.011747733
1322229,0.52613,42.1702,0.223271,42.275699,-0.10549927,42.199703,-0.029503168
050005,0.52851,42.0855,0.188829,42.287339,-0.2018392,42.211077,-0.1255767
1322979,0.52939,42.2913,0.141023,42.291631,-0.00033053904,42.21527,0.07602986
330106,0.53091,41.8802,0.23431,42.299027,-0.41882706,42.222498,-0.3422983
160066,0.53105,42.5109,0.289268,42.299707,0.21119268,42.223163,0.2877369
1338471,0.53117,42.5253,0.38093,42.30029,0.22500974,42.223733,0.3015672
1337703,0.53226,41.9821,0.221979,42.30558,-0.32347964,42.228902,-0.24680214
06D2ca,0.53277,42.2472,0.294354,42.308051,-0.060850979,42.231317,0.015882507
06D2cc,0.53377,42.1649,0.273819,42.31289,-0.14799029,42.236047,-0.071147317
05D4ek,0.53433,42.1433,0.225295,42.315597,-0.17229657,42.238692,-0.095392468
05D4be,0.53532,42.3205,0.204703,42.320374,0.00012563637,42.243362,0.077137504
05D2eb,0.53578,42.2134,0.209507,42.322592,-0.10919152,42.24553,-0.032129711
1289656,0.53944,42.3338,0.244476,42.340169,-0.0063686792,42.262713,0.071087391
110426,0.54089,42.2791,0.233447,42.347101,-0.068001236,42.26949,0.0096095386
1324542,0.54154,42.53,0.24247,42.350203,0.17979675,42.272523,0.2574766
520041,0.5454,42.5633,0.191404,42.368552,0.19474759,42.290466,0.27283417
04D4bq,0.54832,42.0235,0.363222,42.382352,-0.35885191,42.303962,-0.2804616
1306980,0.54886,42.1695,0.378555,42.384896,-0.21539627,42.30645,-0.13695016
050201,0.55011,42.3253,0.19588,42.390777,-0.065476954,42.312202,0.013097888
06D4bo,0.55031,42.3728,0.208456,42.391717,-0.018916693,42.313121,0.059678689
1339450,0.55048,42.4104,0.376261,42.392515,0.017884783,42.313902,0.096497611
04D3hn,0.5526,42.1938,0.244151,42.402454,-0.20865378,42.323624,-0.12982434
06D2ck,0.5538,42.49,0.207133,42.408063,0.081936562,42.329112,0.16088783
1337117,0.55389,42.0827,0.177409,42.408484,-0.3257837,42.329523,-0.24682332
05D1ee,0.55775,42.4389,0.195189,42.426448,0.012452166,42.3471,0.091800481
04D1hx,0.55875,42.2975,0.356215,42.431083,-0.1335826,42.351635,-0.054134729
05D1kl,0.55875,42.7331,0.3833,42.431083,0.3020174,42.351635,0.38146527
1289555,0.56174,42.2937,0.227829,42.444894,-0.15119396,42.365151,-0.071450711
1303952,0.56263,42.6016,0.265242,42.448992,0.15260838,42.369161,0.23243889
05D1cc,0.56276,42.4296,0.234712,42.44959,-0.019989641,42.369746,0.059853586
1330903,0.5643,42.4881,0.207587,42.456664,0.031436021,42.376671,0.11142944
1338278,0.56431,42.3969,0.296515,42.45671,-0.059809857,42.376715,0.020184534
1285317,0.56441,42.3928,0.221111,42.457169,-0.06436859,42.377164,0.015635521
05D1dn,0.56475,42.4873,0.19275,42.458728,0.02857229,42.378691,0.10860942
1317454,0.56883,42.2407,0.262337,42.477368,-0.23666824,42.396938,-0.15623827
1306785,0.57535,42.1912,0.452867,42.506896,-0.31569564,42.425851,-0.23465095
05D2dt,0.57583,42.5915,0.213158,42.509057,0.082443098,42.427968,0.16353241
050203,0.57609,42.4887,0.202103,42.510227,-0.021526876,42.429113,0.059586569
06D3et,0.57661,42.4263,0.166843,42.512565,-0.086265324,42.431404,-0.0051036822
1337228,0.57741,42.645,0.290949,42.516159,0.12884096,42.434923,0.21007655
110721,0.57823,42.4512,0.241176,42.519838,-0.068637712,42.438527,0.012673435
03D4gf,0.57829,42.4174,0.24485,42.520107,-0.10270669,42.43879,-0.021390023
05D1dx,0.57875,42.4272,0.214391,42.522168,-0.09496797,42.440809,-0.01360904
1332059,0.57884,42.5317,0.231686,42.522571,0.0091289175,42.441204,0.090496108
05D3jq,0.57959,42.3923,0.23116,42.525928,-0.13362805,42.444492,-0.052192142
05D3gp,0.5806,42.573,0.262496,42.530442,0.042557731,42.448914,0.12408585
03D1aw,0.58073,42.7061,0.239821,42.531023,0.17507723,42.449483,0.25661719
04D1jg,0.58294,42.5408,0.168029,42.540872,-7.2448394e-05,42.459132,0.081667855
05D4ej,0.58328,42.7974,0.186201,42.542385,0.25501536,42.460614,0.33678632
04D1sa,0.58375,42.6489,0.184752,42.544474,0.10442634,42.46266,0.18623963
04D1kj,0.58375,42.4765,0.198486,42.544474,-0.067973657,42.46266,0.013839626
1338387,0.58382,42.4199,0.199369,42.544785,-0.12488465,42.462965,-0.043065072
05D1hm,0.58575,42.707,0.37297,42.553345,0.1536547,42.471353,0.23564716
05D4bf,0.58728,42.6241,0.203038,42.560113,0.063987256,42.477984,0.14611579
04D1oh,0.58873,42.5021,0.220032,42.566511,-0.064410935,42.484254,0.017845771
03D4gg,0.59028,42.5156,0.248253,42.573334,-0.057733885,42.490941,0.024658993
04D2mh,0.59184,42.4508,0.255828,42.580184,-0.12938372,42.497655,-0.046854673
05D3lr,0.6006,42.6116,0.278838,42.618333,-0.0067330277,42.535056,0.076544476
1338233,0.60149,42.7562,0.394779,42.622179,0.13402066,42.538827,0.21737268
05D4ef,0.60327,42.7503,0.2001,42.629856,0.12044423,42.546356,0.20394443
1335564,0.6062,42.6158,0.275076,42.642445,-0.02664499,42.558703,0.057096714
03D4dy,0.60826,42.5904,0.228388,42.651262,-0.060861565,42.567352,0.023048133
1332413,0.60873,42.6179,0.230751,42.653269,-0.035369139,42.569321,0.04857868
1302141,0.6088,42.4282,0.350327,42.653568,-0.22536801,42.569615,-0.14141452
05D2he,0.60987,42.6876,0.321483,42.658132,0.029467536,42.574092,0.1135075
04D3do,0.61064,42.6686,0.184238,42.661412,0.0071875431,42.577311,0.091289491
04D4an,0.61125,42.9049,0.247686,42.664008,0.2408919,42.579857,0.3250428
1295305,0.61171,42.701,0.16444,42.665964,0.03503615,42.581776,0.11922389
05D1ck,0.61571,42.7085,0.347272,42.682912,0.025588346,42.598407,0.1100933
1308957,0.61869,42.7164,0.388756,42.69547,0.020930134,42.610732,0.10566785
1335868,0.61942,42.6948,0.2753,42.698537,-0.003737434,42.613743,0.081056841
000202,0.61988,42.7557,0.154862,42.700469,0.055231343,42.615639,0.14006116
04D3co,0.62063,42.6988,0.268136,42.703614,-0.0048144686,42.618727,0.080073152
04D2an,0.62188,42.5894,0.275623,42.708849,-0.11944946,42.623866,-0.03446593
03D4dh,0.62523,42.6577,0.215148,42.72283,-0.065130026,42.637592,0.02010794
04D4fx,0.62723,42.585,0.244041,42.731143,-0.14614269,42.645755,-0.060754617
05D1cb,0.63071,42.6632,0.202856,42.745547,-0.082346744,42.659901,0.0032993156
05D2ci,0.63189,42.3111,0.32695,42.750414,-0.4393137,42.664681,-0.35358108
03D4at,0.63223,42.8493,0.323662,42.751814,0.09748556,42.666057,0.18324304
1330642,0.63392,42.5972,0.147609,42.758766,-0.1615663,42.672886,-0.07568583
04D1pu,0.63771,42.5298,0.442879,42.774293,-0.24449258,42.68814,-0.15833972
1343871,0.63787,42.8637,0.31082,42.774946,0.08875389,42.688782,0.17491815
05D4ag,0.63823,42.6594,0.367516,42.776416,-0.11701597,42.690226,-0.03082611
1337325,0.63866,42.7804,0.261646,42.778171,0.0022293889,42.69195,0.088449788
1334879,0.63936,42.79,0.171844,42.781025,0.008975411,42.694755,0.095245387
05D2ec,0.6419,42.8476,0.256941,42.791355,0.056244503,42.704907,0.14269303
1308568,0.64305,42.3609,0.407842,42.79602,-0.43512006,42.709491,-0.34859138
05D3ax,0.64363,42.8034,0.316528,42.79837,0.0050303878,42.711801,0.091599333
04D3cy,0.64364,42.7992,0.309841,42.79841,0.00078989607,42.71184,0.087359535
05D3lb,0.64763,42.819,0.288435,42.814519,0.0044813876,42.727675,0.091325053
1338266,0.64846,43.0397,0.272369,42.817858,0.22184239,42.730958,0.30874242
05D3kt,0.64863,42.7335,0.310678,42.818541,-0.085040993,42.731629,0.0018705498
1334707,0.64964,42.7805,0.149571,42.822598,-0.042097596,42.735618,0.044882179
04D1sk,0.66207,42.9793,0.279772,42.872035,0.10726519,42.784242,0.19505825
05D3hs,0.66463,42.8698,0.233989,42.882106,-0.012306375,42.794152,0.075648185
05D3mh,0.67065,43.0677,0.274795,42.905645,0.1620551,42.817319,0.25038147
03D1co,0.67767,43.2251,0.311797,42.93284,0.29226046,42.844094,0.38100644
05D2bt,0.68195,42.8376,0.239367,42.949288,-0.11168773,42.860293,-0.022693208
06D3cc,0.68365,43.1716,0.407734,42.955793,0.21580652,42.866702,0.30489825
04D4ic,0.68517,43.0166,0.366173,42.961597,0.055002729,42.872419,0.14418065
05D1ke,0.68867,42.8137,0.226508,42.974914,-0.1612145,42.885541,-0.07184072
1262214,0.68937,43.0444,0.271991,42.97757,0.066829843,42.888158,0.15624236
1262715,0.68937,42.8535,0.15677,42.97757,-0.12407016,42.888158,-0.034657641
06D3em,0.69065,42.9143,0.425857,42.98242,-0.068119543,42.892937,0.021363439
03D4cz,0.69316,42.9162,0.318024,42.991904,-0.075703924,42.902284,0.013915849
04D4ib,0.69716,42.9692,0.212738,43.006951,-0.037750624,42.917117,0.052083358
06D4ba,0.69816,42.9671,0.342807,43.010699,-0.043599359,42.920813,0.046287452
05D4cq,0.69916,43.0691,0.215345,43.014443,0.054657054,42.924504,0.14459641
05D4bj,0.69916,42.9402,0.338462,43.014443,-0.074242946,42.924504,0.015696407
1335718,0.69933,43.1107,0.155898,43.015079,0.095621155,42.925131,0.18556941
05D2ck,0.69997,43.1147,0.29538,43.017471,0.097228513,42.92749,0.18721021
04D1si,0.70064,42.917,0.223194,43.019974,-0.10297404,42.929957,-0.012957448
04D4hu,0.70115,43.0968,0.261582,43.021877,0.074922577,42.931834,0.16496563
04D2iu,0.70197,42.8962,0.462713,43.024935,-0.12873499,42.93485,-0.038649526
05D2le,0.70198,43.0433,0.252753,43.024972,0.018327748,42.934886,0.10841372
05D3gv,0.71565,42.9944,0.245932,43.075444,-0.081044434,42.98468,0.0097203621
05D3jh,0.71867,42.8739,0.18843,43.08647,-0.21256983,42.995562,-0.12166211
1331993,0.71962,43.1638,0.204549,43.089929,0.073871128,42.998977,0.16482329
04D1aj,0.71964,42.97,0.342226,43.090002,-0.12000165,42.999049,-0.029048555
05D4ev,0.72013,43.1612,0.243162,43.091784,0.069415979,43.000808,0.16039189
06D3gh,0.72067,43.0459,0.305174,43.093747,-0.04784692,43.002746,0.043154067
06D3do,0.72667,43.0811,0.248363,43.115462,-0.034362213,43.024188,0.056912007
06D3bz,0.72767,43.008,0.257091,43.119065,-0.11106465,43.027746,-0.019745839
1304127,0.72861,43.005,0.283498,43.122447,-0.11744659,43.031086,-0.026086119
06D4bw,0.73012,42.9186,0.321961,43.127871,-0.20927051,43.036444,-0.1178436
1329166,0.73163,43.1799,0.196424,43.133284,0.046616364,43.041791,0.13810909
04D1pp,0.73362,42.9845,0.195902,43.140401,-0.15590109,43.048823,-0.064322555
04D2gp,0.734,43.22,0.388289,43.141758,0.078241918,43.050163,0.16983671
05D2fq,0.73501,43.2537,0.224615,43.145362,0.10833845,43.053724,0.19997629
05D1eo,0.73562,43.1807,0.25711,43.147536,0.033164409,43.055872,0.12482811
05D2ct,0.73602,43.1675,0.425639,43.14896,0.01853975,43.05728,0.11022036
05D3jk,0.73668,42.992,0.21489,43.151309,-0.15930931,43.059601,-0.067600893
04D2ja,0.74202,43.4813,0.32514,43.170241,0.31105893,43.078312,0.40298806
04D3fq,0.74269,43.0825,0.327179,43.172607,-0.090107131,43.080651,0.0018491677
05D3jb,0.74566,43.1675,0.195179,43.183071,-0.015570753,43.090995,0.076504545
04D2kr,0.74613,42.9817,0.25474,43.184723,-0.20302293,43.092629,-0.11092901
04D4im,0.7491,42.9396,0.262488,43.19514,-0.25554012,43.10293,-0.16332986
1285160,0.74932,43.1772,0.163225,43.19591,-0.018710174,43.103691,0.073508613
04D3ks,0.75068,42.9012,0.318716,43.200666,-0.2994657,43.108394,-0.20719447
05D2nt,0.75904,43.2469,0.233153,43.229717,0.017183212,43.137134,0.10976635
05D3mn,0.76069,43.0667,0.201161,43.235414,-0.16871404,43.142771,-0.076071435
05D4cn,0.76108,43.1767,0.236628,43.236759,-0.060058914,43.144102,0.032597641
05D1if,0.76159,43.131,0.239872,43.238517,-0.1075166,43.145842,-0.014841851
04D1qd,0.7656,43.2369,0.225434,43.252297,-0.015397324,43.159482,0.077418176
04D1de,0.7666,43.4224,0.250162,43.255723,0.16667695,43.162873,0.25952693
05D3hh,0.76668,43.3623,0.27025,43.255997,0.10630308,43.163144,0.1991558
04D4id,0.76707,43.5587,0.25715,43.257332,0.30136835,43.164466,0.39423444
04D1pc,0.7686,43.2929,0.311675,43.262562,0.03033844,43.169643,0.12325662
1329196,0.76933,43.2168,0.162741,43.265053,-0.048253333,43.172111,0.04468949
05D4bi,0.77308,43.3568,0.295081,43.277818,0.078982388,43.18475,0.17204975
1325358,0.77931,43.0395,0.311092,43.298892,-0.25939153,43.205625,-0.1661249
05D4cs,0.78806,43.3042,0.232049,43.328216,-0.024016067,43.234685,0.069514598
03D4fd,0.78905,43.3837,0.271177,43.331514,0.052185948,43.237955,0.14574533
1309749,0.78929,43.1995,0.165559,43.332313,-0.13281296,43.238747,-0.039246648
04D1ks,0.79656,42.9026,0.372096,43.356402,-0.45380233,43.262633,-0.36003261
03D1fq,0.79858,43.4338,0.288144,43.363058,0.070742169,43.269234,0.1645662
Elvis,0.83973,43.36,0.211845,43.495196,-0.13519572,43.400466,-0.040466163
Spock,0.83973,43.2012,0.390423,43.495196,-0.29399572,43.400466,-0.19926616
Manipogo,0.85474,43.6168,0.299913,43.541832,0.074968069,43.446864,0.16993641
Vilas,0.93577,43.5331,0.239939,43.780544,-0.24744416,43.685054,-0.15195379
Ombo,0.97424,44.1111,0.201519,43.88686,0.22423968,43.791534,0.31956588
SCP05D0,1.01236,44.1177,0.367085,43.988205,0.12949495,43.893275,0.22442476
Eagle,1.0198,44.2757,0.225903,44.007545,0.26815541,43.912718,0.3629823
Ferguson,1.02081,43.9706,0.47547,44.010159,-0.039559219,43.915347,0.055253078
Strolger,1.02781,44.5364,0.353385,44.02821,0.50818958,43.933503,0.60289669
SCP06U4,1.04819,44.4229,0.488758,44.08008,0.34281951,43.985719,0.43718096
Gabi,1.12085,44.4405,0.22363,44.257198,0.18330186,44.164514,0.27598579
SCP06H5,1.23223,44.3207,0.610496,44.507623,-0.18692312,44.418679,-0.097979241
Lancaster,1.23589,44.905,0.273735,44.515462,0.38953756,44.426662,0.4783376
Aphrodite,1.29912,44.8641,0.275291,44.647333,0.21676729,44.561202,0.30289775
Thoth,1.30412,44.7206,0.316517,44.657484,0.063116423,44.571578,0.14902165
Inanna,1.30612,45.0197,0.445162,44.661533,0.35816704,44.575718,0.44398162
SCP05D6,1.31311,44.7867,0.316349,44.675637,0.11106336,44.590141,0.19655869
washington,1.32911,44.8745,0.238344,44.707637,0.16686295,44.622887,0.25161346
Borg,1.34093,44.7541,0.306395,44.731029,0.023071114,44.646841,0.10725912
SCP06G4,1.35134,44.5492,0.31846,44.751459,-0.2022587,44.667774,-0.11857447
Mcguire,1.3561,44.8094,0.238282,44.760747,0.048652583,44.677296,0.13210388
Sasquatch,1.39096,44.7944,0.374345,44.827786,-0.033386303,44.746088,0.0483119
SCP06K0,1.41631,44.4579,0.735776,44.875478,-0.41757829,44.795105,-0.33720475
carter,1.54295,45.0902,0.371014,45.101466,-0.011265585,45.028257,0.061942933
Primo,1.54903,45.293,0.233771,45.111836,0.18116415,45.038992,0.25400832
rutledge,1.61499,45.1595,0.333024,45.221748,-0.062247851,45.152959,0.0065409909
geta,1.69702,45.2863,0.38048,45.352219,-0.065918725,45.288706,-0.0024058343
stone,1.80111,45.4865,0.281981,45.508789,-0.022289216,45.452274,0.034225941
wilson,1.9116,45.4233,0.358642,45.665146,-0.24184597,45.616347,-0.19304708
colfax,2.2613,46.1828,0.281309,46.104885,0.077914785,46.081676,0.10112373
