Name,zcmb,mu_obs,e_mu_obs,mu_model_lcdm,residual_lcdm,mu_model_USMFv2,residual_USMFv2
2011fe,0.00122,28.9987,1.51645,28.442499,0.55620137,28.592857,0.40584319
2011fe,0.00122,29.0559,1.51747,28.442499,0.61340137,28.592857,0.46304319
2012cg,0.00256,30.7233,0.782372,30.053984,0.66931554,30.203709,0.51959083
2012cg,0.00256,30.7449,0.799068,30.053984,0.69091554,30.203709,0.54119083
2013dy,0.00293,31.5611,0.530838,30.347698,1.2134023,30.497248,1.0638521
2013dy,0.00293,31.499,0.514259,30.347698,1.1513023,30.497248,1.0017521
1994DRichmond,0.00299,30.7757,0.881212,30.391809,0.38389125,30.541331,0.23436936
1981B,0.0035,30.7946,0.614535,30.734585,0.060015061,30.883867,-0.089266558
2001el,0.00357,31.5011,0.591006,30.777694,0.72340556,30.926943,0.57415689
2021pit,0.00366,30.9999,0.566505,30.831898,0.16800155,30.981105,0.018795241
2011by,0.00369,31.7933,0.55272,30.849671,0.94362859,30.998864,0.7944364
1998aq,0.00369,31.4967,0.545492,30.849671,0.64702859,30.998864,0.4978364
2005df_ANU,0.00435,31.3779,0.479276,31.208009,0.16989057,31.356891,0.021008711
2005df,0.00435,31.3933,0.476404,31.208009,0.18529057,31.356891,0.036408711
2011B,0.00458,31.6512,0.514401,31.320247,0.33095302,31.469021,0.18217918
1980N,0.0046,31.2476,0.558603,31.32974,-0.082139737,31.478504,-0.23090419
2012fr,0.0046,31.2234,0.410577,31.32974,-0.10633974,31.478504,-0.25510419
1992A,0.0046,31.34,0.562589,31.32974,0.010260263,31.478504,-0.13850419
2007on,0.0046,31.7635,0.574442,31.32974,0.43376026,31.478504,0.28499581
2007on,0.0046,31.6525,0.564724,31.32974,0.32276026,31.478504,0.17399581
2012fr,0.0046,31.1331,0.446882,31.32974,-0.19663974,31.478504,-0.34540419
1990N,0.00462,31.6969,0.550993,31.339191,0.35770856,31.487947,0.2089535
2012ht,0.00465,32.033,0.420403,31.353293,0.67970719,31.502034,0.53096621
2012ht,0.00465,31.9309,0.442017,31.353293,0.57760719,31.502034,0.42886621
2017cbv,0.00478,30.4013,0.578445,31.413369,-1.0120689,31.562049,-1.1607489
2017cbv,0.00478,30.5107,0.578546,31.413369,-0.90266892,31.562049,-1.0513489
2013aa,0.00478,30.5528,0.580251,31.413369,-0.86056892,31.562049,-1.0092489
2013aa,0.00478,30.4604,0.594683,31.413369,-0.95296892,31.562049,-1.1016489
2016coj,0.00489,31.9117,0.469628,31.462944,0.44875589,31.611572,0.30012755
SN2016coj,0.00489,31.8985,0.483668,31.462944,0.43555589,31.611572,0.28692755
2007gi,0.00505,31.7403,0.491367,31.533104,0.20719553,31.681658,0.058642236
2015F,0.00515,31.539,0.407028,31.575839,-0.036838544,31.724345,-0.18534495
2015F,0.00515,31.4473,0.448264,31.575839,-0.12853854,31.724345,-0.27704495
1994ae,0.0054,32.1822,0.339643,31.679158,0.50304186,31.827547,0.35465262
2014bv,0.00548,32.4001,0.482567,31.711216,0.68888407,31.859568,0.54053232
2019np,0.0055,32.4608,0.318474,31.719158,0.74164247,31.8675,0.59330009
2019np,0.0055,32.4338,0.32229,31.719158,0.71464247,31.8675,0.56630009
2006dd,0.00551,31.1857,0.452235,31.723118,-0.53741755,31.871455,-0.68575525
1981D,0.00551,30.9079,0.524992,31.723118,-0.81521755,31.871455,-0.96355525
2007le,0.00552,32.0203,0.538159,31.72707,0.29322959,31.875403,0.14489657
2007le,0.00552,32.0754,0.533991,31.72707,0.34832959,31.875403,0.19999657
2007le,0.00552,32.0843,0.537335,31.72707,0.35722959,31.875403,0.20889657
1998dm,0.00567,32.8333,0.562902,31.785522,1.0477776,31.933785,0.89951486
1995al,0.00592,32.3593,0.359446,31.879602,0.47969776,32.027748,0.33155201
2011iv,0.00594,31.2217,0.420706,31.886957,-0.66525685,32.035093,-0.81339324
2018gv,0.00596,31.9404,0.344335,31.894287,0.046113149,32.042414,-0.10201388
2018gv,0.00596,31.9102,0.350249,31.894287,0.015913149,32.042414,-0.13221388
2018gv,0.00596,32.0666,0.343707,31.894287,0.17231315,32.042414,0.024186116
2015bp,0.00603,32.4685,0.487055,31.91975,0.54874966,32.067845,0.40065538
1992G,0.00611,32.4405,0.439634,31.948493,0.49200651,32.09655,0.34394964
2007af,0.00635,32.0999,0.322811,32.032527,0.067373022,32.180472,-0.080571628
2007af,0.00635,32.0667,0.32593,32.032527,0.034173022,32.180472,-0.11377163
2007af,0.00635,32.0023,0.36156,32.032527,-0.030226978,32.180472,-0.17817163
2007af,0.00635,32.0337,0.339166,32.032527,0.0011730223,32.180472,-0.14677163
2007sr,0.0066,31.6799,0.375913,32.116764,-0.43686424,32.264592,-0.58469208
2007sr,0.0066,31.6292,0.385756,32.116764,-0.48756424,32.264592,-0.63539208
2003du,0.00664,32.7685,0.292411,32.129947,0.63855326,32.277756,0.49074411
2003du,0.00664,32.7943,0.289134,32.129947,0.66435326,32.277756,0.51654411
2003du,0.00664,32.7423,0.294759,32.129947,0.61235326,32.277756,0.46454411
2002fk,0.00668,32.4423,0.300309,32.14305,0.29924957,32.290841,0.1514591
2002fk,0.00668,32.4642,0.300269,32.14305,0.32114957,32.290841,0.1733591
2018aoz,0.00701,31.7282,0.501431,32.248268,-0.52006772,32.395904,-0.66770413
2005cf,0.00703,32.3327,0.348317,32.254485,0.078214876,32.402112,-0.069412206
2005cf,0.00703,32.3221,0.322655,32.254485,0.067614876,32.402112,-0.080012206
2005cf,0.00703,32.3193,0.325586,32.254485,0.064814876,32.402112,-0.082812206
2008Q,0.00722,32.3312,0.373843,32.312688,0.018512291,32.460226,-0.12902616
2008Q,0.00722,32.2998,0.396652,32.312688,-0.012887709,32.460226,-0.16042616
2017erp,0.00727,32.1729,0.371125,32.327751,-0.15485092,32.475266,-0.30236605
2017erp,0.00727,32.2048,0.34795,32.327751,-0.12295092,32.475266,-0.27046605
2017erp,0.00727,32.1951,0.34053,32.327751,-0.13265092,32.475266,-0.28016605
1991M,0.00758,33.2138,0.462834,32.418903,0.79489691,32.566274,0.64752629
2003kf,0.00769,32.6418,0.362719,32.450358,0.19144162,32.597678,0.04412224
1998dh,0.00769,32.6151,0.317457,32.450358,0.16474162,32.597678,0.01742224
1998dh,0.00769,32.7164,0.317031,32.450358,0.26604162,32.597678,0.11872224
ASASSN-15so,0.00773,32.7527,0.26758,32.461686,0.29101417,32.608987,0.14371343
2013gh,0.00775,32.6922,0.484865,32.467328,0.2248723,32.614619,0.077580864
2013gh,0.00775,32.521,0.465611,32.467328,0.053672295,32.614619,-0.093619136
1995D,0.0078,32.484,0.342662,32.481369,0.0026307096,32.628637,-0.14463744
2012hr,0.00788,32.7092,0.367554,32.503651,0.20554931,32.650882,0.058318419
2001bg,0.00796,32.6928,0.359218,32.525708,0.16709175,32.672902,0.019898105
2009ig,0.00801,32.6707,0.286975,32.539383,0.13131745,32.686553,-0.015852922
1997br,0.00801,31.7321,0.531169,32.539383,-0.80728255,32.686553,-0.95445292
2009ig,0.00801,32.7434,0.280148,32.539383,0.20401745,32.686553,0.056847078
2009ig,0.00801,32.3711,0.371926,32.539383,-0.16828255,32.686553,-0.31545292
1996X,0.00812,31.9733,0.415464,32.56917,-0.59586962,32.716289,-0.7429888
PSNJ0717457,0.00812,32.7223,0.383433,32.56917,0.15313038,32.716289,0.0060111953
2019ein,0.00837,32.8616,0.327035,32.635402,0.2261981,32.782405,0.079195206
2005am,0.00841,32.335,0.337879,32.645816,-0.3108162,32.7928,-0.45780049
2005am,0.00841,32.3945,0.331296,32.645816,-0.2513162,32.7928,-0.39830049
2005am,0.00841,32.3744,0.338325,32.645816,-0.2714162,32.7928,-0.41840049
2002er,0.00853,32.799,0.368859,32.676766,0.12223382,32.823695,-0.024694681
2002er,0.00853,32.7498,0.409525,32.676766,0.073033822,32.823695,-0.073894681
2005W,0.00861,32.852,0.318032,32.69716,0.15484004,32.844051,0.0079487193
1996Z,0.00867,32.4455,0.490787,32.712332,-0.26683207,32.859196,-0.4136955
PTF10icb,0.009,33.4753,0.372879,32.793957,0.68134296,32.940667,0.5346328
2009an,0.00921,33.2253,0.299086,32.844366,0.38093428,32.990978,0.23432159
2009an,0.00921,33.3378,0.306294,32.844366,0.49343428,32.990978,0.34682159
1997bp,0.00931,32.4198,0.425219,32.86797,-0.44816978,33.014536,-0.59473607
1998es,0.00957,32.9165,0.372831,32.928181,-0.011680854,33.074627,-0.15812657
1998es,0.00957,32.8029,0.35789,32.928181,-0.12528085,33.074627,-0.27172657
2021hpr,0.00958,33.0869,0.343916,32.930464,0.15643592,33.076905,0.009994834
2006D,0.00966,32.8914,0.286425,32.948645,-0.057245148,33.095049,-0.20364915
2006D,0.00966,32.9159,0.285505,32.948645,-0.032745148,33.095049,-0.17914915
2006D,0.00966,32.8973,0.282867,32.948645,-0.051345148,33.095049,-0.19774915
1999ac,0.00979,32.9674,0.341878,32.977873,-0.01047278,33.124217,-0.15681653
1999ac,0.00979,32.9182,0.365223,32.977873,-0.05967278,33.124217,-0.20601653
2004S,0.0098,33.1236,0.317227,32.980105,0.14349493,33.126444,-0.0028441884
1997bq,0.00993,33.0683,0.324016,33.008921,0.059379307,33.1552,-0.086899591
2008fv_comb,0.00993,33.1809,0.377969,33.008921,0.17197931,33.1552,0.025700409
2002cr,0.00998,33.2469,0.254885,33.019904,0.22699602,33.16616,0.080740282
1999cp,0.00998,33.0399,0.268981,33.019904,0.019996023,33.16616,-0.12625972
1999cp,0.00998,33.2135,0.253629,33.019904,0.19359602,33.16616,0.047340282
2002cr,0.00998,33.2309,0.251906,33.019904,0.21099602,33.16616,0.064740282
2013cs,0.01029,32.3353,0.401367,33.086804,-0.7515043,33.232917,-0.89761653
ASASSN-16jf,0.0104,33.5709,0.314858,33.110063,0.46083698,33.256124,0.31477565
2006bh,0.01042,33.2788,0.247952,33.114266,0.16453438,33.260318,0.018482294
2013E,0.01042,32.7794,0.348547,33.114266,-0.33486562,33.260318,-0.48091771
1997do,0.01048,33.1081,0.364668,33.126826,-0.018725555,33.27285,-0.16474988
2002dp,0.01049,33.2931,0.27457,33.128912,0.16418807,33.274932,0.018168363
2002dp,0.01049,33.3806,0.309009,33.128912,0.25168807,33.274932,0.10566836
2009Y,0.0105,32.7458,0.360296,33.130996,-0.38519634,33.277011,-0.53121142
2009Y,0.0105,32.9015,0.334006,33.130996,-0.22949634,33.277011,-0.37551142
2009Y,0.0105,32.6457,0.409088,33.130996,-0.48529634,33.277011,-0.63131142
2002dj,0.01051,32.901,0.309548,33.133079,-0.23207877,33.279089,-0.37808923
2002dj,0.01051,32.8654,0.334488,33.133079,-0.26767877,33.279089,-0.41368923
2010ko,0.01096,33.8347,0.353909,33.224808,0.6098915,33.370611,0.46408905
2013ex,0.01096,33.4947,0.325172,33.224808,0.2698915,33.370611,0.12408905
2013ex,0.01096,33.4336,0.283424,33.224808,0.2087915,33.370611,0.062989049
2010Y,0.01142,33.7403,0.254135,33.314792,0.42550838,33.460382,0.2799183
2011ao,0.01168,33.4974,0.301502,33.364074,0.13332622,33.509544,-0.012143924
2009ab,0.01189,33.5833,0.281169,33.403091,0.18020944,33.548464,0.034836108
2002ha,0.0122,33.708,0.24076,33.459455,0.24854484,33.604686,0.10331432
2002ha,0.0122,33.7246,0.250097,33.459455,0.26514484,33.604686,0.11991432
AT2017cfd,0.01222,33.5752,0.292564,33.463043,0.11215734,33.608264,-0.033063966
2017cfd,0.01222,33.5673,0.284786,33.463043,0.10425734,33.608264,-0.040963966
iPTF13ebh,0.01238,33.7337,0.342487,33.491535,0.24216523,33.636682,0.097017582
iPTF13ebh,0.01238,33.6369,0.29522,33.491535,0.14536523,33.636682,0.00021758247
2009kk,0.01244,33.7023,0.266666,33.502125,0.20017472,33.647245,0.055054691
2009kq,0.01247,33.5178,0.26619,33.507402,0.010398447,33.652508,-0.13470778
2009kq,0.01247,33.5874,0.26006,33.507402,0.079998447,33.652508,-0.06510778
2008R,0.0126,33.8286,0.265115,33.530121,0.29847907,33.675167,0.15343265
2001cz,0.01275,33.8783,0.346381,33.556049,0.32225139,33.701026,0.17727397
2007hj,0.01288,33.9846,0.299399,33.578276,0.40632416,33.723193,0.26140651
2007hj,0.01288,33.9682,0.303693,33.578276,0.38992416,33.723193,0.24500651
2007hj,0.01288,33.9247,0.304606,33.578276,0.34642416,33.723193,0.20150651
2001ep,0.01306,33.6365,0.287379,33.608688,0.027812349,33.753523,-0.11702257
2001ep,0.01306,33.5028,0.331124,33.608688,-0.10588765,33.753523,-0.25072257
2013gy,0.01309,33.7355,0.239783,33.613716,0.12178413,33.758537,-0.023037001
2013gy,0.01309,33.7607,0.28722,33.613716,0.14698413,33.758537,0.0021629994
1997E,0.01314,33.7649,0.288791,33.622071,0.1428291,33.766869,-0.0019690616
1999dq,0.01334,33.52,0.273536,33.655179,-0.13517892,33.799885,-0.27988522
1999dq,0.01334,33.4717,0.261601,33.655179,-0.18347892,33.799885,-0.32818522
2008hv,0.0136,33.797,0.277855,33.697492,0.099508426,33.842079,-0.045078536
2008hv,0.0136,33.772,0.235755,33.697492,0.074508426,33.842079,-0.070078536
2008hv,0.0136,33.7683,0.232778,33.697492,0.070808426,33.842079,-0.073778536
2007cv,0.01361,33.6741,0.345367,33.699103,-0.025002934,33.843685,-0.16958531
2005kc,0.01386,34.0249,0.352338,33.73901,0.28588972,33.883478,0.14142202
2005kc,0.01386,34.0187,0.307194,33.73901,0.27968972,33.883478,0.13522202
1999dk,0.014,33.8053,0.288803,33.761048,0.044251934,33.905452,-0.10015158
1999dk,0.014,33.6651,0.296207,33.761048,-0.095948066,33.905452,-0.24035158
2011df,0.01402,33.8524,0.277558,33.764178,0.088221511,33.908573,-0.056172831
ASASSN-16dn,0.01406,33.8206,0.250873,33.770426,0.050173913,33.914802,-0.094202095
2001bt,0.01407,33.7492,0.416658,33.771985,-0.022785236,33.916357,-0.16715666
2006N,0.01416,33.9078,0.240515,33.785968,0.12183161,33.930299,-0.022498571
2004eo,0.0142,33.8826,0.249316,33.792155,0.090445106,33.936467,-0.053866748
2003gt,0.01422,33.9253,0.243928,33.795242,0.13005832,33.939544,-0.014244369
ASASSN-16la,0.01424,33.8444,0.265489,33.798324,0.046075836,33.942618,-0.098217693
2013fa,0.01429,33.7894,0.397352,33.806012,-0.016611663,33.950282,-0.16088229
1992al,0.01434,33.6968,0.233531,33.813673,-0.11687257,33.95792,-0.26112029
2001fe,0.01448,33.8916,0.240694,33.834983,0.056616782,33.979167,-0.087566833
PSNJ2043531,0.01449,34.1902,0.372674,33.836498,0.35370241,33.980677,0.20952337
2013gq,0.01457,33.7526,0.2163,33.848575,-0.095975454,33.992718,-0.24011787
2000dm,0.01472,34.0109,0.270222,33.871046,0.13985449,34.015119,-0.0042192802
2005el,0.01483,33.974,0.229564,33.88738,0.086620055,34.031403,-0.05740339
2005el,0.01483,33.9261,0.231708,33.88738,0.038720055,34.031403,-0.10530339
2011im,0.01493,34.2732,0.34036,33.902126,0.37107432,34.046103,0.22709661
2005de,0.01495,34.1793,0.26677,33.905063,0.2742369,34.049032,0.13026834
2005bo,0.01503,33.7553,0.390506,33.916774,-0.16147398,34.060706,-0.30540596
2005bo,0.01503,33.7189,0.39282,33.916774,-0.19787398,34.060706,-0.34180596
2006td,0.01504,34.1727,0.365029,33.918233,0.2544665,34.062161,0.11053909
2008ec,0.01506,34.1302,0.33431,33.92115,0.20905034,34.065068,0.065132072
2008ec,0.01506,34.1732,0.264363,33.92115,0.25205034,34.065068,0.10813207
2007ca,0.01509,34.3366,0.370715,33.925517,0.41108328,34.069421,0.26717872
2007ca,0.01509,34.1781,0.396908,33.925517,0.25258328,34.069421,0.10867872
2001cn,0.01509,33.8877,0.294985,33.925517,-0.037816723,34.069421,-0.18172128
2007ca,0.01509,34.252,0.397235,33.925517,0.32648328,34.069421,0.18257872
ATLAS16cxr,0.01518,34.3426,0.372888,33.938567,0.40403346,34.08243,0.26017005
ASASSN-16ad,0.01522,34.0334,0.344305,33.944342,0.089058108,34.088187,-0.054787029
2009nq,0.01527,34.1657,0.28688,33.95154,0.21416,34.095362,0.070337711
SN2017jl,0.01529,33.7706,0.30219,33.954413,-0.18381271,34.098226,-0.32762586
1999ej,0.01534,34.2581,0.272528,33.961578,0.29652174,34.105369,0.15273143
1999ej,0.01534,34.2112,0.258071,33.961578,0.24962174,34.105369,0.10583143
2001en,0.01534,33.9994,0.28632,33.961578,0.037821741,34.105369,-0.10596857
2001en,0.01534,33.8852,0.313932,33.961578,-0.076378259,34.105369,-0.22016857
2002cs,0.01538,34.0329,0.272511,33.967294,0.065605925,34.111066,-0.078166111
2008eo,0.01539,34.3317,0.278713,33.968721,0.36297927,34.112488,0.2192118
2001bf,0.01556,33.9004,0.218994,33.992835,-0.092434526,34.136524,-0.23612436
2001bf,0.01556,33.9926,0.239289,33.992835,-0.00023452554,34.136524,-0.14392436
iPTF16auf,0.01566,34.0744,0.314862,34.006898,0.067502369,34.150542,-0.076141814
2013fw,0.0157,34.1608,0.218117,34.012498,0.14830199,34.156124,0.0046760644
2008bc,0.01572,34.0331,0.226465,34.015293,0.017807092,34.15891,-0.12580971
1999aa,0.01579,34.1323,0.209471,34.025047,0.10725258,34.168632,-0.036332275
ASASSN-15oh,0.01579,34.3916,0.270341,34.025047,0.36655258,34.168632,0.22296773
1999aa,0.01579,34.1663,0.242893,34.025047,0.14125258,34.168632,-0.0023322747
iPTF13dge,0.01581,34.2793,0.261916,34.027827,0.25147343,34.171402,0.1078977
2001V,0.01592,33.7902,0.290577,34.04305,-0.25284998,34.186576,-0.39637552
2001V,0.01592,33.8072,0.290395,34.04305,-0.23584998,34.186576,-0.37937552
2010kg,0.01595,33.9999,0.334729,34.047184,-0.047283758,34.190696,-0.19079562
PSNJ0107203,0.01601,33.9673,0.284408,34.055428,-0.088128295,34.198913,-0.23161279
1998ef,0.0161,33.841,0.289311,34.067738,-0.22673797,34.211181,-0.37018143
1998ef,0.0161,33.8975,0.264562,34.067738,-0.17023797,34.211181,-0.31368143
2013Q,0.01612,33.9726,0.41528,34.070464,-0.097864212,34.213899,-0.24129855
1994S,0.01619,34.0287,0.224824,34.07998,-0.051279774,34.223382,-0.1946822
2007ss,0.01619,34.4137,0.34637,34.07998,0.33372023,34.223382,0.1903178
2013hn,0.01629,34.0697,0.290382,34.093503,-0.023803081,34.23686,-0.16715993
2005al,0.01629,33.9986,0.219937,34.093503,-0.094903081,34.23686,-0.23825993
SN2016gfr,0.0163,33.8985,0.245383,34.094851,-0.19635089,34.238203,-0.33970318
ASASSN-16ip,0.01632,34.1679,0.246475,34.097544,0.070355934,34.240887,-0.072987241
2007fs,0.01633,34.3408,0.198023,34.098889,0.24191057,34.242228,0.098571953
iPTF14bdn,0.01636,34.1062,0.281582,34.102921,0.0032793669,34.246246,-0.14004558
2007A,0.01646,34.5341,0.341619,34.116305,0.41779462,34.259585,0.27451523
2007A,0.01646,34.4649,0.358327,34.116305,0.34859462,34.259585,0.20531523
2004fz,0.01646,33.7799,0.330633,34.116305,-0.33640538,34.259585,-0.47968477
2000dk,0.01649,34.1517,0.257136,34.120305,0.031394874,34.263571,-0.11187085
2000dk,0.01649,34.1436,0.28269,34.120305,0.023294874,34.263571,-0.11997085
2001da,0.01658,34.2003,0.325329,34.132261,0.068038668,34.275486,-0.075186067
2001da,0.01658,34.022,0.308995,34.132261,-0.11026133,34.275486,-0.25348607
1997Y,0.01661,34.1973,0.214463,34.136232,0.061067523,34.279444,-0.082143551
ASASSN-15ti,0.01671,34.4894,0.310314,34.149419,0.33998141,34.292584,0.19681586
1996bv,0.01673,34.0755,0.297815,34.152046,-0.076546452,34.295203,-0.21970289
ASASSN-15od,0.01678,34.3409,0.228387,34.158603,0.18229747,34.301736,0.039163785
2007fb,0.0168,34.4009,0.221698,34.16122,0.23968044,34.304344,0.096555862
2007fb,0.0168,34.5101,0.231239,34.16122,0.34888044,34.304344,0.20575586
2006ef,0.01694,34.361,0.220285,34.179453,0.18154705,34.322514,0.038486176
ASASSN-15kx,0.01697,34.6084,0.219814,34.183341,0.42505928,34.326388,0.28201206
2008C,0.01709,34.2669,0.262425,34.198824,0.068075847,34.341817,-0.074916793
2008C,0.01709,34.31,0.263557,34.198824,0.11117585,34.341817,-0.031816793
1998V,0.01718,34.1465,0.231417,34.210366,-0.063866362,34.353318,-0.20681807
2008L,0.01734,34.3364,0.210115,34.230739,0.10566095,34.373618,-0.037218026
2008L,0.01734,34.2464,0.213428,34.230739,0.015660952,34.373618,-0.12721803
2009le,0.01739,34.2939,0.246602,34.237067,0.056832577,34.379924,-0.086023677
2009le,0.01739,34.2418,0.22287,34.237067,0.0047325767,34.379924,-0.13812368
2013gs,0.01748,34.2221,0.320412,34.248413,-0.026313315,34.391229,-0.16912867
2000dr,0.01765,34.2975,0.318912,34.269688,0.027812194,34.412426,-0.11492594
2006ax,0.01774,34.3133,0.19782,34.280869,0.032431061,34.423566,-0.11026621
2006ax,0.01774,34.3228,0.200241,34.280869,0.041931061,34.423566,-0.10076621
2007as,0.01791,34.2661,0.234211,34.301837,-0.035736769,34.444457,-0.17835687
ASASSN-17co,0.01791,34.2005,0.280568,34.301837,-0.10133677,34.444457,-0.24395687
PS15coh,0.01796,34.4393,0.226901,34.307966,0.13133364,34.450564,-0.011263774
1992bo,0.01805,34.6078,0.20147,34.318957,0.28884273,34.461514,0.14628615
2011fs,0.01822,34.5466,0.215514,34.339571,0.20702904,34.48205,0.064549577
2011fs,0.01822,34.4866,0.321023,34.339571,0.14702904,34.48205,0.004549577
2008hs,0.01835,34.7394,0.433516,34.355207,0.38419343,34.497627,0.2417729
2008hs,0.01835,34.757,0.466611,34.355207,0.40179343,34.497627,0.2593729
ASASSN-16cs,0.01839,34.4286,0.281407,34.359996,0.068604476,34.502398,-0.073797915
ATLAS16cpu,0.01851,34.5716,0.239989,34.374301,0.1972991,34.516649,0.054951099
2016ffh,0.01851,34.6171,0.238984,34.374301,0.2427991,34.516649,0.1004511
2016W,0.01855,34.3648,0.295725,34.379049,-0.014249006,34.521379,-0.15657889
2002jy,0.0187,34.9988,0.187715,34.396765,0.60203519,34.539027,0.45977326
2000cu,0.01902,34.6066,0.277471,34.434094,0.17250584,34.576211,0.030388788
2010ai,0.01918,34.9792,0.21848,34.452527,0.52667307,34.594572,0.38462841
2009gf,0.01925,34.492,0.255362,34.460544,0.03145642,34.602557,-0.11055658
2009gf,0.01925,34.576,0.296243,34.460544,0.11545642,34.602557,-0.026556575
2006ej,0.01926,34.5995,0.188309,34.461686,0.13781353,34.603695,-0.0041949384
2006ej,0.01926,34.6482,0.187832,34.461686,0.18651353,34.603695,0.044505062
2006ej,0.01926,34.5012,0.295566,34.461686,0.039513534,34.603695,-0.10249494
2006ej,0.01926,34.576,0.189903,34.461686,0.11431353,34.603695,-0.027694938
2002kf,0.01948,34.6854,0.204275,34.486683,0.19871714,34.628592,0.056808139
2006kf,0.01955,34.8085,0.195531,34.494578,0.31392215,34.636455,0.17204479
2006kf,0.01955,34.7747,0.195403,34.494578,0.28012215,34.636455,0.13824479
1992bc,0.01976,34.5121,0.199486,34.518097,-0.0059965108,34.659879,-0.14777899
SN2016ajf,0.01978,34.7627,0.339971,34.520324,0.2423765,34.662097,0.10060305
2001dl,0.01983,35.1263,0.375783,34.525881,0.60041872,34.667632,0.45866786
2007au,0.01992,34.6865,0.406241,34.535851,0.15064948,34.677561,0.0089392599
AT2016eoa,0.01993,34.6693,0.230687,34.536955,0.13234453,34.678661,-0.0093611734
ASASSN-16lc,0.02001,34.6956,0.216494,34.545775,0.14982459,34.687445,0.0081549993
ASASSN-17bs,0.02014,34.5647,0.249505,34.560034,0.0046661199,34.701645,-0.1369448
2018fop,0.02017,34.5899,0.199177,34.563311,0.0265886,34.704909,-0.11500878
ATLAS16dqf,0.02019,34.5749,0.375822,34.565494,0.0094062581,34.707082,-0.1321821
2016hpw,0.02019,34.8165,0.241825,34.565494,0.25100626,34.707082,0.1094179
2009ds,0.02033,34.5072,0.233893,34.580711,-0.073510684,34.722236,-0.21503588
2009ds,0.02033,34.702,0.19246,34.580711,0.12128932,34.722236,-0.020235884
PSNJ1602512,0.02039,34.556,0.333904,34.587201,-0.031200609,34.728699,-0.17269875
2001br,0.02046,34.8118,0.300223,34.594748,0.21705158,34.736215,0.075585004
2007st,0.02061,34.4168,0.217156,34.610837,-0.1940369,34.752236,-0.33543585
2005ki,0.02066,34.5709,0.187708,34.616174,-0.045274066,34.75755,-0.18665049
2005ki,0.02066,34.4931,0.19075,34.616174,-0.12307407,34.75755,-0.26445049
2005ki,0.02066,34.5656,0.177716,34.616174,-0.050574066,34.75755,-0.19195049
2010A,0.02079,34.4863,0.330445,34.629991,-0.14369131,34.771309,-0.28500915
2003W,0.02087,34.6349,0.254511,34.638452,-0.0035519397,34.779734,-0.14483375
2003W,0.02087,34.674,0.230899,34.638452,0.03554806,34.779734,-0.10573375
ASASSN-16lg,0.02093,34.375,0.203089,34.644776,-0.26977645,34.786031,-0.41103123
ASASSN-15uv,0.02104,34.6114,0.393324,34.656325,-0.044925088,34.79753,-0.18613034
ASASSN-15lg,0.02121,34.6552,0.214591,34.674056,-0.0188564,34.815185,-0.15998513
2006et,0.0214,34.7742,0.253646,34.693709,0.080491315,34.834752,-0.060551934
2006et,0.0214,34.7583,0.283448,34.693709,0.064591315,34.834752,-0.076451934
2008Z,0.02146,35.118,0.310686,34.699879,0.41812106,34.840895,0.27710479
2008Z,0.02146,35.2056,0.304103,34.699879,0.50572106,34.840895,0.36470479
ASASSN-18da,0.02157,34.7709,0.195863,34.711147,0.059752953,34.852114,-0.081213846
2006dm,0.02161,34.8059,0.18018,34.71523,0.090669501,34.856179,-0.050279315
2006dm,0.02161,34.8234,0.25811,34.71523,0.1081695,34.856179,-0.032779315
2009dc,0.02179,34.3468,0.19901,34.733514,-0.38671432,34.874382,-0.52758223
2000fa,0.02181,34.759,0.288719,34.735537,0.023463345,34.876396,-0.11739558
2000fa,0.02181,34.7997,0.25527,34.735537,0.064163345,34.876396,-0.076695581
2007bc,0.02187,34.7344,0.177177,34.741593,-0.0071927219,34.882425,-0.14802469
2007bc,0.02187,34.7419,0.187753,34.741593,0.00030727806,34.882425,-0.14052469
2007bc,0.02187,34.7561,0.180584,34.741593,0.014507278,34.882425,-0.12632469
1995ak,0.02193,34.6739,0.247785,34.747632,-0.073732437,34.888437,-0.21453745
ASASSN-18iu,0.02202,34.8847,0.186029,34.756662,0.12803846,34.897426,-0.012726135
2004bw,0.02207,34.8194,0.196425,34.761662,0.057737988,34.902404,-0.08300415
2009na,0.02209,34.7477,0.199095,34.763659,-0.015959074,34.904392,-0.15669223
2004bg,0.02214,34.8704,0.204479,34.768644,0.10175606,34.909355,-0.038954654
2004bg,0.02214,34.7727,0.199004,34.768644,0.0040560551,34.909355,-0.13665465
2002cu,0.02217,34.7814,0.224663,34.77163,0.0097704545,34.912327,-0.13092679
ASASSN-15tz,0.0222,34.9543,0.274039,34.774611,0.17968883,34.915295,0.039005058
PS15cku,0.02222,35.0537,0.229702,34.776597,0.27710329,34.917272,0.13642849
2002ef,0.02224,34.6849,0.358325,34.77858,-0.093680494,34.919246,-0.23434631
2006bq,0.02226,34.8693,0.2033,34.780563,0.08873748,34.921219,-0.051919364
ATLAS16dpb,0.02238,35.0481,0.288632,34.792418,0.25568204,34.933021,0.11507905
2001cp,0.02245,34.9654,0.216973,34.799305,0.16609526,34.939876,0.025523674
ASASSN-17aj,0.02253,34.7306,0.243141,34.807149,-0.076549486,34.947685,-0.21708519
ASASSN-16bn,0.02253,35.0392,0.214526,34.807149,0.23205051,34.947685,0.091514808
2008ia,0.02257,34.9245,0.169837,34.811062,0.11343842,34.951579,-0.027079342
2000cn,0.0226,34.9712,0.237284,34.813991,0.15720884,34.954495,0.016704523
2000cn,0.0226,34.9992,0.267367,34.813991,0.18520884,34.954495,0.044704523
ASASSN-14fa,0.02262,34.883,0.27497,34.815942,0.067057905,34.956437,-0.073437439
1999dg,0.02263,34.8589,0.246447,34.816917,0.041983077,34.957408,-0.098507784
2007qe,0.0228,35.0406,0.206572,34.833424,0.2071756,34.973839,0.066760951
2007qe,0.0228,34.9509,0.259128,34.833424,0.1174756,34.973839,-0.022939049
2004at,0.02287,34.9168,0.178524,34.840186,0.076613618,34.98057,-0.063769662
SNF20080514-002,0.02292,35.0136,0.216159,34.845004,0.1685961,34.985365,0.028235223
2007ci,0.02295,34.6478,0.266962,34.847889,-0.20008945,34.988237,-0.34043688
2007ci,0.02295,34.4301,0.279423,34.847889,-0.41778945,34.988237,-0.55813688
ASASSN-16em,0.02296,34.994,0.277383,34.84885,0.14514953,34.989193,0.0048065756
2006sr,0.02307,34.9949,0.180801,34.859395,0.1355054,34.999688,-0.0047882798
ASASSN-15nr,0.02309,34.8331,0.263771,34.861306,-0.028206392,35.001591,-0.16849112
2009cz,0.02315,34.8582,0.260273,34.867032,-0.0088320036,35.00729,-0.14908986
2009cz,0.02315,34.8582,0.170636,34.867032,-0.0088320036,35.00729,-0.14908986
2014ai,0.02317,35.0225,0.271221,34.868937,0.15356271,35.009186,0.013313808
2009jb,0.02324,34.7666,0.340338,34.875593,-0.10899308,35.015811,-0.24921064
2009al,0.02328,34.9851,0.282579,34.879388,0.10571247,35.019587,-0.034487176
2009al,0.02328,35.0081,0.221692,34.879388,0.12871247,35.019587,-0.011487176
2009al,0.02328,34.9783,0.225403,34.879388,0.098912474,35.019587,-0.041287176
ATLAS17bas,0.02331,34.5715,0.261746,34.882229,-0.31072915,35.022415,-0.45091537
2006cp,0.02334,34.8603,0.24312,34.885067,-0.024767177,35.02524,-0.16493997
2006cp,0.02334,34.7714,0.302654,34.885067,-0.11366718,35.02524,-0.25383997
ASASSN-15sf,0.02349,35.2317,0.235205,34.899204,0.33249635,35.039309,0.19239068
2017hoq,0.0235,34.985,0.19074,34.900143,0.084857086,35.040244,-0.055244111
1998eg,0.02358,35.1018,0.195014,34.907643,0.19415707,35.047708,0.054091664
2010cr,0.02368,35.2685,0.304874,34.916983,0.35151721,35.057003,0.21149652
ASASSN-15il,0.02374,34.8584,0.20127,34.922568,-0.06416809,35.062562,-0.20416195
AT2017cfb,0.02382,34.8438,0.220547,34.929994,-0.086193577,35.069952,-0.22615167
PS16ccn,0.02395,35.1784,0.189112,34.942008,0.23639221,35.081908,0.096492218
2006ac,0.02395,34.9871,0.184147,34.942008,0.045092206,35.081908,-0.094807782
2006ac,0.02395,34.953,0.198064,34.942008,0.010992206,35.081908,-0.12890778
ASASSN-15jt,0.02396,34.889,0.403697,34.942929,-0.053929304,35.082825,-0.19382482
2003he,0.02404,35.0862,0.240547,34.950288,0.13591221,35.090148,-0.0039475591
2004bk,0.02405,34.8391,0.21588,34.951206,-0.1121059,35.091061,-0.25196121
ASASSN-16hz,0.02406,34.8112,0.317595,34.952124,-0.14092364,35.091974,-0.28077448
2003it,0.02413,35.079,0.205996,34.958537,0.12046268,35.098357,-0.019356892
2005bg,0.02414,35.0102,0.201948,34.959452,0.050747933,35.099267,-0.08906717
2007F,0.0242,35.084,0.183555,34.964933,0.11906728,35.104721,-0.020721025
2007F,0.0242,34.9421,0.208286,34.964933,-0.02283272,35.104721,-0.16262102
2000bh,0.02421,34.8782,0.224067,34.965845,-0.087644861,35.105629,-0.2274287
2010ao,0.02422,34.943,0.2098,34.966757,-0.023756632,35.106536,-0.16353601
AT2016bln,0.02425,35.0771,0.195416,34.96949,0.10761028,35.109256,-0.032155701
2004br,0.02426,34.807,0.18246,34.9704,-0.16340001,35.110162,-0.30316153
1994M,0.02426,34.9528,0.213795,34.9704,-0.017600015,35.110162,-0.15736153
2010gp,0.02436,34.4711,0.398476,34.979483,-0.50838267,35.1192,-0.64809954
PS1-14xw,0.02436,35.1049,0.31033,34.979483,0.12541733,35.1192,-0.014299537
2011dn,0.02443,34.4583,0.333265,34.985819,-0.52751872,35.125504,-0.66720435
2018enc,0.0245,34.9998,0.217718,34.992137,0.0076630609,35.131791,-0.13199132
1993H,0.0245,35.1803,0.232251,34.992137,0.18816306,35.131791,0.04850868
2008bf,0.02451,35.0521,0.231261,34.993038,0.059061909,35.132688,-0.080588009
2008bf,0.02451,34.8898,0.233972,34.993038,-0.10323809,35.132688,-0.24288801
2008bf,0.02451,35.1061,0.235556,34.993038,0.11306191,35.132688,-0.026588009
2000ca,0.02454,34.8993,0.190331,34.995739,-0.096439377,35.135376,-0.23607591
2002he,0.02469,35.1139,0.15531,35.009197,0.10470274,35.148767,-0.03486687
2002he,0.02469,35.1145,0.174825,35.009197,0.10530274,35.148767,-0.03426687
PSNJ0153424,0.02474,35.1828,0.233724,35.013665,0.16913466,35.153213,0.029587341
2009D,0.02476,35.008,0.162015,35.01545,-0.0074500922,35.154988,-0.14698849
2009D,0.02476,34.9493,0.170871,35.01545,-0.066150092,35.154988,-0.20568849
2009D,0.02476,35.0746,0.209952,35.01545,0.059149908,35.154988,-0.080388488
2007cq,0.02481,35.009,0.176889,35.019906,-0.010905765,35.159422,-0.15042187
2007cq,0.02481,34.8369,0.288042,35.019906,-0.18300577,35.159422,-0.32252187
2007cq,0.02481,34.8482,0.181918,35.019906,-0.17170577,35.159422,-0.31122187
2001cj,0.02491,35.1973,0.228493,35.028791,0.16850933,35.168262,0.029037812
SN2017hn,0.02492,35.0621,0.190177,35.029677,0.032422769,35.169144,-0.10704429
2002bf,0.02494,34.9063,0.269066,35.031449,-0.1251493,35.170907,-0.26460745
2002bf,0.02494,34.9441,0.240723,35.031449,-0.087349302,35.170907,-0.22680745
AT2017cfc,0.02499,35.0276,0.190198,35.035873,-0.0082733689,35.175309,-0.14770923
2012bh,0.025,35.1989,0.238281,35.036757,0.16214286,35.176189,0.02271146
2007sw,0.025,34.9117,0.306484,35.036757,-0.12505714,35.176189,-0.26448854
370356,0.025,35.2277,0.204374,35.036757,0.19094286,35.176189,0.05151146
PS15ahs,0.02522,35.1974,0.185937,35.056113,0.14128743,35.195446,0.0019540447
PSNJ2352371,0.02525,35.4014,0.200491,35.058739,0.34266093,35.198059,0.20334091
SN2017ms,0.02538,35.1181,0.200181,35.070085,0.048014771,35.209347,-0.091247359
2018jjd,0.02547,34.9842,0.185284,35.077907,-0.093706826,35.217129,-0.23292889
Gaia16agf,0.02553,35.2152,0.268527,35.083106,0.13209386,35.222301,-0.0071014962
ASASSN-15uu,0.02579,35.0223,0.372346,35.105499,-0.083198521,35.244578,-0.2222782
ASASSN-16bq,0.02582,35.1882,0.176701,35.108068,0.080132039,35.247134,-0.058934297
2005M,0.02584,35.2931,0.179545,35.109779,0.18332071,35.248837,0.044263269
2005M,0.02584,34.835,0.348314,35.109779,-0.27477929,35.248837,-0.41383673
2005M,0.02584,35.1081,0.198242,35.109779,-0.00167929,35.248837,-0.14073673
1992ag,0.02592,34.7664,0.344692,35.116612,-0.35021161,35.255633,-0.48923348
2005ms,0.02595,35.308,0.179587,35.119168,0.18883161,35.258177,0.049823084
2005mc,0.02597,35.3429,0.323231,35.120871,0.22202871,35.259871,0.083029072
2005mc,0.02597,35.2855,0.288909,35.120871,0.16462871,35.259871,0.025629072
1999gp,0.02603,35.2892,0.205883,35.125972,0.16322772,35.264945,0.024254758
1999gp,0.02603,35.2688,0.183373,35.125972,0.14282772,35.264945,0.0038547576
SN2017mf,0.02618,35.3111,0.17873,35.138674,0.17242566,35.277581,0.033519352
2002eb,0.02633,35.2673,0.172357,35.151305,0.11599493,35.290145,-0.022844741
SNF20071021-000,0.0264,35.3224,0.216057,35.157175,0.16522477,35.295984,0.026416192
1992P,0.02643,35.313,0.220137,35.159686,0.15331368,35.298482,0.014518415
ASASSN-17at,0.02643,35.2513,0.18676,35.159686,0.091613675,35.298482,-0.047181585
2007co,0.02655,35.227,0.261645,35.169703,0.057297214,35.308445,-0.08144477
2007co,0.02655,35.1118,0.346591,35.169703,-0.057902786,35.308445,-0.19664477
2007co,0.02655,35.3437,0.230789,35.169703,0.17399721,35.308445,0.03525523
2007su,0.0266,35.3042,0.352852,35.173863,0.13033681,35.312583,-0.0083829762
ASASSN-16av,0.02676,35.3467,0.289875,35.187125,0.15957499,35.325774,0.020926201
ASASSN-15mf,0.02691,35.1184,0.181369,35.199487,-0.081087394,35.33807,-0.21966965
2010ii,0.02704,35.1306,0.184771,35.210147,-0.079546814,35.348671,-0.21807142
2005na,0.02717,35.1538,0.186856,35.220756,-0.066956003,35.359223,-0.20542299
2005na,0.02717,35.113,0.172724,35.220756,-0.107756,35.359223,-0.24622299
2005na,0.02717,35.1117,0.170295,35.220756,-0.109056,35.359223,-0.24752299
ASASSN-15fa,0.02721,35.5236,0.225337,35.22401,0.29958966,35.36246,0.16114041
2013fn,0.02724,35.2892,0.298907,35.226448,0.062751994,35.364884,-0.075683969
2008ar,0.02732,35.359,0.180243,35.232936,0.12606442,35.371336,-0.012336101
2008ar,0.02732,35.4368,0.180322,35.232936,0.20386442,35.371336,0.065463899
2008ar,0.02732,35.2913,0.178243,35.232936,0.058364417,35.371336,-0.080036101
PSNJ0252467,0.02748,35.3613,0.190628,35.245855,0.11544506,35.384185,-0.022884591
2006ev,0.02759,35.6739,0.216353,35.254694,0.41920579,35.392975,0.28092484
2006gj,0.0277,35.7258,0.321699,35.263499,0.46230106,35.401731,0.32406881
2011hb,0.02775,35.2874,0.292934,35.26749,0.019910261,35.4057,-0.11829986
2002el,0.02778,35.1049,0.181734,35.269881,-0.16498083,35.408078,-0.30317768
SN2017ckx,0.02779,35.6596,0.251383,35.270677,0.3889227,35.40887,0.25073028
2003U,0.02794,35.2665,0.177545,35.282591,-0.016090655,35.420717,-0.15421672
AT2017ns,0.02802,35.1963,0.366604,35.288919,-0.092618789,35.427009,-0.23070947
1998ab,0.02806,34.9487,0.227749,35.292076,-0.34337621,35.430149,-0.4814492
2009aa,0.02827,35.3174,0.173415,35.30858,0.00881952,35.446561,-0.12916064
1993ah,0.02828,35.2763,0.655117,35.309363,-0.033063392,35.447339,-0.17103913
2004gs,0.02829,35.5996,0.235009,35.310146,0.28945397,35.448117,0.15148265
2005eq,0.02831,35.558,0.160985,35.31171,0.2462895,35.449673,0.10832702
2005eq,0.02831,35.5061,0.163093,35.31171,0.1943895,35.449673,0.056427019
2005eq,0.02831,35.5563,0.160218,35.31171,0.2445895,35.449673,0.10662702
2009ad,0.02834,35.372,0.160301,35.314055,0.057944834,35.452004,-0.080004391
2009ad,0.02834,35.3421,0.156527,35.314055,0.028044834,35.452004,-0.10990439
PS16cvc,0.02844,35.6948,0.183345,35.321853,0.37294684,35.459758,0.23504179
ASASSN-15la,0.02845,35.0558,0.218663,35.322631,-0.26683148,35.460532,-0.40473211
ASASSN-15fs,0.0285,35.2391,0.185823,35.326519,-0.087419049,35.464398,-0.22529759
2013bs,0.02859,35.4105,0.201911,35.3335,0.077000169,35.471339,-0.060838626
2006qo,0.02871,35.4779,0.275376,35.342774,0.13512594,35.48056,-0.0026598745
PSNJ0859349,0.02874,35.472,0.225755,35.345087,0.12691333,35.482859,-0.010859244
1996C,0.02875,35.5152,0.250819,35.345857,0.16934298,35.483625,0.031574826
LSQ12gdj,0.02886,35.0939,0.272694,35.354313,-0.26041349,35.492033,-0.3981331
2003ch,0.02895,35.6024,0.169987,35.361209,0.24119107,35.498889,0.10351117
ASASSN-16ay,0.02895,35.6222,0.299966,35.361209,0.26099107,35.498889,0.12331117
2000cw,0.02896,35.6079,0.224233,35.361974,0.24592621,35.499649,0.10825072
ASASSN-16br,0.029,35.5064,0.190895,35.365031,0.14136936,35.502688,0.0037115164
Gaia16bba,0.02934,35.4354,0.185335,35.390848,0.044551919,35.528356,-0.09295601
ASASSN-16hh,0.02935,35.5015,0.190369,35.391603,0.10989703,35.529106,-0.027606488
2007is,0.02953,35.3449,0.211378,35.405148,-0.060247909,35.542572,-0.19767212
1997dg,0.02962,35.861,0.192522,35.41189,0.44910996,35.549275,0.3117254
AT2016cyt,0.02965,35.3586,0.164518,35.414133,-0.055532945,35.551504,-0.1929043
ASASSN-16es,0.02973,35.5345,0.258248,35.420103,0.11439683,35.557439,-0.022939303
2004ef,0.02978,35.5195,0.196088,35.423827,0.095673433,35.561141,-0.041640685
2004ef,0.02978,35.4838,0.199296,35.423827,0.059973433,35.561141,-0.077340685
2004ef,0.02978,35.4761,0.233488,35.423827,0.052273433,35.561141,-0.085040685
ASASSN-16hr,0.0298,35.4648,0.278746,35.425314,0.039485792,35.56262,-0.097819521
ATLAS17ajn,0.02988,35.5116,0.190788,35.431255,0.080345005,35.568525,-0.056925096
ASASSN-16fs,0.0299,35.2761,0.180915,35.432738,-0.15663775,35.569999,-0.29389905
ASASSN-16fo,0.02994,35.4803,0.173804,35.4357,0.044599644,35.572944,-0.092644051
AT2017lm,0.03002,35.5542,0.216273,35.441614,0.11258607,35.578822,-0.024622426
ASASSN-15uw,0.03004,35.6084,0.212671,35.44309,0.16531009,35.58029,0.028110394
PS15cwx,0.03007,35.4164,0.184841,35.445302,-0.028902072,35.582489,-0.16608857
SNF20080909-030,0.03013,35.565,0.183722,35.44972,0.11528009,35.58688,-0.021880017
ASASSN-15nq,0.03025,35.5185,0.166012,35.45853,0.059970238,35.595637,-0.077137097
AT2017zd,0.03048,35.2781,0.194122,35.47532,-0.19721993,35.612326,-0.33422617
2002de,0.0305,35.3638,0.283742,35.476774,-0.11297407,35.613772,-0.24997152
ASASSN-16aj,0.03053,35.4654,0.177866,35.478954,-0.013553528,35.615938,-0.15053779
2009fv,0.03072,35.3374,0.375292,35.492708,-0.15530818,35.629609,-0.29220898
2009fv,0.03072,35.406,0.332119,35.492708,-0.086708179,35.629609,-0.22360898
2009eu,0.03072,35.9224,0.399302,35.492708,0.42969182,35.629609,0.29279102
2006bw,0.03075,35.6231,0.320886,35.494872,0.12822766,35.63176,-0.008659965
2006en,0.03081,35.6474,0.19424,35.499194,0.14820555,35.636056,0.011344264
2000dn,0.03081,35.707,0.22057,35.499194,0.20780555,35.636056,0.070944264
CSS160428,0.03081,35.7017,0.164289,35.499194,0.20250555,35.636056,0.065644264
2006en,0.03081,35.6847,0.188076,35.499194,0.18550555,35.636056,0.048644264
1990O,0.03093,35.4926,0.166476,35.507814,-0.015213989,35.644623,-0.15202259
AT2017wb,0.03093,35.5304,0.283582,35.507814,0.022586011,35.644623,-0.11422259
2013fy,0.03099,35.3522,0.343157,35.512111,-0.15991147,35.648894,-0.29669374
2008gg,0.03107,35.67,0.236835,35.517829,0.15217122,35.654576,0.015424061
2008gg,0.03107,35.5409,0.184896,35.517829,0.023071223,35.654576,-0.11367594
ASASSN-15hg,0.03107,35.6461,0.196214,35.517829,0.12827122,35.654576,-0.0084759392
2010gn,0.03123,35.9119,0.273901,35.52922,0.38267977,35.665897,0.2460028
1999cc,0.03132,35.5877,0.169094,35.535603,0.052097189,35.67224,-0.084540315
2001ba,0.03136,35.6481,0.206672,35.538434,0.10966625,35.675054,-0.026953711
2007bd,0.03141,35.5793,0.14868,35.541967,0.037332558,35.678565,-0.099265487
2007bd,0.03141,35.4841,0.153803,35.541967,-0.057867442,35.678565,-0.19446549
2007bd,0.03141,35.4957,0.175954,35.541967,-0.046267442,35.678565,-0.18286549
MASTEROTJ08,0.03156,35.6675,0.174531,35.552536,0.11496445,35.689068,-0.021567851
2006az,0.03158,35.4896,0.148675,35.553941,-0.064340913,35.690464,-0.20086445
010026,0.03174,35.6746,0.20211,35.565153,0.10944749,35.701606,-0.027005944
2007ux,0.03183,35.6656,0.274525,35.571435,0.094165285,35.707849,-0.042248737
2007ux,0.03183,35.8808,0.19004,35.571435,0.30936528,35.707849,0.17295126
ASASSN-15pr,0.03189,35.9082,0.198168,35.575613,0.33258681,35.712001,0.19619906
AT2017po,0.03201,35.576,0.196814,35.583947,-0.0079470945,35.720282,-0.14428231
ASASSN-16oz,0.03207,35.4592,0.276064,35.588103,-0.12890257,35.724412,-0.26521153
2006os,0.03212,35.7992,0.326022,35.59156,0.20764034,35.727847,0.071353266
2006te,0.03212,35.7248,0.15355,35.59156,0.13324034,35.727847,-0.0030467341
2007ai,0.03212,35.8577,0.294619,35.59156,0.26614034,35.727847,0.12985327
2007ai,0.03212,35.8562,0.258808,35.59156,0.26464034,35.727847,0.12835327
2006bt,0.03241,35.772,0.224228,35.611507,0.16049261,35.747668,0.024332386
2006bt,0.03241,35.7428,0.226764,35.611507,0.13129261,35.747668,-0.0048676138
2006bt,0.03241,35.7867,0.216659,35.611507,0.17519261,35.747668,0.039032386
2008gp,0.03245,35.7268,0.162633,35.614245,0.11255493,35.750388,-0.023587806
2008gp,0.03245,35.6643,0.150947,35.614245,0.050054926,35.750388,-0.086087806
2008gl,0.03246,35.6431,0.148421,35.614929,0.028171022,35.751067,-0.10796734
2008gl,0.03246,35.6366,0.169859,35.614929,0.021671022,35.751067,-0.11446734
2008gl,0.03246,35.6638,0.156049,35.614929,0.048871022,35.751067,-0.087267338
2004as,0.0325,35.7324,0.22019,35.617663,0.11473747,35.753783,-0.021383404
2004as,0.0325,35.8907,0.225741,35.617663,0.27303747,35.753783,0.1369166
ATLAS17axb,0.03264,35.5602,0.185563,35.627204,-0.06700409,35.763264,-0.20306377
2008bq,0.03279,35.7279,0.17805,35.637383,0.090517184,35.773377,-0.04547696
2005iq,0.03292,35.8516,0.143619,35.646168,0.20543244,35.782105,0.069495071
2005iq,0.03292,35.8647,0.150987,35.646168,0.21853244,35.782105,0.082595071
PS15bsq,0.03309,35.7797,0.159699,35.657604,0.1220958,35.793467,-0.013767343
2006S,0.0331,35.9089,0.177213,35.658275,0.25062485,35.794134,0.11476607
ASASSN-16bc,0.03314,35.6164,0.168015,35.660957,-0.044556967,35.796798,-0.18039829
2003gn,0.03316,36.0229,0.243018,35.662297,0.36060331,35.798129,0.22477072
2003cq,0.03323,35.8276,0.259126,35.666979,0.16062051,35.802782,0.024818462
2010ag,0.03336,35.8159,0.198961,35.675651,0.14024944,35.811396,0.0045041064
SN2017cii,0.03337,35.8381,0.178659,35.676316,0.1617838,35.812057,0.026042834
2004L,0.03344,35.829,0.273673,35.68097,0.14802982,35.816681,0.012319381
2003iv,0.03351,35.9118,0.165632,35.685615,0.22618537,35.821295,0.090505449
2006gr,0.03352,35.9188,0.207416,35.686277,0.23252265,35.821953,0.096847091
2006gr,0.03352,35.9378,0.211316,35.686277,0.25152265,35.821953,0.11584709
2005eu,0.03369,35.8038,0.482057,35.697514,0.10628595,35.833116,-0.029315504
2005eu,0.03369,35.8012,0.48333,35.697514,0.10368595,35.833116,-0.031915504
SN2016hpx,0.0337,35.6329,0.204026,35.698173,-0.065273306,35.83377,-0.2008704
ATLAS17ajs,0.0337,35.9757,0.358083,35.698173,0.27752669,35.83377,0.1419296
2003kc,0.0341,35.8566,0.205773,35.724388,0.13221235,35.859811,-0.0032105105
2011dl,0.03432,35.7587,0.312966,35.738678,0.02002243,35.874005,-0.11530468
ASASSN-15tg,0.03445,35.861,0.1686,35.74708,0.11392046,35.88235,-0.021350098
1996bl,0.03481,35.7348,0.155656,35.770186,-0.035385684,35.9053,-0.17049972
ASASSN-15jl,0.03492,35.8816,0.169326,35.777199,0.10440071,35.912266,-0.030665529
AT2016fbk,0.03495,36.1545,0.230318,35.779108,0.37539166,35.914162,0.24033845
2016fbk,0.03495,35.9591,0.225173,35.779108,0.17999166,35.914162,0.044938454
2008at,0.03497,35.8349,0.334212,35.78038,0.054519853,35.915425,-0.080524669
ASASSN-15mi,0.03501,35.5515,0.204326,35.782922,-0.23142163,35.917949,-0.36644878
2007hu,0.03518,35.9905,0.374822,35.793691,0.19680863,35.928645,0.061855305
2007ba,0.03533,35.825,0.340606,35.803152,0.021848104,35.93804,-0.11304011
PTSS-16efw,0.03542,36.234,0.188455,35.808809,0.42519062,35.943659,0.29034146
2001ck,0.03544,35.8586,0.223482,35.810065,0.048535313,35.944905,-0.086305173
1994T,0.03564,35.9325,0.204232,35.82258,0.10992018,35.957334,-0.024833558
ASASSN-16dw,0.03565,35.7837,0.217075,35.823204,-0.039503774,35.957953,-0.17425317
1992bg,0.03574,35.8937,0.211664,35.828812,0.064888338,35.963522,-0.069822041
ASASSN-15lu,0.03577,36.0035,0.185251,35.830678,0.17282211,35.965375,0.038124736
ASASSN-16db,0.03589,35.8698,0.18969,35.838128,0.031672464,35.972773,-0.1029729
2002hu,0.03591,35.9637,0.166565,35.839367,0.12433322,35.974003,-0.010303472
ASASSN-15ss,0.03592,35.9909,0.187185,35.839986,0.15091386,35.974619,0.016281494
PS15bbn,0.03602,36.1845,0.187245,35.846171,0.33832944,35.98076,0.20374041
2006mo,0.03616,36.0695,0.175025,35.854801,0.2146994,35.989329,0.080170997
2001eh,0.03627,36.0067,0.135213,35.861558,0.14514152,35.996039,0.010660755
2001eh,0.03627,35.9927,0.149174,35.861558,0.13114152,35.996039,-0.0033392452
2002G,0.03631,35.8056,0.308166,35.864011,-0.058410918,35.998474,-0.19287437
2002G,0.03631,35.9287,0.318471,35.864011,0.064689082,35.998474,-0.069774371
ASASSN-15bc,0.03639,35.949,0.262609,35.868908,0.080092108,36.003337,-0.054336718
2008gb,0.03641,36.0889,0.198876,35.87013,0.21876951,36.004551,0.084349338
2008hj,0.03643,35.8836,0.185109,35.871352,0.012247565,36.005764,-0.12216395
2008hj,0.03643,35.9282,0.1566,35.871352,0.056847565,36.005764,-0.077563951
2000cf,0.03646,36.0475,0.166339,35.873184,0.17431588,36.007583,0.039917345
2007jg,0.03652,36.3333,0.171248,35.876843,0.45645692,36.011216,0.32208435
2007jg,0.03652,36.2185,0.171341,35.876843,0.34165692,36.011216,0.20728435
2008ei,0.03654,36.08,0.336812,35.878061,0.20193857,36.012425,0.067574652
2002eu,0.03672,36.0624,0.163008,35.888997,0.17340267,36.023283,0.039116608
AT2016hns,0.03704,35.9789,0.163683,35.90831,0.070589771,36.042458,-0.063557975
2000dg,0.03725,36.0748,0.289284,35.920896,0.15390406,36.054953,0.019847027
2007O,0.03732,35.8617,0.152703,35.925076,-0.063375774,36.059103,-0.19740259
2007O,0.03732,35.8938,0.151724,35.925076,-0.031275774,36.059103,-0.16530259
2009bv,0.03748,36.2564,0.149974,35.934601,0.32179899,36.068559,0.18784125
AT2016cvw,0.03761,36.0063,0.206656,35.942311,0.063988939,36.076213,-0.06991271
SN2017ciy,0.03762,36.5177,0.245806,35.942903,0.57479694,36.0768,0.4408996
2008fr,0.0379,36.1141,0.236153,35.959417,0.15468295,36.093194,0.020906373
ASASSN-15pn,0.038,36.1962,0.220822,35.965286,0.23091396,36.09902,0.097180485
ASASSN-15np,0.03832,36.026,0.219507,35.983966,0.042034003,36.117562,-0.09156161
2008051,0.03835,36.0125,0.17035,35.985709,0.026790572,36.119292,-0.10679212
2010dw,0.03871,36.0125,0.204712,36.006527,0.0059726173,36.139955,-0.12745513
PS15cze,0.03891,36.5486,0.234635,36.018011,0.53058859,36.151353,0.39724687
1999aw,0.03928,36.2125,0.18352,36.039106,0.1733942,36.172289,0.040211487
2008O,0.0394,36.2254,0.311188,36.045906,0.17949439,36.179037,0.046363222
SN2016glz,0.03975,35.9918,0.210464,36.065624,-0.073823579,36.198605,-0.20680451
2008dr,0.03996,36.284,0.147901,36.077373,0.20662677,36.210264,0.073735919
2003fa,0.04015,36.0818,0.14498,36.087952,-0.0061520787,36.220761,-0.13896148
2003fa,0.04015,36.0167,0.143473,36.087952,-0.071252079,36.220761,-0.20406148
2007jh,0.04023,36.5601,0.280122,36.092392,0.46770827,36.225167,0.33493315
2009do,0.04027,36.0403,0.147245,36.094608,-0.054308333,36.227366,-0.18706631
SN2017coa,0.04045,36.4104,0.307187,36.104557,0.30584347,36.237237,0.1731626
PS16axi,0.04056,36.1263,0.168835,36.110615,0.015685238,36.243249,-0.11694852
2001az,0.04059,36.3153,0.150794,36.112264,0.20303577,36.244885,0.070414856
2007kk,0.0413,36.2071,0.166515,36.150959,0.056141488,36.283276,-0.076175744
2007kk,0.0413,36.2521,0.175538,36.150959,0.10114149,36.283276,-0.031175744
2006cf,0.04223,36.2931,0.151018,36.200673,0.092426751,36.332594,-0.039493537
2014bj,0.04239,36.5106,0.426487,36.209119,0.30148137,36.340971,0.16962927
2006cz,0.04251,35.9138,0.29449,36.215432,-0.30163232,36.347233,-0.43343329
ASASSN-16ct,0.04252,36.2457,0.207056,36.215958,0.029742322,36.347754,-0.10205438
AT2016htm,0.04265,36.2018,0.162522,36.222776,-0.020976385,36.354518,-0.15271772
2007nq,0.04275,36.2882,0.166626,36.228008,0.060192217,36.359707,-0.071506541
2007nq,0.04275,36.2137,0.152187,36.228008,-0.014307783,36.359707,-0.14600654
1992bl,0.0428,36.2101,0.208042,36.230619,-0.020519015,36.362296,-0.15219649
ASASSN-15mg,0.04307,36.3298,0.181208,36.244669,0.085131467,36.376231,-0.046431112
SN2016ayg,0.04328,36.4165,0.166064,36.255537,0.16096323,36.38701,0.029489958
2006gt,0.04366,36.5114,0.286272,36.275073,0.23632677,36.406385,0.10501497
MASTERJ0134,0.04391,36.2594,0.177777,36.287836,-0.028436097,36.419042,-0.15964175
2005ku,0.04397,36.2916,0.249078,36.290889,0.00071133966,36.422069,-0.13046884
AT2016cvv,0.04404,36.5469,0.231201,36.294445,0.25245514,36.425595,0.12130466
2006hx,0.04429,36.4565,0.162334,36.307101,0.14939916,36.438145,0.018354727
PS16cqa,0.04433,36.6866,0.304921,36.309119,0.37748066,36.440147,0.24645319
SN2016esh,0.04488,36.1579,0.182756,36.336695,-0.17879545,36.46749,-0.3095899
2005hc,0.04496,36.5139,0.151933,36.340679,0.17322089,36.47144,0.042460314
2005hc,0.04496,36.4634,0.173532,36.340679,0.12272089,36.47144,-0.0080396857
PSNJ1204051,0.04502,36.4541,0.196266,36.343662,0.11043767,36.474398,-0.020297508
1992bh,0.0451,36.551,0.270525,36.347634,0.20336606,36.478335,0.072664732
2005lz,0.04541,36.3247,0.195021,36.362959,-0.038259497,36.49353,-0.1688297
PS17tn,0.04549,36.3811,0.196005,36.366898,0.01420204,36.497434,-0.11633434
AT2016ews,0.04612,36.5394,0.159223,36.39768,0.14171996,36.52795,0.011449678
2008050,0.04627,36.2636,0.218105,36.404949,-0.14134883,36.535156,-0.27155582
2004gu,0.0467,36.4713,0.19409,36.42566,0.045640212,36.555685,-0.08438548
360156,0.04673,36.5081,0.209562,36.427098,0.081002187,36.557111,-0.049010864
2016afk,0.04677,36.5642,0.229149,36.429014,0.13518622,36.55901,0.0051900182
2008cf,0.04692,36.4786,0.148197,36.436185,0.042415476,36.566118,-0.087517535
2008cf,0.04692,36.4857,0.182928,36.436185,0.049515476,36.566118,-0.080417535
PS16fa,0.04734,36.6009,0.161688,36.456145,0.1447553,36.585901,0.014999072
AT2017yk,0.04764,36.7582,0.280677,36.470297,0.28790309,36.599927,0.15827303
PS15aii,0.04768,36.5946,0.145385,36.472177,0.12242268,36.601791,-0.0071905752
ASASSN-15pm,0.04777,36.3735,0.154741,36.476403,-0.10290266,36.605978,-0.23247809
ATLAS16agv,0.04777,36.4976,0.165873,36.476403,0.021197337,36.605978,-0.10837809
PS17akj,0.0478,36.5627,0.208806,36.477809,0.084890609,36.607372,-0.04467221
AT2016gmg,0.04839,36.641,0.181462,36.505302,0.13569785,36.634617,0.0063827582
1995ac,0.04867,36.3303,0.135835,36.518236,-0.18793584,36.647434,-0.31713351
PS16el,0.04896,36.4691,0.176995,36.531556,-0.062455517,36.660632,-0.19153165
2006cq,0.04928,36.5828,0.168097,36.546164,0.03663551,36.675107,-0.092306619
2007kh,0.04944,36.5403,0.453411,36.553434,-0.013134481,36.68231,-0.14200965
PS15asb,0.04952,36.4714,0.18553,36.557061,-0.085660917,36.685903,-0.21450262
ASASSN-17eb,0.0497,36.4621,0.201896,36.5652,-0.10309965,36.693966,-0.23186607
1998dx,0.0498,36.5693,0.155812,36.569709,-0.00040882096,36.698433,-0.12913344
AT2016cor,0.04995,36.8523,0.302557,36.576456,0.27584387,36.705118,0.14718195
PS16dnp,0.04998,36.8583,0.163226,36.577803,0.28049677,36.706453,0.15184738
1990af,0.05018,36.5997,0.202684,36.586764,0.012936099,36.71533,-0.11562975
1993ag,0.05019,36.6402,0.244395,36.587211,0.052988975,36.715773,-0.075572697
PS15brr,0.05063,36.5461,0.190961,36.606799,-0.060699388,36.735177,-0.18907743
2008hu,0.05071,36.7036,0.133364,36.610343,0.093256842,36.738688,-0.03508783
PS16fbb,0.05139,36.8804,0.16836,36.640248,0.24015187,36.768309,0.11209052
1993O,0.05148,36.7759,0.228182,36.644177,0.13172264,36.772201,0.0036987601
ASASSN-16hc,0.05165,36.5862,0.156832,36.651581,-0.065381084,36.779534,-0.19333423
2003ic,0.05196,36.393,0.201448,36.665021,-0.27202138,36.792846,-0.39984562
AT2016htn,0.05229,36.8411,0.218249,36.679244,0.16185635,36.806931,0.034169223
2006ot,0.05232,36.8679,0.208308,36.680532,0.18736773,36.808207,0.059693066
2006ot,0.05232,36.5433,0.298829,36.680532,-0.13723227,36.808207,-0.26490693
PS16n,0.05268,36.7752,0.161766,36.69594,0.079259944,36.823465,-0.04826529
2010dt,0.05291,36.8474,0.172204,36.705731,0.14166941,36.83316,0.014239571
PS16evk,0.0532,36.9144,0.207509,36.718017,0.19638343,36.845326,0.069073793
PS16bby,0.0543,36.8327,0.178902,36.764036,0.068663831,36.890891,-0.058190694
2006lu,0.05449,36.8631,0.133817,36.771893,0.091206541,36.89867,-0.035569507
PS16ayd,0.05485,36.8581,0.149593,36.786708,0.071391516,36.913336,-0.055235943
490007,0.05513,36.8676,0.194374,36.798166,0.069433651,36.924678,-0.057078335
SN2017cpu,0.05529,36.6433,0.175423,36.804688,-0.16138844,36.931134,-0.28783448
2005hj,0.05631,36.9903,0.171451,36.845842,0.14445769,36.971869,0.018431407
AT2017oz,0.05641,36.8109,0.193162,36.849838,-0.038938111,36.975823,-0.1649233
2006py,0.05658,36.9098,0.185051,36.856615,0.053184733,36.982531,-0.072730619
PS16aer,0.05668,37.0393,0.176308,36.860593,0.17870737,36.986467,0.052833078
2008eq,0.0568,37.0687,0.221323,36.865357,0.20334347,36.991182,0.077518448
SN2016gmb,0.05708,36.9545,0.182842,36.876435,0.078065469,37.002145,-0.047644669
2006ob,0.0576,36.9821,0.138149,36.896869,0.085230733,37.022366,-0.040266268
2006ob,0.0576,36.9324,0.14674,36.896869,0.035530733,37.022366,-0.089966268
2001ah,0.05837,36.9802,0.215566,36.926803,0.053396832,37.051985,-0.071785092
2001ah,0.05837,37.146,0.252804,36.926803,0.21919683,37.051985,0.094014908
LSQ13crf,0.05934,36.3001,0.617516,36.963974,-0.66387357,37.088759,-0.78865948
SN2016hhv,0.06067,37.1383,0.198009,37.013996,0.12430375,37.138241,5.9199055e-05
SN2017cjv,0.06079,37.032,0.17759,37.018457,0.013542636,37.142653,-0.11065317
2008go,0.06116,36.9608,0.196145,37.032159,-0.071359153,37.156205,-0.19540473
2008go,0.06116,36.9691,0.141986,37.032159,-0.063059153,37.156205,-0.18710473
2008bz,0.0613,37.1925,0.16057,37.037323,0.15517724,37.161312,0.031188465
2008bz,0.0613,37.1631,0.123921,37.037323,0.12577724,37.161312,0.0017884646
2006oa,0.06142,37.0747,0.183316,37.04174,0.032960344,37.16568,-0.090979761
1992bs,0.0637,37.3517,0.206518,37.124116,0.22758421,37.247134,0.10456597
PS16bnz,0.06398,37.0786,0.154429,37.134035,-0.05543545,37.256941,-0.17834087
SN2016aqb,0.06419,37.0197,0.155855,37.141448,-0.12174777,37.264269,-0.24456862
2007ae,0.06485,37.0851,0.153034,37.164592,-0.079492423,37.287148,-0.20204778
PS15cms,0.06603,37.3617,0.203312,37.205412,0.1562877,37.327494,0.034205856
6057,0.06652,37.1627,0.296189,37.222157,-0.059456818,37.344042,-0.18134247
SN2016ixf,0.06723,37.4237,0.194412,37.24621,0.17749023,37.367812,0.055888421
AT2016aj,0.06731,37.2344,0.203006,37.248905,-0.014504615,37.370474,-0.13607448
PS15bjg,0.06758,37.4935,0.190499,37.257977,0.23552298,37.379439,0.1140609
CSS160129,0.06841,37.2381,0.191221,37.285649,-0.047549407,37.406781,-0.16868065
2006al,0.06908,37.4213,0.159324,37.307753,0.11354725,37.428617,-0.007317455
PTSS17-niq,0.0691,37.2817,0.174144,37.308409,-0.026709372,37.429266,-0.14756613
2008Y,0.07028,37.2775,0.212322,37.34683,-0.069330411,37.467219,-0.18971891
2008Y,0.07028,37.2961,0.226908,37.34683,-0.050730411,37.467219,-0.17111891
PS17yt,0.07046,37.4787,0.176182,37.352637,0.12606334,37.472954,0.005746141
470043,0.07061,37.7291,0.501827,37.357464,0.37163569,37.477722,0.25137788
2006on,0.07068,37.4543,0.24781,37.359714,0.094586152,37.479944,-0.02564395
ATLAS16bwu,0.07074,37.3712,0.228257,37.36164,0.0095596832,37.481847,-0.11064667
1993B,0.07076,37.2944,0.277681,37.362282,-0.067882124,37.482481,-0.18808057
PS15bdr,0.07094,37.3552,0.196012,37.368051,-0.012850555,37.488178,-0.13297778
PS16em,0.07113,37.4814,0.447068,37.374124,0.10727579,37.494176,-0.012776313
370566,0.07134,37.4155,0.208957,37.380819,0.034680906,37.500788,-0.085288196
PS15bwh,0.07149,37.2494,0.16107,37.38559,-0.13618957,37.505499,-0.25609941
PS15mt,0.07193,37.5618,0.180815,37.399528,0.16227233,37.519264,0.042536156
2007jd,0.07196,37.6319,0.199695,37.400475,0.23142498,37.520199,0.11170065
PS15atx,0.07301,37.6225,0.304764,37.433395,0.18910482,37.552706,0.069794104
Gaia16aki,0.07398,37.5535,0.176502,37.463406,0.090094377,37.582335,-0.028835255
PS17bii,0.07467,37.4501,0.192118,37.484524,-0.034424233,37.603183,-0.15308337
1992ae,0.07478,37.4346,0.222054,37.487874,-0.053273649,37.60649,-0.17188971
2005ir,0.0749,37.5656,0.154994,37.491522,0.074077831,37.610091,-0.044491257
7876,0.0749,37.4763,0.179761,37.491522,-0.015222169,37.610091,-0.13379126
2010hs,0.07514,37.8142,0.289148,37.498802,0.31539758,37.617278,0.19692241
AT2016gsu,0.07529,37.5461,0.217171,37.503341,0.04275875,37.621758,-0.075657761
370333,0.07557,37.6342,0.198325,37.511791,0.12240942,37.630098,0.0041023556
Gaia16acv,0.07833,37.8315,0.146078,37.593507,0.23799326,37.710739,0.12076069
2007hx,0.07849,38.0942,0.180119,37.598159,0.49604114,37.715329,0.37887062
17186,0.07849,38.0154,0.239252,37.598159,0.41724114,37.715329,0.30007062
PS15bif,0.07855,37.5715,0.150392,37.599901,-0.028401063,37.717048,-0.14554832
560033,0.07869,37.5988,0.503338,37.603961,-0.0051612524,37.721054,-0.12225425
12779,0.07891,37.7843,0.238199,37.610328,0.17397241,37.727335,0.056964644
PS15bzz,0.07901,37.53,0.147217,37.613216,-0.083215759,37.730185,-0.2001848
350316,0.07966,37.6003,0.157805,37.631904,-0.031603958,37.748622,-0.14832154
2005ag,0.08024,37.6668,0.119289,37.648457,0.018343303,37.76495,-0.098150262
12950,0.08141,37.7215,0.219648,37.681502,0.039998187,37.797545,-0.076044529
130308,0.08221,37.8192,0.217606,37.703836,0.11536387,37.819571,-0.00037137787
12898,0.08255,37.6774,0.265638,37.713265,-0.035865313,37.82887,-0.15147008
12781,0.08282,37.9939,0.195118,37.720727,0.27317324,37.836228,0.157672
SN2016glp,0.08366,37.9686,0.221594,37.743792,0.22480773,37.858972,0.10962811
3592,0.08544,37.8406,0.128563,37.791946,0.048653812,37.906447,-0.065846628
SN2016grz,0.08656,37.8484,0.21681,37.821756,0.026643734,37.935831,-0.087431002
1241,0.08848,37.7772,0.253181,37.872012,-0.094812485,37.98536,-0.20816038
590194,0.09015,37.9202,0.21704,37.914886,0.005314457,38.027604,-0.10740425
370066,0.09066,38.0269,0.167553,37.927828,0.099072456,38.040355,-0.013454663
300105,0.09181,38.1602,0.266341,37.956758,0.20344247,38.068854,0.091346416
iPTF17dz,0.09284,38.2226,0.493293,37.982377,0.24022306,38.094088,0.12851197
010010,0.09968,38.4377,0.194713,38.145942,0.29175816,38.255123,0.18257687
160099,0.10142,38.2982,0.165557,38.185845,0.1123549,38.29439,0.0038098139
140181,0.10231,38.2511,0.199553,38.206005,0.045095445,38.314225,-0.063125375
000190,0.10237,38.4085,0.187412,38.207358,0.20114238,38.315557,0.092943395
100405,0.10298,38.1815,0.18625,38.221071,-0.039571154,38.329048,-0.14754837
13135,0.10338,38.3338,0.12638,38.230022,0.10377819,38.337854,-0.0040538073
20064,0.10351,38.2079,0.196456,38.232924,-0.025023699,38.340709,-0.13280853
13038,0.10485,38.4295,0.236183,38.262635,0.16686461,38.369935,0.059564985
18697,0.10638,38.2611,0.195537,38.296122,-0.035022368,38.40287,-0.14177012
20625,0.10684,38.4624,0.151122,38.306101,0.15629898,38.412683,0.049716704
3256,0.10694,38.4295,0.210466,38.308265,0.1212351,38.414811,0.014688773
120225,0.10728,38.7801,0.468541,38.315608,0.46449225,38.422032,0.35806807
21034,0.10751,38.4984,0.180059,38.320562,0.17783753,38.426904,0.071495912
500038,0.1081,38.4017,0.187108,38.333227,0.068473427,38.439357,-0.03765663
7147,0.10886,38.4016,0.133183,38.349443,0.052156588,38.455301,-0.053701441
020027,0.10988,38.5701,0.179741,38.37104,0.19905976,38.476534,0.093565951
18650,0.11243,38.6214,0.163201,38.424212,0.19718788,38.5288,0.092600246
18612,0.11365,38.3876,0.194923,38.449248,-0.061648446,38.553405,-0.16580474
8719,0.11628,38.5408,0.159897,38.502366,0.038433977,38.605597,-0.064797266
5395,0.11635,38.6302,0.185742,38.503764,0.12643579,38.606971,0.023229077
2561,0.11741,38.5727,0.239635,38.52484,0.047859917,38.627676,-0.054975887
16259,0.11771,38.6088,0.214419,38.530772,0.078027718,38.633503,-0.024703304
1371,0.11797,38.4157,0.127058,38.535902,-0.12020197,38.638542,-0.22284225
000137,0.11878,38.5629,0.212381,38.551815,0.011085339,38.654173,-0.091272657
5549,0.11992,38.5958,0.200195,38.574037,0.02176261,38.675999,-0.080199144
12860,0.12042,38.7926,0.252257,38.583721,0.20887872,38.68551,0.10709038
490008,0.12067,38.6348,0.302627,38.588549,0.04625102,38.690251,-0.055450714
19953,0.1219,38.5945,0.157915,38.612165,-0.017664519,38.713441,-0.11894096
390259,0.12208,38.6119,0.231142,38.615602,-0.0037015553,38.716816,-0.10491588
18835,0.12262,38.6853,0.144584,38.625884,0.059415979,38.726912,-0.041612175
2916,0.12303,38.5967,0.274641,38.633663,-0.036962558,38.73455,-0.13784954
16021,0.12336,38.6164,0.162163,38.639906,-0.023505573,38.740679,-0.12427904
13894,0.12356,38.8009,0.333367,38.643682,0.15721845,38.744386,0.056513727
570062,0.12363,38.8242,0.150324,38.645002,0.17919822,38.745682,0.078517551
6406,0.12377,38.6504,0.145797,38.64764,0.0027598833,38.748273,-0.097872699
19543,0.12384,38.835,0.221531,38.648958,0.18604177,38.749567,0.085433226
13044,0.12455,38.7616,0.12587,38.662288,0.099311932,38.762653,-0.0010530517
15459,0.12542,39.1417,0.298944,38.678524,0.46317563,38.778592,0.36310846
2992,0.12608,38.4956,0.293348,38.690771,-0.19517082,38.790613,-0.29501254
16069,0.12688,38.8125,0.259679,38.705534,0.10696584,38.805103,0.0073968471
744,0.12694,38.6849,0.280884,38.706638,-0.021737872,38.806186,-0.12128643
14871,0.12705,38.7429,0.159508,38.70866,0.034239941,38.808171,-0.065271169
18855,0.12716,38.7841,0.176913,38.710681,0.073419404,38.810154,-0.026054268
22075,0.129,38.7547,0.150979,38.744236,0.010463514,38.843086,-0.088385595
1032,0.12904,38.8403,0.212795,38.744961,0.095339063,38.843797,-0.0034965037
5751,0.12929,38.833,0.250442,38.749484,0.08351603,38.848235,-0.015234928
18415,0.1294,38.8429,0.142748,38.751471,0.091428507,38.850185,-0.0072852415
18809,0.13153,38.802,0.134576,38.789646,0.01235355,38.887642,-0.085641884
151034,0.13269,38.7841,0.122177,38.810192,-0.026092245,38.907798,-0.12369824
1334084,0.13349,38.8266,0.283718,38.824263,0.0023365901,38.921602,-0.095001539
15508,0.13353,38.8434,0.157696,38.824965,0.018435119,38.92229,-0.078889633
14108,0.13463,39.2366,0.199357,38.844178,0.39242179,38.941136,0.29546435
15234,0.13514,39.0775,0.31333,38.853036,0.22446389,38.949824,0.12767638
000014,0.13599,38.9771,0.206627,38.86773,0.10937042,38.964234,0.012865599
17629,0.1364,38.8475,0.195569,38.874786,-0.027286134,38.971155,-0.12365484
19775,0.13687,39.0095,0.224296,38.882851,0.12664916,38.979064,0.030436303
18602,0.13696,38.9616,0.259136,38.884392,0.077207826,38.980575,-0.018975209
21062,0.13729,39.3511,0.230391,38.890036,0.46106442,38.986109,0.36499066
17366,0.13811,38.8857,0.128482,38.904004,-0.018303527,38.999806,-0.11410616
15171,0.13818,38.9503,0.15974,38.905192,0.045107705,39.000972,-0.050671817
190340,0.13824,39.0229,0.12425,38.906211,0.11668921,39.00197,0.0209295
20084,0.13834,39.0401,0.319084,38.907907,0.13219265,39.003634,0.036465944
190230,0.13864,39.0467,0.130742,38.91299,0.13370986,39.008618,0.038082137
12928,0.13868,38.9999,0.176022,38.913667,0.086232941,39.009282,-0.0093815955
090275,0.13959,39.0213,0.145767,38.929018,0.092282361,39.024332,-0.0030324831
1794,0.1407,39.1775,0.184019,38.947615,0.22988493,39.042565,0.13493464
17208,0.14084,39.2835,0.203514,38.949951,0.33354912,39.044855,0.23864472
340229,0.14108,39.0407,0.212429,38.95395,0.086749932,39.048776,-0.0080758202
1317666,0.1412,39.1237,0.260864,38.955947,0.16775274,39.050734,0.072966289
2635,0.14311,39.047,0.160602,38.987523,0.05947704,39.081686,-0.034685579
17568,0.14335,39.5154,0.37065,38.991463,0.52393746,39.085547,0.429853
190260,0.14344,39.1135,0.129494,38.992938,0.12056172,39.086993,0.026506547
17497,0.14388,39.0756,0.170594,39.000141,0.075459464,39.094053,-0.018452589
8921,0.1441,39.016,0.24096,39.003734,0.012266096,39.097574,-0.081574464
17605,0.14533,39.1518,0.210163,39.02373,0.12807036,39.117171,0.034628716
1296657,0.14624,39.1857,0.207408,39.038421,0.14727882,39.131569,0.054131436
440008,0.14656,39.158,0.187578,39.043567,0.11443296,39.136611,0.021388879
13796,0.14729,38.9672,0.171803,39.055267,-0.088066656,39.148075,-0.18087542
1316385,0.14741,39.0154,0.197495,39.057185,-0.041784668,39.149955,-0.1345548
180166,0.14757,39.161,0.170177,39.05974,0.10126026,39.152458,0.0085416292
14024,0.14759,39.134,0.188785,39.060059,0.073941061,39.152771,-0.018771136
14437,0.14792,39.0382,0.157931,39.06532,-0.0271199,39.157926,-0.11972596
1293758,0.14812,39.2285,0.184985,39.068503,0.159997,39.161045,0.067455211
1255502,0.14819,39.0239,0.142683,39.069616,-0.045716133,39.162135,-0.13823543
13736,0.14882,39.1606,0.17494,39.079612,0.080987829,39.171929,-0.011329274
2308,0.14923,39.1104,0.175216,39.086096,0.024303784,39.178282,-0.067881918
000038,0.15036,39.1058,0.170038,39.103881,0.0019192826,39.195705,-0.089905037
460003,0.15067,39.1687,0.134119,39.108738,0.059962272,39.200463,-0.031763105
2031,0.15186,39.0477,0.158769,39.127296,-0.079595721,39.218642,-0.17094207
18323,0.15272,39.3239,0.173198,39.140623,0.18327735,39.231696,0.092204141
15132,0.15304,39.2175,0.127754,39.145564,0.071936449,39.236535,-0.019035287
18740,0.15317,39.0991,0.159928,39.147568,-0.048468024,39.238499,-0.13939856
19353,0.15325,39.2564,0.179373,39.148801,0.10759925,39.239706,0.016694052
16073,0.15339,39.3639,0.175468,39.150957,0.21294342,39.241817,0.12208257
5550,0.15493,39.2076,0.167881,39.17455,0.033050368,39.264924,-0.057323897
16116,0.15509,39.278,0.157843,39.176988,0.10101176,39.267312,0.010687935
18030,0.15518,39.3994,0.175858,39.178359,0.22104109,39.268654,0.13074562
19940,0.15591,38.9704,0.179204,39.189449,-0.21904919,39.279515,-0.30911488
13354,0.15654,39.2087,0.210288,39.198981,0.0097188168,39.288849,-0.080148955
16206,0.15838,39.0794,0.163715,39.226616,-0.14721625,39.315908,-0.23650793
440042,0.15906,39.4267,0.283686,39.236753,0.18994687,39.325833,0.10086734
14782,0.15922,38.9503,0.143914,39.239132,-0.28883238,39.328162,-0.37786205
15425,0.15935,39.0908,0.143045,39.241064,-0.15026387,39.330053,-0.23925304
3317,0.15991,39.2286,0.167715,39.249367,-0.020767302,39.338182,-0.1095822
1299775,0.16009,39.0428,0.270648,39.25203,-0.20923048,39.340789,-0.29798942
2689,0.16036,39.2057,0.217053,39.25602,-0.050319989,39.344695,-0.13899504
390627,0.16045,39.4242,0.26036,39.257348,0.16685157,39.345996,0.078204467
5103,0.1606,39.2162,0.20927,39.259561,-0.043360944,39.348161,-0.13196148
120336,0.16134,39.3106,0.246322,39.270448,0.040152225,39.358819,-0.048218879
17825,0.1622,39.3252,0.224064,39.283041,0.042158552,39.371147,-0.045946503
19174,0.16357,39.2807,0.200998,39.302975,-0.022274926,39.390657,-0.10995747
3087,0.16431,39.2634,0.199319,39.313677,-0.050277002,39.401132,-0.13773201
19616,0.16455,39.3293,0.139452,39.317138,0.012161741,39.40452,-0.075219566
20764,0.16478,39.3182,0.150918,39.320451,-0.0022508666,39.407762,-0.089561593
20430,0.16593,39.4938,0.241887,39.336949,0.15685072,39.423908,0.069892218
12843,0.16595,39.1817,0.193496,39.337235,-0.15553526,39.424188,-0.24248765
12853,0.16817,39.2757,0.165826,39.36878,-0.093080458,39.455056,-0.17935613
350233,0.16935,39.5155,0.182871,39.38539,0.13011047,39.471307,0.044192783
17389,0.1696,39.6721,0.274897,39.388895,0.2832055,39.474736,0.1973635
12856,0.17029,39.4742,0.132684,39.398543,0.07565678,39.484177,-0.0099765767
590005,0.17137,39.5424,0.275502,39.413572,0.12882758,39.49888,0.043519974
310039,0.17156,39.4603,0.214715,39.416207,0.044092711,39.501458,-0.041157684
19282,0.17239,39.5021,0.177409,39.427686,0.074414408,39.512686,-0.010586441
1303279,0.17274,39.2676,0.152344,39.43251,-0.16491036,39.517406,-0.24980616
100090,0.17282,39.7263,0.252568,39.433612,0.29268811,39.518484,0.20781632
3080,0.17315,39.3871,0.131849,39.438151,-0.051050632,39.522923,-0.13582349
15897,0.17357,39.5403,0.18318,39.443916,0.096384459,39.528563,0.011737387
120143,0.1736,39.3493,0.151501,39.444327,-0.095026822,39.528965,-0.17966491
15648,0.17383,39.5986,0.318528,39.447478,0.15112223,39.532047,0.066552957
14421,0.174,39.5734,0.137128,39.449804,0.12359578,39.534323,0.039077336
16165,0.17405,39.3317,0.154309,39.450488,-0.11878807,39.534992,-0.20329156
15583,0.17427,39.5546,0.230974,39.453495,0.10110518,39.537933,0.016667427
19969,0.17428,39.4849,0.162645,39.453631,0.031268597,39.538066,-0.053166172
5350,0.17431,39.5053,0.183971,39.454041,0.051258883,39.538467,-0.033166925
18604,0.17483,39.7434,0.182014,39.461132,0.28226761,39.545403,0.19799701
14979,0.17654,39.5164,0.135467,39.484314,0.032086403,39.568075,-0.051675402
17218,0.17697,39.5095,0.175623,39.49011,0.019390219,39.573744,-0.064244028
14451,0.17729,39.4771,0.138264,39.494415,-0.01731469,39.577954,-0.10085411
17220,0.17769,39.3394,0.257355,39.499786,-0.16038563,39.583207,-0.24380664
370428,0.1778,39.6477,0.131546,39.501261,0.14643934,39.584649,0.063050873
5635,0.17839,39.9669,0.207864,39.509158,0.45774233,39.592372,0.37452823
6936,0.1789,39.641,0.157339,39.515964,0.12503574,39.599028,0.041972119
300179,0.17896,39.7672,0.201468,39.516764,0.25043615,39.59981,0.16739022
13045,0.17916,39.5355,0.229828,39.519427,0.016072678,39.602414,-0.066914305
1347120,0.17955,39.5509,0.280575,39.524613,0.026286878,39.607485,-0.056585257
2372,0.17959,39.5519,0.174634,39.525144,0.026755595,39.608005,-0.056104767
1303496,0.17979,39.5962,0.208929,39.527799,0.068400841,39.610601,-0.014400681
13254,0.1799,39.9979,0.268081,39.529258,0.4686419,39.612027,0.38587273
14284,0.18037,39.3688,0.13762,39.535482,-0.16668238,39.618113,-0.24931346
420159,0.18059,39.5035,0.133745,39.538391,-0.034890679,39.620957,-0.11745717
330023,0.18064,39.7166,0.179158,39.539051,0.17754881,39.621603,0.094996987
350548,0.18067,39.6391,0.133983,39.539447,0.099652579,39.62199,0.017109562
360112,0.18071,39.6151,0.246207,39.539976,0.075124372,39.622507,-0.0074069098
17215,0.1808,39.6213,0.207991,39.541164,0.080136306,39.623669,-0.0023685777
15443,0.18123,39.4868,0.134057,39.546832,-0.060032404,39.629211,-0.14241125
370595,0.18138,39.6585,0.225961,39.548807,0.10969309,39.631142,0.027358174
1339392,0.18148,39.3953,0.235174,39.550122,-0.1548224,39.632428,-0.23712804
17332,0.18203,39.5863,0.201062,39.557346,0.028954485,39.63949,-0.053190285
1580,0.18216,39.5259,0.149858,39.55905,-0.03314982,39.641157,-0.1152566
1250017,0.18217,39.6885,0.152439,39.559181,0.12931913,39.641285,0.047215265
15453,0.18243,39.7821,0.177319,39.562586,0.21951409,39.644614,0.13748616
17391,0.18345,39.5995,0.294191,39.575901,0.023599473,39.657631,-0.058131112
17168,0.18376,39.752,0.19743,39.579933,0.17206656,39.661574,0.090426176
1257695,0.18383,39.68,0.151568,39.580843,0.099156782,39.662463,0.017536754
20048,0.18388,39.796,0.218377,39.581493,0.21450714,39.663098,0.13290165
15421,0.18443,39.7891,0.142656,39.588628,0.20047191,39.670074,0.1190262
1296321,0.18444,39.9384,0.282465,39.588758,0.34964236,39.6702,0.26819956
8213,0.18468,39.6548,0.27682,39.591865,0.062935186,39.673238,-0.018437973
15461,0.18482,39.613,0.134864,39.593676,0.019324406,39.675008,-0.06200815
1336453,0.18492,39.7435,0.159325,39.594968,0.14853178,39.676272,0.067228212
6422,0.18501,39.6347,0.160441,39.596131,0.038568965,39.677409,-0.042708512
16281,0.18507,39.5427,0.172189,39.596906,-0.054205949,39.678166,-0.13546604
370563,0.18538,39.7882,0.139358,39.600906,0.18729406,39.682076,0.10612376
15365,0.18651,39.7559,0.144508,39.615434,0.14046609,39.696278,0.059622408
18807,0.18714,39.7694,0.13671,39.623498,0.14590203,39.70416,0.065239999
5994,0.18801,39.7451,0.191467,39.634593,0.11050748,39.715004,0.030095761
12927,0.18892,39.4384,0.149571,39.646146,-0.20774604,39.726297,-0.28789661
16100,0.18893,39.8089,0.256269,39.646273,0.16262728,39.72642,0.082479587
18787,0.18915,40.1408,0.200523,39.649058,0.49174205,39.729143,0.41165739
18749,0.18931,39.7413,0.209197,39.651082,0.090218327,39.731121,0.010179482
1273127,0.18937,39.9359,0.228953,39.65184,0.28405984,39.731862,0.20403817
440643,0.18955,39.7624,0.238646,39.654114,0.10828573,39.734084,0.028315569
6304,0.18979,39.7286,0.224725,39.657143,0.071456703,39.737045,-0.0084448116
762,0.19009,39.8807,0.15799,39.660925,0.21977544,39.74074,0.13995966
20687,0.19026,39.6892,0.294972,39.663065,0.026135198,39.742832,-0.053632028
2440,0.1903,39.9182,0.154841,39.663568,0.25463187,39.743324,0.17487606
16276,0.19397,39.7983,0.218857,39.709334,0.088966064,39.788047,0.010252576
2246,0.19422,39.8787,0.222002,39.712422,0.16627794,39.791065,0.08763506
20821,0.19534,40.1343,0.403955,39.726212,0.40808846,39.804539,0.32976128
14984,0.19549,39.9082,0.195934,39.728053,0.18014725,39.806338,0.10186228
15674,0.19555,39.958,0.212325,39.728789,0.22921114,39.807057,0.15094304
1253920,0.19556,39.7111,0.156617,39.728912,-0.017811527,39.807177,-0.096076811
000236,0.19602,39.7288,0.124812,39.734548,-0.0057478227,39.812684,-0.083883816
15129,0.19611,39.7747,0.157962,39.735649,0.039050866,39.81376,-0.039059852
1298893,0.19616,39.8397,0.254651,39.736261,0.10343923,39.814357,0.025342551
1334620,0.19624,39.8927,0.29342,39.737239,0.15546091,39.815313,0.077386694
13070,0.19719,39.8018,0.14158,39.748828,0.052971728,39.826636,-0.024836183
18804,0.19726,39.6932,0.130873,39.74968,-0.056480153,39.827468,-0.13426847
1302058,0.19786,39.492,0.189171,39.75697,-0.26497046,39.834591,-0.34259099
15222,0.19801,39.7561,0.182544,39.75879,-0.0026898188,39.836368,-0.080268444
1316431,0.19815,39.8879,0.174409,39.760487,0.12741327,39.838026,0.049873739
13370,0.19846,40.3246,0.238597,39.76424,0.5603598,39.841693,0.48290677
360145,0.1986,39.8881,0.211487,39.765934,0.12216647,39.843348,0.044752488
19658,0.19863,39.889,0.174502,39.766296,0.12270376,39.843702,0.045298141
18768,0.19892,40.0216,0.217638,39.7698,0.25180018,39.847125,0.17447538
500504,0.19948,39.6764,0.246154,39.776552,-0.10015191,39.853721,-0.17732084
110460,0.19956,39.8511,0.254227,39.777515,0.073584951,39.854662,-0.0035617342
560150,0.19957,39.8965,0.17155,39.777635,0.11886458,39.854779,0.041720679
19101,0.20062,39.6837,0.194976,39.790243,-0.10654285,39.867095,-0.18339525
470232,0.20068,39.9838,0.252956,39.790961,0.19283858,39.867797,0.11600282
370308,0.20074,39.7672,0.316127,39.79168,-0.024479786,39.868499,-0.10129892
590002,0.20139,39.8575,0.216953,39.799449,0.058050692,39.876088,-0.018588486
13152,0.20216,39.6184,0.198124,39.808623,-0.19022304,39.885049,-0.26664947
19913,0.20237,39.9949,0.159703,39.811119,0.18378068,39.887488,0.10741218
6780,0.20268,39.8373,0.184965,39.8148,0.022500093,39.891083,-0.05378293
14212,0.20308,39.9658,0.146626,39.819541,0.14625869,39.895714,0.070085838
15203,0.20314,39.8822,0.166845,39.820252,0.061948233,39.896408,-0.014208108
16032,0.20318,39.9277,0.173799,39.820725,0.1069747,39.896871,0.030829369
7243,0.20323,39.9335,0.216127,39.821317,0.11218291,39.897449,0.036051335
15901,0.20368,39.9041,0.171481,39.826637,0.077462871,39.902645,0.0014550309
18965,0.20454,39.8809,0.160012,39.836774,0.044126054,39.912546,-0.031645759
110033,0.20471,39.8427,0.202322,39.838773,0.0039269626,39.914498,-0.071798263
17801,0.20515,40.1661,0.227714,39.84394,0.32216001,39.919545,0.24655526
15872,0.20549,39.8126,0.174944,39.847926,-0.035325573,39.923437,-0.11083734
1327978,0.20699,39.9225,0.279831,39.865436,0.057063923,39.940539,-0.018038678
15201,0.20736,40.316,0.333666,39.869737,0.44626283,39.944739,0.37126088
1283373,0.20754,40.0725,0.148972,39.871827,0.20067298,39.94678,0.12571997
20376,0.20831,39.7299,0.272182,39.880748,-0.1508479,39.955492,-0.2255919
15467,0.20847,39.8758,0.146778,39.882598,-0.0067977401,39.957298,-0.081498363
200132,0.20856,40.1034,0.239508,39.883638,0.21976231,39.958314,0.14508607
15259,0.20857,39.8639,0.197696,39.883753,-0.019853219,39.958427,-0.094526742
140152,0.20864,39.8798,0.15965,39.884562,-0.004761747,39.959216,-0.079416306
16482,0.20937,39.8413,0.262138,39.892979,-0.051678533,39.967436,-0.12613555
550154,0.21003,40.1479,0.148877,39.900565,0.24733524,39.974844,0.17305647
19149,0.21023,39.4543,0.186032,39.902859,-0.44855924,39.977084,-0.52278406
460105,0.21071,39.9632,0.223017,39.908358,0.054842295,39.982453,-0.01925318
14157,0.21083,39.806,0.155718,39.909731,-0.1037305,39.983794,-0.17779367
18940,0.21099,39.9552,0.163264,39.91156,0.043640234,39.98558,-0.030379873
1257366,0.21137,40.1415,0.266119,39.915899,0.2256009,39.989817,0.15168298
7847,0.2116,39.9676,0.230498,39.918522,0.04907798,39.992378,-0.024778141
17811,0.21186,39.9136,0.194498,39.921484,-0.0078838635,39.99527,-0.081670177
18927,0.21214,39.9374,0.243726,39.92467,0.012730238,39.998381,-0.060980957
13305,0.21339,40.0218,0.16528,39.938845,0.082955017,40.012222,0.0095784338
8495,0.21353,40.0084,0.19033,39.940428,0.067972205,40.013767,-0.0053669769
6933,0.21383,39.8874,0.197488,39.943816,-0.056416287,40.017075,-0.12967537
110567,0.21442,40.0179,0.298904,39.950467,0.067432559,40.023569,-0.005669212
1249851,0.21511,39.8825,0.477887,39.958224,-0.075724349,40.031142,-0.14864248
14019,0.21513,40.4641,0.22943,39.958449,0.50565116,40.031362,0.43273834
1316,0.21566,40.2253,0.258716,39.964391,0.26090916,40.037163,0.18813715
100206,0.21653,39.8253,0.141535,39.974115,-0.1488153,40.046657,-0.22135666
17435,0.21674,40.0672,0.190384,39.976457,0.090742866,40.048943,0.018257094
7473,0.21677,40.0932,0.185301,39.976792,0.11640849,40.049269,0.043930656
20364,0.21729,40.1395,0.269611,39.982581,0.15691946,40.054921,0.084579119
13641,0.21781,39.9942,0.174837,39.988357,0.0058433037,40.06056,-0.066359758
1290816,0.21848,40.2216,0.204417,39.99578,0.22581982,40.067807,0.15379334
1304678,0.21884,40.1416,0.247596,39.99976,0.14183982,40.071692,0.069908072
9467,0.21885,40.1925,0.240729,39.999871,0.19262935,40.0718,0.12070023
1342255,0.21886,40.0296,0.130815,39.999981,0.029618887,40.071908,-0.042307601
5533,0.21887,40.1292,0.218822,40.000092,0.12910843,40.072015,0.05718457
15433,0.21935,40.1098,0.160031,40.005388,0.10441189,40.077186,0.032614186
1302187,0.21943,40.0048,0.208962,40.00627,-0.0014698134,40.078047,-0.073246514
18466,0.21967,40.0882,0.173376,40.008913,0.079286855,40.080627,0.0075731482
14331,0.21976,40.2387,0.220195,40.009904,0.2287963,40.081594,0.1571062
000220,0.21982,40.0616,0.124319,40.010564,0.051036136,40.082238,-0.020638222
19230,0.22005,39.9228,0.242946,40.013093,-0.090292933,40.084707,-0.16190699
7512,0.22055,40.1876,0.225274,40.018582,0.16901756,40.090066,0.097534452
15354,0.22069,40.0798,0.266821,40.020117,0.059682567,40.091564,-0.011763905
370098,0.22141,40.0441,0.143254,40.027997,0.016102605,40.099256,-0.055155708
480464,0.22141,40.0588,0.204756,40.027997,0.030802605,40.099256,-0.040455708
1331123,0.22157,40.1937,0.166162,40.029745,0.16395474,40.100962,0.092738185
13025,0.22287,40.3257,0.281229,40.043903,0.28179665,40.114781,0.21091867
14846,0.22335,40.1511,0.167278,40.049112,0.10198845,40.119865,0.031235159
330083,0.22373,40.0162,0.172818,40.053227,-0.037027342,40.123882,-0.10768204
1304442,0.22451,40.1293,0.19721,40.061655,0.067644776,40.132108,-0.0028078989
550096,0.22451,39.9449,0.245775,40.061655,-0.11675522,40.132108,-0.1872079
1292560,0.22482,40.1126,0.160616,40.064997,0.047602788,40.13537,-0.022769723
13727,0.22534,40.1329,0.188923,40.070594,0.062306478,40.140832,-0.0079317272
15229,0.22536,40.1856,0.197444,40.070809,0.11479148,40.141042,0.044558431
030066,0.22552,40.1491,0.174035,40.072528,0.07657209,40.14272,0.0063803274
020096,0.22563,39.9865,0.175963,40.073709,-0.08720933,40.143873,-0.15737272
19992,0.22632,40.3912,0.201078,40.081108,0.31009213,40.151094,0.24010649
1315192,0.22714,40.097,0.228488,40.089873,0.0071268712,40.159648,-0.062648002
1315259,0.22806,40.2236,0.183395,40.099672,0.12392761,40.169211,0.054388612
180561,0.22853,40.1604,0.308241,40.104664,0.055735633,40.174083,-0.013683109
13072,0.22917,40.2229,0.202405,40.111447,0.11145336,40.180702,0.042198109
3452,0.22967,40.1351,0.188066,40.116733,0.01836695,40.185861,-0.050760794
21033,0.23006,40.1283,0.227444,40.120849,0.0074509637,40.189877,-0.061577451
000006,0.23044,40.3062,0.260109,40.124853,0.18134675,40.193785,0.11241501
040780,0.23066,40.0717,0.296847,40.127169,-0.055468682,40.196045,-0.1243445
19008,0.23075,40.1049,0.204707,40.128115,-0.023215311,40.196968,-0.092068267
360140,0.23083,40.2958,0.226289,40.128956,0.16684353,40.197789,0.098010892
17875,0.23111,40.3169,0.189753,40.131898,0.1850016,40.20066,0.11624004
430004,0.2315,40.201,0.226906,40.135991,0.065009423,40.204653,-0.0036532196
1302648,0.23171,40.0875,0.237265,40.138191,-0.050691404,40.206801,-0.11930083
1275946,0.23212,40.2045,0.159507,40.142483,0.062017078,40.210989,-0.0064885549
15369,0.23269,39.8341,0.180906,40.148437,-0.31433749,40.216799,-0.38269903
1292336,0.23356,40.1857,0.255059,40.1575,0.028200021,40.225642,-0.039942046
350047,0.23364,40.4148,0.19637,40.158332,0.25646826,40.226454,0.18834635
12971,0.23381,40.1389,0.214099,40.160098,-0.021198342,40.228177,-0.089277446
1336687,0.23381,40.1788,0.292139,40.160098,0.018701658,40.228177,-0.049377446
1279500,0.23471,40.2784,0.167703,40.169431,0.10896887,40.237284,0.041116048
110536,0.23475,40.1912,0.32799,40.169845,0.021354851,40.237688,-0.046487927
1319366,0.23483,40.158,0.183242,40.170673,-0.01267299,40.238496,-0.080495686
1298281,0.23508,40.1629,0.275154,40.173258,-0.010358305,40.241018,-0.078118273
19341,0.23543,40.2336,0.214202,40.176873,0.056726541,40.244546,-0.010945686
15287,0.2363,40.3805,0.155735,40.185838,0.19466188,40.253293,0.12720736
310574,0.23649,40.2636,0.156727,40.187792,0.075808157,40.255199,0.0084011102
13511,0.23653,40.4674,0.193131,40.188203,0.27919703,40.2556,0.21179998
12881,0.23671,40.119,0.236651,40.190052,-0.071052226,40.257404,-0.13840434
16350,0.23684,40.2279,0.210237,40.191387,0.03651301,40.258707,-0.030806659
1317277,0.23711,40.2245,0.203948,40.194157,0.030342981,40.261409,-0.036909344
20768,0.23735,40.7365,0.305716,40.196617,0.53988319,40.263809,0.47269068
17884,0.23776,40.2317,0.172272,40.200814,0.030886387,40.267904,-0.036204033
470008,0.23954,39.9059,0.208409,40.218956,-0.31305631,40.285605,-0.37970494
18486,0.23971,40.13,0.180786,40.220682,-0.090682481,40.287289,-0.15728904
510251,0.24004,40.3847,0.264226,40.22403,0.16066995,40.290555,0.094144997
580300,0.24072,40.4016,0.166736,40.230915,0.17068539,40.297272,0.10432835
510550,0.24106,40.3291,0.130654,40.23435,0.094749879,40.300623,0.028476663
17223,0.24151,40.172,0.261675,40.23889,-0.066890211,40.305053,-0.13305261
460064,0.24153,40.1214,0.184136,40.239092,-0.11769181,40.305249,-0.18384928
14481,0.24207,40.564,0.221356,40.244529,0.31947086,40.310554,0.25344616
20111,0.24267,40.4217,0.219858,40.250557,0.17114257,40.316435,0.10526516
480064,0.24271,40.5734,0.259119,40.250959,0.32244117,40.316826,0.25657358
20088,0.24316,40.2516,0.143114,40.25547,-0.0038702807,40.321228,-0.069627595
13506,0.24341,40.538,0.306318,40.257973,0.2800267,40.323669,0.21433059
19023,0.24405,40.2956,0.242814,40.26437,0.031229847,40.32991,-0.034309789
15466,0.24436,40.2064,0.221704,40.267463,-0.061063034,40.332927,-0.12652699
3377,0.24449,40.1263,0.186144,40.268759,-0.14245897,40.334191,-0.2078912
000174,0.24497,40.3336,0.209543,40.273538,0.060061595,40.338854,-0.0052536293
420407,0.24512,40.4957,0.181643,40.27503,0.2206698,40.340309,0.15539111
20039,0.24539,40.3582,0.219468,40.277713,0.080486711,40.342926,0.015273732
000010,0.24594,40.4318,0.167359,40.28317,0.14862962,40.34825,0.083550343
13835,0.24604,40.3473,0.149416,40.284161,0.06313864,40.349216,-0.0019163526
15219,0.24637,40.378,0.17135,40.287429,0.090571054,40.352404,0.025596153
12977,0.24643,40.2829,0.214739,40.288023,-0.0051226164,40.352983,-0.070082964
05D3mq,0.24649,40.3907,0.15515,40.288616,0.10208385,40.353562,0.037138052
1334645,0.24701,40.1983,0.137434,40.293755,-0.095454519,40.358574,-0.16027431
3451,0.24835,40.203,0.17717,40.30695,-0.10394956,40.371446,-0.16844556
450082,0.24848,40.4276,0.195634,40.308226,0.11937384,40.372691,0.054909186
420087,0.24848,40.4912,0.215929,40.308226,0.18297384,40.372691,0.11850919
560152,0.24851,40.3657,0.261564,40.308521,0.057179328,40.372978,-0.0072780933
15161,0.24853,40.3256,0.178325,40.308717,0.016883005,40.37317,-0.047569595
19990,0.24883,40.427,0.180619,40.31166,0.11533993,40.37604,0.050959601
120585,0.24899,40.3167,0.167358,40.313228,0.0034716292,40.37757,-0.060870174
3199,0.24961,40.6733,0.220606,40.319297,0.3540033,40.383489,0.2898106
16106,0.24973,40.2961,0.206796,40.32047,-0.024369595,40.384633,-0.088533477
15868,0.24974,40.3915,0.163714,40.320567,0.070932687,40.384729,0.0067712072
520077,0.25004,40.5965,0.224495,40.323497,0.27300284,40.387587,0.20891337
390449,0.25008,40.3764,0.218218,40.323888,0.052512436,40.387967,-0.01156743
13689,0.2503,40.4145,0.179616,40.326034,0.088466271,40.390061,0.02443917
5717,0.25037,40.5692,0.188725,40.326716,0.24248377,40.390727,0.17847345
500004,0.25052,40.3009,0.188277,40.328178,-0.027278145,40.392153,-0.091252515
16213,0.25077,40.3873,0.202604,40.330613,0.05668714,40.394527,-0.0072273515
17552,0.25191,40.4698,0.207347,40.341687,0.12811332,40.405329,0.06447131
310161,0.25247,40.4622,0.166497,40.347109,0.11509057,40.410618,0.051582074
9032,0.25249,40.4066,0.259149,40.347303,0.059297109,40.410807,-0.0042066245
000034,0.25319,40.3688,0.15705,40.354065,0.014734848,40.417402,-0.048602319
17464,0.25345,40.0303,0.262822,40.356572,-0.32627243,40.419848,-0.38954782
5736,0.25394,40.4546,0.167762,40.361291,0.093308795,40.42445,0.030149705
1336480,0.25605,40.6458,0.194176,40.381515,0.26428523,40.444175,0.20162499
1112,0.25609,40.5593,0.271675,40.381897,0.17740334,40.444547,0.11475253
17340,0.25625,40.3729,0.207312,40.383424,-0.010523662,40.446037,-0.073136777
9457,0.25672,40.5023,0.251739,40.387904,0.11439588,40.450407,0.051893384
19207,0.25721,40.5776,0.249962,40.392567,0.18503285,40.454954,0.12264553
18325,0.25723,40.4941,0.193606,40.392757,0.1013427,40.45514,0.03896007
8046,0.2576,40.6088,0.22531,40.396273,0.21252735,40.458568,0.15023157
6108,0.258,40.528,0.231214,40.400068,0.12793225,40.46227,0.065730239
550041,0.25847,40.4663,0.209281,40.40452,0.061779966,40.466612,-0.00031199678
1297026,0.25855,40.51,0.149785,40.405277,0.10472288,40.46735,0.042649632
1289664,0.25908,40.2879,0.178603,40.410287,-0.12238734,40.472237,-0.18433671
1303883,0.25911,40.5418,0.163699,40.410571,0.13122935,40.472513,0.069286986
1335694,0.25912,40.4255,0.162943,40.410665,0.014834919,40.472605,-0.047105109
12972,0.25935,40.5238,0.233841,40.412836,0.11096394,40.474722,0.049077606
1330426,0.25954,40.442,0.169977,40.414628,0.027371876,40.47647,-0.034470137
020176,0.26051,40.5033,0.171288,40.423758,0.079541829,40.485374,0.017925711
370498,0.26086,40.6128,0.185932,40.427045,0.18575522,40.48858,0.12422045
15440,0.2613,40.447,0.207526,40.431171,0.015829293,40.492603,-0.045603334
1337649,0.26151,40.4182,0.225542,40.433138,-0.014937629,40.494522,-0.076321553
2017,0.26162,40.6874,0.258941,40.434167,0.25323266,40.495526,0.19187424
19702,0.26162,40.681,0.233293,40.434167,0.24683266,40.495526,0.18547424
1253,0.26166,40.392,0.226027,40.434542,-0.042541677,40.495891,-0.10389083
13655,0.26173,40.6935,0.249126,40.435197,0.25830336,40.49653,0.19697042
18945,0.26187,40.7216,0.216893,40.436506,0.28509391,40.497807,0.22379341
13956,0.2629,41.2641,0.514634,40.44612,0.81798005,40.507182,0.75691772
520019,0.26309,40.6388,0.170092,40.44789,0.19091044,40.508908,0.12989196
04D3ez,0.26348,40.3997,0.177345,40.451518,-0.051818209,40.512447,-0.11274675
350235,0.26384,40.5588,0.167704,40.454863,0.10393669,40.515709,0.043091071
330022,0.26386,40.3035,0.205843,40.455049,-0.15154903,40.51589,-0.21239004
12983,0.26395,40.6342,0.381046,40.455885,0.17831542,40.516705,0.11749512
2943,0.26405,40.5074,0.238455,40.456813,0.050587335,40.51761,-0.010209952
13099,0.26451,40.6719,0.256474,40.461078,0.21082234,40.521769,0.15013082
110478,0.26462,40.5153,0.197965,40.462097,0.053203473,40.522763,-0.007462784
2422,0.2657,40.6087,0.219728,40.472079,0.13662084,40.532498,0.076202232
6315,0.26576,40.3244,0.206109,40.472633,-0.14823265,40.533038,-0.20863752
1334087,0.26629,40.2901,0.264978,40.477517,-0.18741675,40.5378,-0.2477004
18463,0.26687,40.5463,0.204902,40.482851,0.06344871,40.543003,0.0032974828
1309288,0.26794,40.5103,0.202065,40.492664,0.017635566,40.552572,-0.042271963
520023,0.26804,40.4623,0.232043,40.49358,-0.031279692,40.553464,-0.091164485
06D3fp,0.26848,40.4553,0.240404,40.497603,-0.042303066,40.557388,-0.10208791
530037,0.2685,40.579,0.191142,40.497786,0.081214198,40.557566,0.021433899
14298,0.26879,40.6039,0.217156,40.500434,0.10346596,40.560149,0.043751457
510638,0.27006,40.6363,0.197002,40.512,0.12429961,40.571427,0.064872597
19002,0.2701,40.5089,0.164866,40.512364,-0.0034638644,40.571782,-0.06288184
310051,0.27045,40.5139,0.20931,40.515542,-0.0016421339,40.574881,-0.060981085
160039,0.27085,40.4887,0.166124,40.51917,-0.030469773,40.578419,-0.089718514
380378,0.27129,40.5677,0.123404,40.523154,0.04454556,40.582304,-0.014604075
1292332,0.27265,40.5415,0.173203,40.535433,0.0060671106,40.594277,-0.052777035
15356,0.2734,40.4721,0.208686,40.54218,-0.070079809,40.600856,-0.12875603
420258,0.27444,40.7399,0.293068,40.551507,0.18839282,40.609951,0.12994883
150254,0.27508,40.5286,0.241865,40.557231,-0.028630816,40.615532,-0.08693226
100213,0.27511,40.7769,0.239421,40.557499,0.21940119,40.615794,0.16110642
20227,0.27574,40.6631,0.213576,40.56312,0.099979607,40.621275,0.041824872
19051,0.27619,40.6749,0.180061,40.567129,0.10777148,40.625183,0.049716604
4000,0.27656,40.8504,0.272235,40.57042,0.27998044,40.628392,0.22200757
4046,0.27764,40.6186,0.24474,40.580003,0.038597487,40.637737,-0.019136551
1297465,0.27784,40.9187,0.17803,40.581773,0.33692666,40.639463,0.27923676
5957,0.27924,40.7037,0.164335,40.594136,0.10956388,40.651518,0.052182229
6196,0.2798,40.5056,0.19932,40.599065,-0.093465133,40.656324,-0.15072386
040201,0.27987,40.5664,0.153331,40.599681,-0.033280617,40.656924,-0.090523994
520188,0.28049,40.6663,0.153096,40.605126,0.061174182,40.662233,0.0040666276
18485,0.28122,40.6224,0.174763,40.611523,0.01087719,40.668471,-0.046070773
1317286,0.28198,40.5986,0.166629,40.618166,-0.019566346,40.674949,-0.076348539
06D3dt,0.28256,40.744,0.297355,40.623225,0.12077475,40.679881,0.064118809
15584,0.28333,40.6596,0.184378,40.629927,0.029673488,40.686415,-0.026815196
310238,0.28395,40.5735,0.154134,40.63531,-0.06181007,40.691664,-0.11816436
16072,0.28434,40.6919,0.20709,40.638691,0.053209083,40.694961,-0.0030608064
14261,0.28436,40.5431,0.186562,40.638864,-0.095764178,40.69513,-0.15202974
17791,0.28468,41.1135,0.351325,40.641635,0.47186519,40.697831,0.4156688
440050,0.28547,40.7046,0.185989,40.648462,0.056137527,40.704488,0.00011162364
350080,0.28577,40.671,0.173206,40.651051,0.019949336,40.707012,-0.036011934
20040,0.28655,40.6389,0.217509,40.657768,-0.018868183,40.713562,-0.074661687
20245,0.28723,40.5691,0.250397,40.663611,-0.094510656,40.719258,-0.15015823
17809,0.28746,40.5379,0.238886,40.665584,-0.12768388,40.721182,-0.18328217
19128,0.28763,40.8753,0.227224,40.667041,0.20825859,40.722603,0.15269671
1334644,0.28806,40.7075,0.188011,40.670725,0.036775453,40.726194,-0.018694417
1313594,0.28835,40.749,0.137848,40.673206,0.075794359,40.728614,0.020386471
091869,0.28843,40.7458,0.165419,40.67389,0.071910326,40.72928,0.016519528
2165,0.28882,40.9433,0.226038,40.677222,0.26607819,40.732529,0.21077064
2789,0.2889,40.7428,0.228497,40.677905,0.064895186,40.733195,0.0096046998
1334597,0.28896,40.6763,0.168052,40.678417,-0.002116949,40.733695,-0.05739464
1310395,0.28899,40.702,0.277224,40.678673,0.023327021,40.733944,-0.031944273
350180,0.28952,40.9765,0.256114,40.683192,0.29330788,40.738351,0.2381495
570056,0.28998,40.7298,0.234493,40.687108,0.042691817,40.742169,-0.012368715
1289288,0.29001,40.7393,0.271437,40.687363,0.051936622,40.742418,-0.0031175329
19596,0.29036,40.7861,0.23085,40.690339,0.095761156,40.745319,0.040781352
19027,0.29114,40.484,0.219145,40.696958,-0.21295793,40.751772,-0.26777233
1263715,0.29186,40.7653,0.172199,40.703053,0.062246725,40.757715,0.0075846574
1291090,0.29199,40.7606,0.177707,40.704152,0.056447664,40.758787,0.0018130642
390264,0.29208,40.4229,0.292471,40.704913,-0.28201296,40.759529,-0.33662855
12841,0.29208,40.7505,0.483728,40.704913,0.045587042,40.759529,-0.0090285487
21006,0.29241,40.6378,0.228825,40.7077,-0.069900049,40.762246,-0.12444598
420414,0.29246,40.6952,0.224836,40.708122,-0.012922081,40.762657,-0.067457466
150509,0.2928,40.7458,0.174302,40.71099,0.034809876,40.765454,-0.019653827
130755,0.29291,40.8268,0.203556,40.711917,0.11488264,40.766358,0.060442113
6249,0.29354,40.857,0.204834,40.717222,0.13977833,40.77153,0.08547038
1303004,0.29496,40.762,0.173778,40.729139,0.032861203,40.783149,-0.021148868
19794,0.29568,41.0209,0.307913,40.735161,0.28573904,40.78902,0.2318795
580270,0.29576,40.9989,0.165779,40.735829,0.26307075,40.789672,0.20922792
1119,0.29639,40.9938,0.366054,40.741086,0.25271382,40.794798,0.1990024
13610,0.29683,40.6595,0.202621,40.744752,-0.085251543,40.798371,-0.13887134
1293319,0.29687,40.7505,0.210501,40.745085,0.005415492,40.798696,-0.048195977
420196,0.29842,41.2705,0.232731,40.757955,0.51254506,40.811245,0.45925533
570025,0.29845,40.6539,0.272883,40.758203,-0.10430343,40.811487,-0.15758695
6137,0.29888,40.9195,0.25505,40.761763,0.15773738,40.814957,0.10454283
10550,0.29923,41.0113,0.341681,40.764656,0.24664387,40.817778,0.19352166
14735,0.29936,40.7335,0.186464,40.76573,-0.032230058,40.818825,-0.085325427
120444,0.29947,41.0213,0.195981,40.766638,0.25466157,40.819711,0.20158891
170428,0.30007,40.9837,0.198158,40.771588,0.21211225,40.824537,0.15916331
5391,0.30022,40.8795,0.247188,40.772824,0.10667635,40.825742,0.053758306
350078,0.30078,41.1729,0.294726,40.777433,0.3954674,40.830235,0.34266456
570022,0.30141,41.1086,0.206046,40.782608,0.32599183,40.835282,0.27331837
350192,0.3015,40.8585,0.191702,40.783347,0.075153282,40.836002,0.02249828
460037,0.30254,40.8894,0.22475,40.791866,0.097533763,40.844308,0.04509171
1339002,0.30296,40.8204,0.274703,40.795299,0.025100888,40.847655,-0.027255362
150457,0.30339,40.9204,0.142521,40.798809,0.12159085,40.851078,0.069322328
7143,0.30354,41.0778,0.197526,40.800032,0.2777675,40.85227,0.22552956
19818,0.30395,40.7052,0.182517,40.803373,-0.09817345,40.855528,-0.1503279
1287626,0.30396,40.719,0.22209,40.803455,-0.084454885,40.855607,-0.1366073
1259412,0.30477,40.9018,0.140115,40.810043,0.091757168,40.862031,0.039769399
1335717,0.30478,41.0411,0.242802,40.810124,0.23097594,40.86211,0.1789902
12883,0.30519,40.5924,0.306711,40.813452,-0.22105241,40.865355,-0.27295498
350630,0.30525,40.9054,0.133839,40.813939,0.091460861,40.86583,0.03957046
440005,0.30551,41.0041,0.226225,40.816047,0.18805273,40.867885,0.13621501
350027,0.30568,40.9451,0.165493,40.817425,0.12767524,40.869228,0.075871944
560087,0.30641,40.8959,0.201565,40.823332,0.072568204,40.874987,0.020912507
340334,0.30668,41.16,0.239095,40.825513,0.33448672,40.877114,0.28288553
1281668,0.30697,40.9573,0.150058,40.827854,0.12944562,40.879397,0.077902923
520062,0.30805,41.2018,0.139651,40.836555,0.36524507,40.88788,0.31391974
5966,0.30822,40.9533,0.254065,40.837922,0.11537812,40.889213,0.064086937
1319821,0.30881,40.9954,0.152417,40.842661,0.15273941,40.893833,0.1015666
6699,0.30915,41.046,0.250639,40.845388,0.20061245,40.896492,0.14950775
5844,0.3093,40.9757,0.270379,40.84659,0.12911026,40.897664,0.078035591
16211,0.30939,41.0177,0.300429,40.847311,0.17038921,40.898367,0.11933255
21042,0.30955,40.72,0.257177,40.848592,-0.12859219,40.899617,-0.17961684
1300516,0.31043,40.6197,0.336421,40.855629,-0.23592888,40.906478,-0.28677779
15213,0.31053,40.9962,0.221391,40.856427,0.13977267,40.907256,0.088943692
500100,0.31077,41.046,0.182638,40.858343,0.18765736,40.909124,0.13687621
000420,0.31152,41.0123,0.141744,40.864319,0.14798084,40.914951,0.097348921
1338128,0.31185,41.0377,0.210925,40.866945,0.1707554,40.917511,0.12018903
1337838,0.31195,40.9503,0.160446,40.86774,0.082560321,40.918286,0.032013803
1263369,0.31252,40.9565,0.149709,40.872267,0.084232884,40.922701,0.033799392
1294743,0.31258,41.0352,0.279475,40.872743,0.16245676,40.923165,0.11203515
20142,0.31259,40.6239,0.2062,40.872823,-0.24892259,40.923242,-0.29934221
1283878,0.31287,41.0195,0.203499,40.875043,0.14445667,40.925408,0.094092484
1341894,0.31294,41.0061,0.176794,40.875598,0.13050178,40.925949,0.080151439
19632,0.31377,41.0228,0.214434,40.882169,0.14063106,40.932355,0.090444724
530112,0.31444,41.1251,0.155711,40.887461,0.23763875,40.937516,0.18758448
15383,0.31495,41.0194,0.227804,40.891483,0.12791728,40.941437,0.077963354
6649,0.31509,40.8837,0.219964,40.892586,-0.0088856004,40.942512,-0.058812004
110716,0.31577,41.2033,0.233304,40.897936,0.30536403,40.947729,0.25557111
15776,0.31582,40.933,0.227638,40.898329,0.034671048,40.948112,-0.01511207
6100,0.31613,41.1979,0.274091,40.900764,0.29713582,40.950487,0.24741345
100163,0.31773,41.0738,0.195921,40.913298,0.16050201,40.962708,0.11109223
1345553,0.31795,41.0772,0.167213,40.915017,0.16218319,40.964384,0.11281627
080646,0.31813,41.0199,0.153489,40.916422,0.10347771,40.965754,0.054145828
550059,0.31839,41.3345,0.327925,40.918451,0.41604887,40.967732,0.36676757
440509,0.31892,40.8941,0.203876,40.922582,-0.028482079,40.97176,-0.077660404
310188,0.31893,41.141,0.177674,40.92266,0.21834004,40.971836,0.16916366
170078,0.32089,41.2315,0.207296,40.937881,0.2936189,40.986678,0.24482183
330128,0.32095,40.9546,0.156373,40.938346,0.016254312,40.987131,-0.032531188
1266657,0.32108,41.1921,0.293444,40.939352,0.25274798,40.988112,0.20398755
1261579,0.32214,40.8774,0.138773,40.947543,-0.070143451,40.9961,-0.11869985
580104,0.32214,40.8628,0.158186,40.947543,-0.084743451,40.9961,-0.13329985
120085,0.32214,40.7271,0.199265,40.947543,-0.22044345,40.9961,-0.26899985
7475,0.32265,40.9316,0.211904,40.951476,-0.019875699,40.999934,-0.068334181
05D2ab,0.32454,41.0699,0.126468,40.965998,0.10390199,41.014095,0.055804999
050291,0.32535,41.2273,0.193265,40.972198,0.25510216,41.020141,0.20715943
500301,0.3255,41.2625,0.255286,40.973344,0.28915562,41.021259,0.24124141
18617,0.3257,41.1639,0.271274,40.974872,0.18902766,41.022749,0.14115145
1305626,0.32573,41.0478,0.141716,40.975101,0.072698539,41.022972,0.024828033
1308326,0.32622,41.0504,0.157201,40.978841,0.07155903,41.026618,0.023781533
14456,0.32794,41.0002,0.171833,40.991926,0.0082737404,41.039378,-0.039178432
050303,0.32829,41.3079,0.308428,40.994581,0.31331884,41.041967,0.26593265
530219,0.32838,41.351,0.278699,40.995263,0.35573658,41.042633,0.30836734
430003,0.32843,40.934,0.295651,40.995642,-0.061642384,41.043002,-0.1090022
1306073,0.32859,41.1,0.144172,40.996855,0.1031453,41.044184,0.055815606
6924,0.3286,40.9276,0.222195,40.99693,-0.069330449,41.044258,-0.11665826
1337687,0.3287,41.0716,0.150485,40.997688,0.073912154,41.044997,0.02660316
1316465,0.3291,41.0566,0.165152,41.000715,0.055884707,41.047949,0.0086509284
13934,0.32931,41.4109,0.310571,41.002303,0.40859666,41.049498,0.36140234
540163,0.32943,41.2391,0.162498,41.00321,0.23588963,41.050382,0.18871784
1301933,0.3296,41.1031,0.114803,41.004495,0.098605198,41.051635,0.051465304
13830,0.32985,40.8444,0.209813,41.006383,-0.16198256,41.053476,-0.20907557
1338675,0.33048,41.1674,0.214426,41.011134,0.15626617,41.058109,0.10929115
4241,0.33052,41.1689,0.23109,41.011435,0.15746479,41.058403,0.11049725
120369,0.33055,41.2306,0.131607,41.011661,0.21893877,41.058623,0.17197685
370394,0.3308,40.996,0.212048,41.013544,-0.017543948,41.060459,-0.064459134
480184,0.3308,41.1586,0.239453,41.013544,0.14505605,41.060459,0.098140866
03D1fc,0.33094,41.0098,0.137116,41.014598,-0.0047976958,41.061487,-0.051686723
20106,0.33137,41.2335,0.285481,41.017832,0.21566838,41.06464,0.16885963
580235,0.33154,41.0301,0.218692,41.019109,0.010990926,41.065886,-0.035786122
370344,0.33155,41.1012,0.166036,41.019184,0.082015801,41.065959,0.035240617
470041,0.33179,41.0149,0.143999,41.020987,-0.0060865772,41.067717,-0.052817032
1306141,0.3324,40.977,0.159233,41.025562,-0.048562179,41.072179,-0.095179102
130862,0.3329,41.3299,0.201675,41.029307,0.30059314,41.075831,0.25406911
1346956,0.33353,41.0366,0.176123,41.034018,0.0025822689,41.080425,-0.043824932
1309492,0.33353,41.0025,0.141896,41.034018,-0.031517731,41.080425,-0.077924932
16093,0.33439,41.1204,0.23572,41.040435,0.079964879,41.086683,0.033716778
500511,0.3349,41.0251,0.171864,41.044234,-0.019133547,41.090388,-0.065287506
1346966,0.33513,41.0242,0.177927,41.045945,-0.021744805,41.092056,-0.067856359
1314897,0.33663,41.0367,0.18424,41.057079,-0.020378507,41.102914,-0.066214278
040782,0.33739,41.0098,0.23724,41.062702,-0.052902007,41.108399,-0.098598559
470015,0.33752,41.1678,0.278653,41.063663,0.10413726,41.109336,0.058464485
04D3kr,0.33753,41.1477,0.176101,41.063737,0.083963369,41.109408,0.038292425
1300912,0.3378,41.1537,0.233862,41.065731,0.087969146,41.111352,0.042347557
380318,0.33825,41.145,0.211242,41.069051,0.07594873,41.114591,0.030409303
580276,0.33851,41.1131,0.200412,41.070968,0.042132137,41.11646,-0.0033598739
1343337,0.339,41.0555,0.356511,41.074576,-0.01907619,41.119979,-0.064478948
04D3nh,0.34051,41.1737,0.192422,41.085665,0.08803466,41.130794,0.042906055
320258,0.3409,41.0587,0.1943,41.088522,-0.029822003,41.13358,-0.074880018
2533,0.34101,41.0641,0.255103,41.089327,-0.025227179,41.134365,-0.070265301
1336009,0.34176,41.2122,0.321008,41.094811,0.1173894,41.139713,0.07248673
1346387,0.34448,41.3081,0.152468,41.114604,0.19349622,41.159018,0.14908201
350606,0.3445,41.2914,0.299203,41.114749,0.17665122,41.159159,0.13224058
1329312,0.34479,41.2333,0.171671,41.11685,0.11644961,41.161209,0.072090786
470110,0.34547,41.2033,0.23021,41.121772,0.081528113,41.166009,0.037290606
03D1bp,0.34594,41.3318,0.136683,41.125168,0.20663175,41.169322,0.16247794
310090,0.34686,41.4163,0.370346,41.131804,0.28449594,41.175794,0.24050558
050301,0.34704,41.1174,0.244272,41.1331,-0.015700456,41.177059,-0.059658898
330089,0.34872,41.3721,0.218415,41.14517,0.22692987,41.188832,0.18326846
160198,0.34899,41.2499,0.158604,41.147105,0.10279515,41.190719,0.059181322
1258906,0.34918,41.282,0.206036,41.148465,0.13353451,41.192046,0.089954141
070955,0.3492,41.1406,0.157954,41.148609,-0.0080086785,41.192186,-0.051585523
380279,0.34946,41.2033,0.168604,41.150469,0.052830606,41.194,0.0092995119
440185,0.34952,41.1526,0.205831,41.150899,0.0017013923,41.194419,-0.041819149
05D2ie,0.34956,41.3756,0.171432,41.151185,0.22441529,41.194698,0.18090178
20186,0.34957,41.4873,0.287684,41.151256,0.33604377,41.194768,0.29253202
04D2mc,0.34957,41.005,0.226318,41.151256,-0.14625623,41.194768,-0.18976798
1248677,0.35017,41.1867,0.147015,41.155544,0.031155966,41.19895,-0.012250392
000196,0.35066,41.2342,0.163121,41.159041,0.075159323,41.202361,0.031838881
050296,0.35087,41.2532,0.161378,41.160538,0.092662152,41.203822,0.049378488
120400,0.35156,41.3343,0.138963,41.165451,0.16884873,41.208614,0.12568573
05D2hc,0.35157,41.4798,0.209505,41.165522,0.31427759,41.208684,0.27111634
160197,0.35361,41.3657,0.191944,41.179996,0.18570358,41.222803,0.14289747
05D2mp,0.35527,41.4647,0.223042,41.191717,0.27298287,41.234236,0.23046398
1688,0.35767,41.3574,0.291964,41.208573,0.14882697,41.250679,0.10672056
1334423,0.35791,41.3539,0.215252,41.210253,0.14364716,41.252318,0.10158183
04D3fk,0.35833,41.2423,0.215992,41.21319,0.029110028,41.255184,-0.01288352
04D2fs,0.35858,41.1484,0.288995,41.214937,-0.066536749,41.256888,-0.10848761
160070,0.35897,41.4429,0.171109,41.217659,0.22524054,41.259544,0.18335619
1280217,0.35901,41.1532,0.305677,41.217939,-0.064738557,41.259816,-0.10661608
1307830,0.35949,41.4213,0.15447,41.221285,0.20001453,41.263081,0.15821874
050293,0.36005,41.187,0.191161,41.225185,-0.038184948,41.266886,-0.079885539
160126,0.36023,41.0791,0.230289,41.226437,-0.14733716,41.268107,-0.18900718
470244,0.36081,41.4328,0.197529,41.230468,0.20233191,41.27204,0.16076023
420417,0.36138,41.1159,0.288022,41.234424,-0.11852366,41.275899,-0.15999887
1294014,0.36272,41.2452,0.209997,41.2437,0.0015000834,41.284949,-0.039749051
1346137,0.36326,41.364,0.215101,41.247429,0.1165709,41.288587,0.075412581
560121,0.36491,41.4626,0.291566,41.258792,0.20380802,41.299674,0.16292619
100358,0.36613,41.136,0.226225,41.267163,-0.13116293,41.307841,-0.17184131
190209,0.36648,41.2327,0.155657,41.26956,-0.036859648,41.31018,-0.077479808
1308582,0.36705,41.2088,0.151911,41.273458,-0.064658314,41.313984,-0.10518381
350083,0.3678,41.2627,0.165575,41.27858,-0.015879567,41.318981,-0.05628079
04D1hd,0.36791,41.4699,0.158375,41.27933,0.19057013,41.319713,0.15018711
1343533,0.36844,41.5479,0.336428,41.282942,0.26495797,41.323237,0.22466255
1283936,0.36862,41.463,0.345551,41.284168,0.1788323,41.324433,0.1385666
15704,0.36952,41.4498,0.244353,41.290288,0.15951228,41.330405,0.11939489
18091,0.36977,41.2185,0.255045,41.291985,-0.073485263,41.332062,-0.11356154
510578,0.37012,41.3794,0.188778,41.29436,0.085039968,41.334379,0.045021203
13136,0.37046,41.6395,0.256631,41.296665,0.34283505,41.336628,0.30287208
05D4bm,0.37051,41.3833,0.160025,41.297004,0.086296257,41.336959,0.046341492
05D3jr,0.37053,41.273,0.282407,41.297139,-0.024139248,41.337091,-0.064090734
390471,0.37053,41.0698,0.135854,41.297139,-0.22733925,41.337091,-0.26729073
04D2cf,0.37059,41.3759,0.163241,41.297546,0.078354277,41.337487,0.03841263
320469,0.37087,41.4098,0.39052,41.299442,0.11035821,41.339338,0.070462442
1291957,0.37143,41.334,0.168104,41.30323,0.030770053,41.343034,-0.009034071
05D4fo,0.3715,41.4289,0.165418,41.303703,0.12519691,41.343496,0.085404226
000199,0.3716,41.3842,0.116639,41.304379,0.07982113,41.344155,0.040044791
05D4cw,0.37351,41.3114,0.133039,41.317254,-0.0058538521,41.356719,-0.045319115
16232,0.37426,41.4722,0.234786,41.322293,0.14990727,41.361636,0.11056361
1299643,0.37678,41.4155,0.15471,41.339155,0.076345212,41.378092,0.037407882
1282736,0.37798,41.3598,0.223183,41.347147,0.012652522,41.385893,-0.026092535
590031,0.37859,41.4271,0.182401,41.351201,0.075898622,41.389849,0.037251003
7779,0.37986,41.2959,0.219919,41.359622,-0.063721994,41.398067,-0.1021674
320099,0.37989,41.4154,0.163795,41.359821,0.055579411,41.398261,0.017138775
500057,0.38052,41.4614,0.188044,41.363988,0.097412282,41.402328,0.059071624
110425,0.38083,41.4511,0.201434,41.366036,0.085064147,41.404327,0.046772606
1299785,0.38131,41.4549,0.20413,41.369204,0.085695902,41.40742,0.04748031
000011,0.3816,41.6775,0.218983,41.371116,0.30638355,41.409286,0.26821379
040150,0.38174,41.5615,0.198898,41.372039,0.18946083,41.410187,0.15131317
580275,0.3825,41.3726,0.265174,41.377043,-0.0044427189,41.415071,-0.042470556
1343401,0.38284,41.3678,0.206585,41.379278,-0.011478154,41.417252,-0.049452487
1281886,0.38394,41.5182,0.20184,41.386498,0.1317022,41.424299,0.093900541
360139,0.38594,41.5217,0.152114,41.399575,0.12212478,41.437065,0.084635414
1338170,0.38677,41.3791,0.270807,41.404984,-0.02588383,41.442344,-0.06324422
550218,0.38735,41.5567,0.273474,41.408757,0.14794307,41.446027,0.11067259
050251,0.38772,41.6302,0.283892,41.411161,0.21903885,41.448374,0.18182563
420352,0.38886,41.383,0.199578,41.418555,-0.035555356,41.455593,-0.072592605
1290779,0.38951,41.544,0.192176,41.422762,0.12123768,41.4597,0.08430046
120086,0.39262,41.4742,0.237288,41.442801,0.031399077,41.479263,-0.0050626602
1291794,0.39512,41.4677,0.203648,41.458802,0.0088978158,41.494885,-0.027185392
1296273,0.39698,41.259,0.168535,41.470646,-0.21164603,41.50645,-0.24744973
1333438,0.39946,41.7119,0.28782,41.486358,0.22554239,41.521791,0.19010855
05D4ff,0.40048,41.4918,0.158339,41.492793,-0.00099325443,41.528076,-0.036275903
110734,0.40212,41.4795,0.199524,41.503109,-0.023608793,41.538149,-0.058649474
580312,0.40286,41.5478,0.290402,41.507751,0.040049472,41.542682,0.0051175172
1329615,0.40361,41.616,0.213828,41.512447,0.10355312,41.547269,0.068731069
06D3ed,0.40454,41.6747,0.166047,41.518259,0.15644093,41.552945,0.12175476
350050,0.40472,41.3373,0.202033,41.519383,-0.18208258,41.554042,-0.21674249
05D4dt,0.40547,41.7807,0.135518,41.524059,0.25664118,41.55861,0.22209046
1308314,0.40648,41.6914,0.168815,41.530343,0.16105657,41.564748,0.12665244
1341370,0.409,41.7002,0.240024,41.545961,0.15423945,41.580001,0.12019879
1306390,0.40911,41.7405,0.363654,41.54664,0.1938598,41.580665,0.15983493
450339,0.40927,41.7061,0.274957,41.547628,0.15847151,41.58163,0.12446961
06D4cq,0.40947,41.6784,0.172193,41.548863,0.12953667,41.582837,0.095563444
020090,0.40995,41.6836,0.279968,41.551825,0.13177533,41.585729,0.09787086
1307277,0.41114,41.662,0.318089,41.559152,0.10284761,41.592887,0.069113089
530251,0.41131,41.8335,0.242677,41.560198,0.27330241,41.593908,0.23959211
520071,0.41152,41.8131,0.149106,41.561488,0.25161184,41.595169,0.21793143
1315296,0.41258,41.7893,0.330128,41.567993,0.22130688,41.601523,0.18777704
04D2fp,0.41664,41.7295,0.149208,41.592765,0.13673509,41.625723,0.10377675
05D2dw,0.41864,41.6174,0.202099,41.604885,0.012514966,41.637565,-0.020164884
440162,0.41927,41.6863,0.192599,41.608692,0.077608322,41.641284,0.045015784
550137,0.41931,41.4604,0.22264,41.608933,-0.14853319,41.64152,-0.18112019
05D3cf,0.41956,41.7981,0.235757,41.610442,0.18765785,41.642995,0.15510544
1289600,0.41962,41.8662,0.224621,41.610804,0.25539583,41.643348,0.22285171
1340454,0.41997,41.4394,0.294415,41.612915,-0.17351502,41.645411,-0.20601078
550202,0.42027,41.8343,0.344188,41.614723,0.21957698,41.647177,0.18712263
110430,0.42085,41.728,0.250117,41.618215,0.10978494,41.650589,0.077410512
1306626,0.4209,41.6178,0.17643,41.618516,-0.00071588356,41.650883,-0.033083434
1306991,0.42199,41.5336,0.270821,41.625066,-0.091465641,41.657283,-0.12368347
1345594,0.42242,41.6796,0.275449,41.627645,0.051954855,41.659804,0.019795923
04D4gg,0.42245,41.6483,0.231707,41.627825,0.020474981,41.65998,-0.011679845
160200,0.42349,41.8403,0.400817,41.634053,0.20624672,41.666066,0.17423396
490037,0.42355,41.5955,0.186465,41.634412,-0.03891217,41.666417,-0.07091675
1302523,0.42392,41.7264,0.13417,41.636624,0.089775743,41.668578,0.057821567
1312274,0.42451,41.7483,0.195831,41.640148,0.10815209,41.672022,0.076278146
1295027,0.42562,41.7039,0.195468,41.646765,0.057135222,41.678488,0.025411765
1258940,0.42594,41.7517,0.175449,41.648669,0.10303065,41.68035,0.071350464
050003,0.42689,41.813,0.229539,41.654316,0.15868432,41.685868,0.1271323
110542,0.42694,41.8348,0.198324,41.654613,0.18018747,41.686158,0.14864218
110719,0.42784,42.2757,0.23861,41.65995,0.61574972,41.691375,0.58432542
05D2cb,0.42865,41.8825,0.403543,41.664745,0.2177547,41.696061,0.18643895
440236,0.42888,41.6443,0.193398,41.666105,-0.021805304,41.69739,-0.053090284
1306029,0.42895,41.8266,0.250757,41.666519,0.16008092,41.697795,0.1288053
100101,0.42967,41.9219,0.19807,41.670771,0.25112856,41.701951,0.21994906
080723,0.43013,41.8354,0.165783,41.673485,0.16191527,41.704603,0.13079704
04D1rh,0.43487,41.7828,0.183674,41.701287,0.081513386,41.731779,0.051020617
06D4co,0.43544,41.5839,0.13365,41.704611,-0.12071078,41.735029,-0.15112906
000142,0.43673,42.0051,0.1818,41.712119,0.29298112,41.742369,0.26273083
1336008,0.43765,41.6253,0.16614,41.717461,-0.092160838,41.747592,-0.12229181
1333246,0.43774,41.882,0.356877,41.717983,0.16401714,41.748102,0.13389783
560027,0.43883,41.6682,0.279961,41.724297,-0.056097129,41.754276,-0.086075644
1310338,0.43883,41.4679,0.211194,41.724297,-0.25639713,41.754276,-0.28637564
050607,0.43926,41.8262,0.202784,41.726784,0.099415954,41.756707,0.069492828
040166,0.44004,42.1401,0.441915,41.731289,0.40881061,41.761112,0.37898773
510266,0.44059,41.6364,0.160177,41.734462,-0.098061752,41.764214,-0.12781411
1328105,0.44154,41.6823,0.183572,41.739933,-0.057632565,41.769563,-0.087263463
1295256,0.44246,41.8523,0.172891,41.74522,0.10707987,41.774734,0.07756619
06D3df,0.44254,41.9039,0.139699,41.745679,0.15822057,41.775183,0.12871706
06D2gb,0.44368,41.793,0.182219,41.752216,0.04078394,41.781575,0.011425086
1291080,0.44384,41.8069,0.290347,41.753132,0.053767777,41.782471,0.024429175
040137,0.44756,41.8552,0.223954,41.774346,0.080853638,41.803217,0.051982524
1328066,0.4489,41.8853,0.221814,41.781948,0.1033524,41.810652,0.074648093
1320166,0.44896,41.9875,0.215648,41.782287,0.20521254,41.810984,0.17651569
050580,0.4506,41.6446,0.157686,41.79156,-0.14696046,41.820054,-0.17545434
520016,0.451,41.9281,0.213431,41.793817,0.13428263,41.822262,0.10583806
04D3gt,0.45155,41.7162,0.305385,41.796918,-0.080717569,41.825294,-0.10909445
120094,0.45169,41.9923,0.154715,41.797706,0.19459385,41.826066,0.16623418
04D2gb,0.45169,41.5892,0.225346,41.797706,-0.20850615,41.826066,-0.23686582
1290127,0.45223,41.9959,0.320076,41.800746,0.19515434,41.829039,0.16686095
1253101,0.45333,41.7953,0.207786,41.806927,-0.011626753,41.835086,-0.039785534
1253039,0.45347,41.8863,0.14411,41.807712,0.07858757,41.835854,0.05044588
1334302,0.45463,41.7873,0.209236,41.814214,-0.026913602,41.842214,-0.054914021
1306360,0.45478,41.8839,0.284149,41.815053,0.068846864,41.843035,0.040864668
1345582,0.45878,41.9679,0.252185,41.837346,0.13055444,41.864846,0.10305437
380199,0.46055,42.0021,0.190943,41.847152,0.1549481,41.874441,0.12765904
510597,0.46098,42.0162,0.230251,41.849529,0.1666711,41.876767,0.13943309
05D3lc,0.46156,41.9839,0.138441,41.852732,0.13116821,41.879901,0.10399892
03D4au,0.46641,42.3424,0.396492,41.879368,0.46303211,41.905968,0.43643151
000215,0.4666,42.048,0.135922,41.880406,0.16759392,41.906985,0.14101539
04D4jr,0.4684,41.9733,0.206146,41.890222,0.083078131,41.916592,0.05670782
1339149,0.4688,41.7631,0.234035,41.892398,-0.12929835,41.918723,-0.15562259
04D4ju,0.47039,42.2151,0.404516,41.901033,0.31406732,41.927174,0.28792552
05D3mx,0.47057,42.0135,0.180637,41.902008,0.11149157,41.92813,0.085370358
370367,0.4717,41.9798,0.210913,41.908126,0.071674041,41.934118,0.045681713
1316437,0.47196,42.0374,0.25691,41.909532,0.12786841,41.935494,0.10190566
05D2bv,0.47572,41.938,0.177112,41.929778,0.0082216947,41.955317,-0.017316704
370329,0.47793,42.2269,0.228278,41.941609,0.28529132,41.966901,0.25999945
310146,0.47943,41.8695,0.203883,41.949609,-0.080109119,41.974735,-0.1052349
1306537,0.47948,42.0107,0.198987,41.949875,0.060824605,41.974996,0.035704347
560054,0.4798,41.8956,0.237796,41.951579,-0.055978948,41.976664,-0.081063904
05D3dd,0.48056,42.0041,0.160362,41.955621,0.048479385,41.980622,0.02347809
05D2ac,0.48071,41.9748,0.139221,41.956418,0.018382397,41.981402,-0.0066024154
120044,0.48171,42.3055,0.210887,41.961725,0.3437751,41.9866,0.31889992
05D1ix,0.48881,42.0842,0.199732,41.999112,0.085088167,42.023221,0.060978964
1292145,0.49246,42.2783,0.335403,42.018134,0.26016626,42.041858,0.23644243
1343208,0.49501,42.0821,0.165011,42.031345,0.050755453,42.054802,0.027297506
1305504,0.4956,42.1453,0.120919,42.034392,0.11090795,42.057789,0.087511132
03D1ax,0.49572,42.0817,0.153945,42.035011,0.046688538,42.058396,0.023304133
05D4af,0.49737,42.1268,0.225856,42.043514,0.083285875,42.066728,0.060071558
06D2bk,0.50073,42.257,0.253816,42.060747,0.19625307,42.083618,0.17338159
350374,0.5009,42.1165,0.283133,42.061616,0.054884068,42.08447,0.032029807
030006,0.50276,42.0703,0.312874,42.071106,-0.00080577124,42.093772,-0.023472402
1337272,0.50276,42.161,0.218549,42.071106,0.089894229,42.093772,0.067227598
510457,0.503,42.1484,0.311282,42.072328,0.076072141,42.09497,0.053429616
03D1au,0.50309,42.1444,0.228687,42.072786,0.071613999,42.095419,0.048980507
1335472,0.50598,42.079,0.166703,42.087457,-0.0084565825,42.109802,-0.030801777
1343759,0.50617,42.1043,0.151709,42.088418,0.015881681,42.110745,-0.0064446805
310091,0.50716,42.2358,0.180974,42.093424,0.14237602,42.115652,0.12014755
05D4av,0.50737,42.2419,0.288822,42.094485,0.14741539,42.116692,0.12520764
090201,0.50817,42.0193,0.184312,42.098521,-0.079221298,42.12065,-0.10135032
180313,0.51006,42.0945,0.144405,42.108034,-0.013534267,42.129978,-0.035478299
110484,0.51087,42.0583,0.239085,42.112101,-0.053801096,42.133966,-0.075666295
05D2dy,0.51175,42.3885,0.227281,42.116513,0.2719875,42.138292,0.25020764
04D1pg,0.5138,42.2567,0.35966,42.126761,0.12993857,42.148344,0.10835631
04D4in,0.51435,42.2259,0.196162,42.129505,0.096395415,42.151034,0.074865873
04D2mj,0.51475,42.3259,0.402924,42.131498,0.19440213,42.152989,0.17291085
1338430,0.51718,42.0932,0.190441,42.143576,-0.050375829,42.164836,-0.071636017
1334470,0.51876,42.1949,0.250421,42.1514,0.043499672,42.172512,0.022388466
310260,0.51879,42.1824,0.209558,42.151549,0.030851323,42.172657,0.009742936
450175,0.51943,42.2438,0.315111,42.154712,0.089088469,42.17576,0.068040136
06D3el,0.5196,42.2905,0.196455,42.155551,0.13494895,42.176583,0.11391654
04D2gc,0.52277,42.3496,0.273927,42.171158,0.1784417,42.191896,0.15770413
1295921,0.52393,42.1774,0.369236,42.176847,0.00055282327,42.197478,-0.020077857
1322229,0.52613,42.1702,0.223271,42.187604,-0.017403877,42.208033,-0.037833292
050005,0.52851,42.0855,0.188829,42.199193,-0.113693,42.219407,-0.13390683
1322979,0.52939,42.2913,0.141023,42.203466,0.087834414,42.2236,0.067699736
330106,0.53091,41.8802,0.23431,42.21083,-0.33062975,42.230828,-0.35062843
160066,0.53105,42.5109,0.289268,42.211507,0.29939297,42.231493,0.27940678
1338471,0.53117,42.5253,0.38093,42.212087,0.31321258,42.232063,0.29323708
1337703,0.53226,41.9821,0.221979,42.217354,-0.23525363,42.237232,-0.25513227
06D2ca,0.53277,42.2472,0.294354,42.219814,0.027385861,42.239648,0.0075523833
06D2cc,0.53377,42.1649,0.273819,42.224632,-0.059732224,42.244377,-0.079477441
05D4ek,0.53433,42.1433,0.225295,42.227327,-0.084026632,42.247023,-0.10372259
05D4be,0.53532,42.3205,0.204703,42.232083,0.088416557,42.251693,0.06880738
05D2eb,0.53578,42.2134,0.209507,42.234291,-0.020890853,42.25386,-0.040459835
1289656,0.53944,42.3338,0.244476,42.251791,0.08200934,42.271043,0.062757267
110426,0.54089,42.2791,0.233447,42.258693,0.020407355,42.277821,0.0012794148
1324542,0.54154,42.53,0.24247,42.261781,0.26821903,42.280854,0.24914648
520041,0.5454,42.5633,0.191404,42.280049,0.283251,42.298796,0.26450405
04D4bq,0.54832,42.0235,0.363222,42.293787,-0.27028733,42.312292,-0.28879172
1306980,0.54886,42.1695,0.378555,42.29632,-0.1268204,42.31478,-0.14528028
050201,0.55011,42.3253,0.19588,42.302175,0.023125035,42.320532,0.004767764
06D4bo,0.55031,42.3728,0.208456,42.303111,0.069689473,42.321451,0.051348565
1339450,0.55048,42.4104,0.376261,42.303906,0.1064945,42.322233,0.088167487
04D3hn,0.5526,42.1938,0.244151,42.3138,-0.11999985,42.331954,-0.13815447
06D2ck,0.5538,42.49,0.207133,42.319385,0.17061547,42.337442,0.1525577
1337117,0.55389,42.0827,0.177409,42.319803,-0.23710292,42.337853,-0.25515344
05D1ee,0.55775,42.4389,0.195189,42.337687,0.10121312,42.35543,0.083470358
04D1hx,0.55875,42.2975,0.356215,42.342301,-0.044800934,42.359965,-0.062464853
05D1kl,0.55875,42.7331,0.3833,42.342301,0.39079907,42.359965,0.37313515
1289555,0.56174,42.2937,0.227829,42.35605,-0.062350461,42.373481,-0.079780835
1303952,0.56263,42.6016,0.265242,42.36013,0.24147025,42.377491,0.22410876
05D1cc,0.56276,42.4296,0.234712,42.360725,0.068874911,42.378077,0.051523462
1330903,0.5643,42.4881,0.207587,42.367768,0.12033232,42.385001,0.10309932
1338278,0.56431,42.3969,0.296515,42.367813,0.029086648,42.385046,0.01185441
1285317,0.56441,42.3928,0.221111,42.36827,0.024529974,42.385495,0.0073053975
05D1dn,0.56475,42.4873,0.19275,42.369822,0.11747786,42.387021,0.1002793
1317454,0.56883,42.2407,0.262337,42.388379,-0.14767884,42.405268,-0.1645684
1306785,0.57535,42.1912,0.452867,42.417773,-0.22657294,42.434181,-0.24298108
05D2dt,0.57583,42.5915,0.213158,42.419924,0.17157557,42.436298,0.15520228
050203,0.57609,42.4887,0.202103,42.421089,0.067610894,42.437444,0.051256445
06D3et,0.57661,42.4263,0.166843,42.423417,0.0028830327,42.439734,-0.013433806
1337228,0.57741,42.645,0.290949,42.426994,0.21800559,42.443254,0.20174643
110721,0.57823,42.4512,0.241176,42.430656,0.020543591,42.446857,0.0043433114
03D4gf,0.57829,42.4174,0.24485,42.430924,-0.013524167,42.44712,-0.029720147
05D1dx,0.57875,42.4272,0.214391,42.432976,-0.0057761023,42.449139,-0.021939163
1332059,0.57884,42.5317,0.231686,42.433377,0.098322613,42.449534,0.082165984
05D3jq,0.57959,42.3923,0.23116,42.436719,-0.044419126,42.452822,-0.060522266
05D3gp,0.5806,42.573,0.262496,42.441213,0.13178714,42.457244,0.11575572
03D1aw,0.58073,42.7061,0.239821,42.441791,0.26430928,42.457813,0.24828707
04D1jg,0.58294,42.5408,0.168029,42.451596,0.08920435,42.467462,0.073337731
05D4ej,0.58328,42.7974,0.186201,42.453101,0.34429903,42.468944,0.3284562
04D1sa,0.58375,42.6489,0.184752,42.45518,0.19371952,42.47099,0.1779095
04D1kj,0.58375,42.4765,0.198486,42.45518,0.021319519,42.47099,0.0055095023
1338387,0.58382,42.4199,0.199369,42.45549,-0.035590059,42.471295,-0.051395195
05D1hm,0.58575,42.707,0.37297,42.464012,0.24298827,42.479683,0.22731703
05D4bf,0.58728,42.6241,0.203038,42.470748,0.15335166,42.486314,0.13778566
04D1oh,0.58873,42.5021,0.220032,42.477117,0.024982655,42.492584,0.0095156469
03D4gg,0.59028,42.5156,0.248253,42.483909,0.03169086,42.499271,0.01632887
04D2mh,0.59184,42.4508,0.255828,42.490728,-0.039927674,42.505985,-0.055184797
05D3lr,0.6006,42.6116,0.278838,42.528702,0.08289794,42.543386,0.068214352
1338233,0.60149,42.7562,0.394779,42.532531,0.22366932,42.547157,0.20904256
05D4ef,0.60327,42.7503,0.2001,42.540172,0.21012821,42.554686,0.19561431
1335564,0.6062,42.6158,0.275076,42.552703,0.063097012,42.567033,0.04876659
03D4dy,0.60826,42.5904,0.228388,42.561479,0.028921129,42.575682,0.014718009
1332413,0.60873,42.6179,0.230751,42.563477,0.054422827,42.577651,0.040248556
1302141,0.6088,42.4282,0.350327,42.563775,-0.13557467,42.577945,-0.14974465
05D2he,0.60987,42.6876,0.321483,42.568318,0.11928197,42.582423,0.10517738
04D3do,0.61064,42.6686,0.184238,42.571583,0.097017146,42.585641,0.082959367
04D4an,0.61125,42.9049,0.247686,42.574166,0.3307335,42.588187,0.31671268
1295305,0.61171,42.701,0.16444,42.576113,0.12488681,42.590106,0.11089377
05D1ck,0.61571,42.7085,0.347272,42.592982,0.11551751,42.606737,0.10176318
1308957,0.61869,42.7164,0.388756,42.605482,0.11091759,42.619062,0.097337729
1335868,0.61942,42.6948,0.2753,42.608536,0.086264277,42.622073,0.072726717
000202,0.61988,42.7557,0.154862,42.610458,0.14524203,42.623969,0.13173104
04D3co,0.62063,42.6988,0.268136,42.613589,0.085210845,42.627057,0.071743028
04D2an,0.62188,42.5894,0.275623,42.6188,-0.029399795,42.632196,-0.042796054
03D4dh,0.62523,42.6577,0.215148,42.632715,0.024984759,42.645922,0.011777816
04D4fx,0.62723,42.585,0.244041,42.640989,-0.055989127,42.654085,-0.069084741
05D1cb,0.63071,42.6632,0.202856,42.655326,0.0078740986,42.668231,-0.0050308082
05D2ci,0.63189,42.3111,0.32695,42.66017,-0.3490701,42.673011,-0.3619112
03D4at,0.63223,42.8493,0.323662,42.661564,0.18773572,42.674387,0.17491292
1330642,0.63392,42.5972,0.147609,42.668484,-0.071283597,42.681216,-0.084015954
04D1pu,0.63771,42.5298,0.442879,42.683937,-0.1541371,42.69647,-0.16666985
1343871,0.63787,42.8637,0.31082,42.684588,0.17911244,42.697112,0.16658802
05D4ag,0.63823,42.6594,0.367516,42.686051,-0.026650523,42.698556,-0.039156233
1337325,0.63866,42.7804,0.261646,42.687797,0.092603077,42.70028,0.080119664
1334879,0.63936,42.79,0.171844,42.690638,0.099362499,42.703085,0.086915263
05D2ec,0.6419,42.8476,0.256941,42.70092,0.14668014,42.713237,0.13436291
1308568,0.64305,42.3609,0.407842,42.705562,-0.34466249,42.717822,-0.35692151
05D3ax,0.64363,42.8034,0.316528,42.707901,0.095499019,42.720131,0.08326921
04D3cy,0.64364,42.7992,0.309841,42.707941,0.091258718,42.720171,0.079029411
05D3lb,0.64763,42.819,0.288435,42.723974,0.095026093,42.736005,0.08299493
1338266,0.64846,43.0397,0.272369,42.727297,0.31240285,42.739288,0.3004123
05D3kt,0.64863,42.7335,0.310678,42.727977,0.0055226832,42.73996,-0.0064595741
1334707,0.64964,42.7805,0.149571,42.732015,0.048485222,42.743948,0.036552055
04D1sk,0.66207,42.9793,0.279772,42.781218,0.19808202,42.792572,0.18672813
05D3hs,0.66463,42.8698,0.233989,42.791242,0.078558298,42.802482,0.067318061
05D3mh,0.67065,43.0677,0.274795,42.814668,0.25303179,42.825649,0.24205135
03D1co,0.67767,43.2251,0.311797,42.841733,0.38336693,42.852424,0.37267632
05D2bt,0.68195,42.8376,0.239367,42.858103,-0.020502586,42.868623,-0.031023332
06D3cc,0.68365,43.1716,0.407734,42.864577,0.30702283,42.875032,0.29656813
04D4ic,0.68517,43.0166,0.366173,42.870353,0.14624685,42.880749,0.13585052
05D1ke,0.68867,42.8137,0.226508,42.883606,-0.06990649,42.893871,-0.080170844
1262214,0.68937,43.0444,0.271991,42.886249,0.1581506,42.896488,0.14791224
1262715,0.68937,42.8535,0.15677,42.886249,-0.0327494,42.896488,-0.042987765
06D3em,0.69065,42.9143,0.425857,42.891075,0.023224506,42.901267,0.013033315
03D4cz,0.69316,42.9162,0.318024,42.900514,0.015685713,42.910614,0.0055857248
04D4ib,0.69716,42.9692,0.212738,42.915489,0.053711428,42.925447,0.043753234
06D4ba,0.69816,42.9671,0.342807,42.919219,0.047880751,42.929143,0.037957328
05D4cq,0.69916,43.0691,0.215345,42.922945,0.1461552,42.932834,0.13626628
05D4bj,0.69916,42.9402,0.338462,42.922945,0.017255205,42.932834,0.0073662833
1335718,0.69933,43.1107,0.155898,42.923578,0.18712237,42.933461,0.17723929
05D2ck,0.69997,43.1147,0.29538,42.925959,0.18874126,42.93582,0.17888009
04D1si,0.70064,42.917,0.223194,42.928449,-0.011449218,42.938288,-0.021287572
04D4hu,0.70115,43.0968,0.261582,42.930343,0.16645658,42.940164,0.15663551
04D2iu,0.70197,42.8962,0.462713,42.933386,-0.037186237,42.94318,-0.04697965
05D2le,0.70198,43.0433,0.252753,42.933423,0.10987668,42.943216,0.1000836
05D3gv,0.71565,42.9944,0.245932,42.983651,0.010748616,42.99301,0.0013902382
05D3jh,0.71867,42.8739,0.18843,42.994623,-0.1207233,43.003892,-0.12999223
1331993,0.71962,43.1638,0.204549,42.998066,0.16573445,43.007307,0.15649316
04D1aj,0.71964,42.97,0.342226,42.998138,-0.02813797,43.007379,-0.037378679
05D4ev,0.72013,43.1612,0.243162,42.999912,0.16128831,43.009138,0.15206177
06D3gh,0.72067,43.0459,0.305174,43.001865,0.044034943,43.011076,0.034823943
06D3do,0.72667,43.0811,0.248363,43.023475,0.057625217,43.032518,0.048581883
06D3bz,0.72767,43.008,0.257091,43.02706,-0.019059684,43.036076,-0.028075963
1304127,0.72861,43.005,0.283498,43.030425,-0.025425164,43.039416,-0.034416243
06D4bw,0.73012,42.9186,0.321961,43.035823,-0.11722266,43.044774,-0.12617373
1329166,0.73163,43.1799,0.196424,43.041209,0.13869058,43.050121,0.12977896
04D1pp,0.73362,42.9845,0.195902,43.048292,-0.063792166,43.057153,-0.072652679
04D2gp,0.734,43.22,0.388289,43.049643,0.17035746,43.058493,0.16150659
05D2fq,0.73501,43.2537,0.224615,43.053228,0.20047157,43.062054,0.19164617
05D1eo,0.73562,43.1807,0.25711,43.055392,0.12530813,43.064202,0.11649799
05D2ct,0.73602,43.1675,0.425639,43.05681,0.11069043,43.06561,0.10189024
05D3jk,0.73668,42.992,0.21489,43.059147,-0.067147165,43.067931,-0.075931017
04D2ja,0.74202,43.4813,0.32514,43.077986,0.40331356,43.086642,0.39465794
04D3fq,0.74269,43.0825,0.327179,43.080341,0.0021590689,43.088981,-0.0064809561
05D3jb,0.74566,43.1675,0.195179,43.090753,0.076746639,43.099326,0.068174421
04D2kr,0.74613,42.9817,0.25474,43.092397,-0.11069745,43.100959,-0.11925913
04D4im,0.7491,42.9396,0.262488,43.102764,-0.16316362,43.11126,-0.17165998
1285160,0.74932,43.1772,0.163225,43.10353,0.073670093,43.112022,0.065178489
04D3ks,0.75068,42.9012,0.318716,43.108262,-0.20706212,43.116725,-0.2155246
05D2nt,0.75904,43.2469,0.233153,43.137171,0.10972934,43.145464,0.10143623
05D3mn,0.76069,43.0667,0.201161,43.14284,-0.076139912,43.151102,-0.084401559
05D4cn,0.76108,43.1767,0.236628,43.144178,0.03252182,43.152432,0.024267517
05D1if,0.76159,43.131,0.239872,43.145927,-0.014927223,43.154172,-0.023171975
04D1qd,0.7656,43.2369,0.225434,43.15964,0.077259833,43.167812,0.069088052
04D1de,0.7666,43.4224,0.250162,43.163049,0.25935097,43.171203,0.2511968
05D3hh,0.76668,43.3623,0.27025,43.163322,0.19897845,43.171474,0.19082568
04D4id,0.76707,43.5587,0.25715,43.16465,0.39405029,43.172796,0.38590432
04D1pc,0.7686,43.2929,0.311675,43.169854,0.12304613,43.177974,0.11492649
1329196,0.76933,43.2168,0.162741,43.172333,0.044466629,43.180441,0.036359366
05D4bi,0.77308,43.3568,0.295081,43.185035,0.17176525,43.19308,0.16371962
1325358,0.77931,43.0395,0.311092,43.206005,-0.16650469,43.213955,-0.17445502
05D4cs,0.78806,43.3042,0.232049,43.235184,0.069015729,43.243016,0.061184474
03D4fd,0.78905,43.3837,0.271177,43.238466,0.14523406,43.246285,0.13741521
1309749,0.78929,43.1995,0.165559,43.239261,-0.039760891,43.247077,-0.047576772
04D1ks,0.79656,42.9026,0.372096,43.263231,-0.36063094,43.270963,-0.36836274
03D1fq,0.79858,43.4338,0.288144,43.269853,0.16394655,43.277564,0.15623607
Elvis,0.83973,43.36,0.211845,43.401334,-0.041333509,43.408796,-0.048796287
Spock,0.83973,43.2012,0.390423,43.401334,-0.20013351,43.408796,-0.20759629
Manipogo,0.85474,43.6168,0.299913,43.447736,0.16906353,43.455194,0.16160629
Vilas,0.93577,43.5331,0.239939,43.685248,-0.15214839,43.693384,-0.16028391
Ombo,0.97424,44.1111,0.201519,43.791028,0.32007216,43.799864,0.31123576
SCP05D0,1.01236,44.1177,0.367085,43.891861,0.22583938,43.901605,0.21609463
Eagle,1.0198,44.2757,0.225903,43.911102,0.36459754,43.921048,0.35465218
Ferguson,1.02081,43.9706,0.47547,43.913704,0.056896108,43.923677,0.046922954
Strolger,1.02781,44.5364,0.353385,43.931664,0.60473607,43.941833,0.59456657
SCP06U4,1.04819,44.4229,0.488758,43.983272,0.43962787,43.994049,0.42885083
Gabi,1.12085,44.4405,0.22363,44.159498,0.28100241,44.172844,0.26765566
SCP06H5,1.23223,44.3207,0.610496,44.408671,-0.087971067,44.427009,-0.10630936
Lancaster,1.23589,44.905,0.273735,44.416471,0.48852851,44.434993,0.47000747
Aphrodite,1.29912,44.8641,0.275291,44.54769,0.3164097,44.569532,0.29456763
Thoth,1.30412,44.7206,0.316517,44.557791,0.16280872,44.579908,0.14069152
Inanna,1.30612,45.0197,0.445162,44.561821,0.45787923,44.584049,0.4356515
SCP05D6,1.31311,44.7867,0.316349,44.575855,0.21084477,44.598471,0.18822856
washington,1.32911,44.8745,0.238344,44.607699,0.26680115,44.631217,0.24328333
Borg,1.34093,44.7541,0.306395,44.630976,0.12312365,44.655171,0.098928995
SCP06G4,1.35134,44.5492,0.31846,44.651306,-0.10210649,44.676105,-0.1269046
Mcguire,1.3561,44.8094,0.238282,44.66055,0.14885005,44.685626,0.12377376
Sasquatch,1.39096,44.7944,0.374345,44.727263,0.067136682,44.754418,0.039981776
SCP06K0,1.41631,44.4579,0.735776,44.774725,-0.316825,44.803435,-0.34553487
carter,1.54295,45.0902,0.371014,44.999637,0.090563147,45.036587,0.053612809
Primo,1.54903,45.293,0.233771,45.009958,0.28304155,45.047322,0.2456782
rutledge,1.61499,45.1595,0.333024,45.119359,0.040141441,45.161289,-0.0017891329
geta,1.69702,45.2863,0.38048,45.249232,0.037068294,45.297036,-0.010735958
stone,1.80111,45.4865,0.281981,45.4051,0.081399876,45.460604,0.025895817
wilson,1.9116,45.4233,0.358642,45.560773,-0.13747345,45.624677,-0.2013772
colfax,2.2613,46.1828,0.281309,45.998693,0.18410674,46.090006,0.092793605
