Name,zcmb,mu_obs,e_mu_obs,mu_model_lcdm,residual_lcdm,mu_model_LambdaCDM,residual_LambdaCDM
2011fe,0.00122,28.9987,1.51645,28.516593,0.48210683,28.516593,0.48210683
2011fe,0.00122,29.0559,1.51747,28.516593,0.53930683,28.516593,0.53930683
2012cg,0.00256,30.7233,0.782372,30.128121,0.5951793,30.128121,0.5951793
2012cg,0.00256,30.7449,0.799068,30.128121,0.6167793,30.128121,0.6167793
2013dy,0.00293,31.5611,0.530838,30.421845,1.1392545,30.421845,1.1392545
2013dy,0.00293,31.499,0.514259,30.421845,1.0771545,30.421845,1.0771545
1994DRichmond,0.00299,30.7757,0.881212,30.465958,0.30974163,30.465958,0.30974163
1981B,0.0035,30.7946,0.614535,30.80875,-0.014150423,30.80875,-0.014150423
2001el,0.00357,31.5011,0.591006,30.851862,0.6492379,30.851862,0.6492379
2021pit,0.00366,30.9999,0.566505,30.906069,0.093831086,30.906069,0.093831086
2011by,0.00369,31.7933,0.55272,30.923843,0.8694572,30.923843,0.8694572
1998aq,0.00369,31.4967,0.545492,30.923843,0.5728572,30.923843,0.5728572
2005df_ANU,0.00435,31.3779,0.479276,31.282201,0.095698653,31.282201,0.095698653
2005df,0.00435,31.3933,0.476404,31.282201,0.11109865,31.282201,0.11109865
2011B,0.00458,31.6512,0.514401,31.394446,0.25675395,31.394446,0.25675395
1980N,0.0046,31.2476,0.558603,31.403939,-0.15633943,31.403939,-0.15633943
2012fr,0.0046,31.2234,0.410577,31.403939,-0.18053943,31.403939,-0.18053943
1992A,0.0046,31.34,0.562589,31.403939,-0.06393943,31.403939,-0.06393943
2007on,0.0046,31.7635,0.574442,31.403939,0.35956057,31.403939,0.35956057
2007on,0.0046,31.6525,0.564724,31.403939,0.24856057,31.403939,0.24856057
2012fr,0.0046,31.1331,0.446882,31.403939,-0.27083943,31.403939,-0.27083943
1990N,0.00462,31.6969,0.550993,31.413392,0.28350824,31.413392,0.28350824
2012ht,0.00465,32.033,0.420403,31.427494,0.60550594,31.427494,0.60550594
2012ht,0.00465,31.9309,0.442017,31.427494,0.50340594,31.427494,0.50340594
2017cbv,0.00478,30.4013,0.578445,31.487574,-1.0862742,31.487574,-1.0862742
2017cbv,0.00478,30.5107,0.578546,31.487574,-0.97687421,31.487574,-0.97687421
2013aa,0.00478,30.5528,0.580251,31.487574,-0.93477421,31.487574,-0.93477421
2013aa,0.00478,30.4604,0.594683,31.487574,-1.0271742,31.487574,-1.0271742
2016coj,0.00489,31.9117,0.469628,31.537153,0.37454718,31.537153,0.37454718
SN2016coj,0.00489,31.8985,0.483668,31.537153,0.36134718,31.537153,0.36134718
2007gi,0.00505,31.7403,0.491367,31.607318,0.13298185,31.607318,0.13298185
2015F,0.00515,31.539,0.407028,31.650055,-0.11105534,31.650055,-0.11105534
2015F,0.00515,31.4473,0.448264,31.650055,-0.20275534,31.650055,-0.20275534
1994ae,0.0054,32.1822,0.339643,31.753383,0.42881729,31.753383,0.42881729
2014bv,0.00548,32.4001,0.482567,31.785443,0.61465702,31.785443,0.61465702
2019np,0.0055,32.4608,0.318474,31.793385,0.6674148,31.793385,0.6674148
2019np,0.0055,32.4338,0.32229,31.793385,0.6404148,31.793385,0.6404148
2006dd,0.00551,31.1857,0.452235,31.797346,-0.61164553,31.797346,-0.61164553
1981D,0.00551,30.9079,0.524992,31.797346,-0.88944553,31.797346,-0.88944553
2007le,0.00552,32.0203,0.538159,31.801299,0.21900129,31.801299,0.21900129
2007le,0.00552,32.0754,0.533991,31.801299,0.27410129,31.801299,0.27410129
2007le,0.00552,32.0843,0.537335,31.801299,0.28300129,31.801299,0.28300129
1998dm,0.00567,32.8333,0.562902,31.859755,0.97354467,31.859755,0.97354467
1995al,0.00592,32.3593,0.359446,31.953843,0.40545703,31.953843,0.40545703
2011iv,0.00594,31.2217,0.420706,31.961198,-0.7394982,31.961198,-0.7394982
2018gv,0.00596,31.9404,0.344335,31.968529,-0.028128821,31.968529,-0.028128821
2018gv,0.00596,31.9102,0.350249,31.968529,-0.058328821,31.968529,-0.058328821
2018gv,0.00596,32.0666,0.343707,31.968529,0.098071179,31.968529,0.098071179
2015bp,0.00603,32.4685,0.487055,31.993994,0.47450552,31.993994,0.47450552
1992G,0.00611,32.4405,0.439634,32.02274,0.41775987,32.02274,0.41775987
2007af,0.00635,32.0999,0.322811,32.106781,-0.0068810681,32.106781,-0.0068810681
2007af,0.00635,32.0667,0.32593,32.106781,-0.040081068,32.106781,-0.040081068
2007af,0.00635,32.0023,0.36156,32.106781,-0.10448107,32.106781,-0.10448107
2007af,0.00635,32.0337,0.339166,32.106781,-0.073081068,32.106781,-0.073081068
2007sr,0.0066,31.6799,0.375913,32.191026,-0.5111261,32.191026,-0.5111261
2007sr,0.0066,31.6292,0.385756,32.191026,-0.5618261,32.191026,-0.5618261
2003du,0.00664,32.7685,0.292411,32.20421,0.56429016,32.20421,0.56429016
2003du,0.00664,32.7943,0.289134,32.20421,0.59009016,32.20421,0.59009016
2003du,0.00664,32.7423,0.294759,32.20421,0.53809016,32.20421,0.53809016
2002fk,0.00668,32.4423,0.300309,32.217315,0.22498522,32.217315,0.22498522
2002fk,0.00668,32.4642,0.300269,32.217315,0.24688522,32.217315,0.24688522
2018aoz,0.00701,31.7282,0.501431,32.322542,-0.59434232,32.322542,-0.59434232
2005cf,0.00703,32.3327,0.348317,32.32876,0.003939657,32.32876,0.003939657
2005cf,0.00703,32.3221,0.322655,32.32876,-0.006660343,32.32876,-0.006660343
2005cf,0.00703,32.3193,0.325586,32.32876,-0.009460343,32.32876,-0.009460343
2008Q,0.00722,32.3312,0.373843,32.386969,-0.055768831,32.386969,-0.055768831
2008Q,0.00722,32.2998,0.396652,32.386969,-0.087168831,32.386969,-0.087168831
2017erp,0.00727,32.1729,0.371125,32.402034,-0.2291336,32.402034,-0.2291336
2017erp,0.00727,32.2048,0.34795,32.402034,-0.1972336,32.402034,-0.1972336
2017erp,0.00727,32.1951,0.34053,32.402034,-0.2069336,32.402034,-0.2069336
1991M,0.00758,33.2138,0.462834,32.493195,0.72060461,32.493195,0.72060461
2003kf,0.00769,32.6418,0.362719,32.524654,0.1171459,32.524654,0.1171459
1998dh,0.00769,32.6151,0.317457,32.524654,0.090445896,32.524654,0.090445896
1998dh,0.00769,32.7164,0.317031,32.524654,0.1917459,32.524654,0.1917459
ASASSN-15so,0.00773,32.7527,0.26758,32.535983,0.21671721,32.535983,0.21671721
2013gh,0.00775,32.6922,0.484865,32.541625,0.15057471,32.541625,0.15057471
2013gh,0.00775,32.521,0.465611,32.541625,-0.020625291,32.541625,-0.020625291
1995D,0.0078,32.484,0.342662,32.555668,-0.07166843,32.555668,-0.07166843
2012hr,0.00788,32.7092,0.367554,32.577952,0.13124769,32.577952,0.13124769
2001bg,0.00796,32.6928,0.359218,32.600012,0.092787645,32.600012,0.092787645
2009ig,0.00801,32.6707,0.286975,32.613688,0.057011792,32.613688,0.057011792
1997br,0.00801,31.7321,0.531169,32.613688,-0.88158821,32.613688,-0.88158821
2009ig,0.00801,32.7434,0.280148,32.613688,0.12971179,32.613688,0.12971179
2009ig,0.00801,32.3711,0.371926,32.613688,-0.24258821,32.613688,-0.24258821
1996X,0.00812,31.9733,0.415464,32.643479,-0.6701787,32.643479,-0.6701787
PSNJ0717457,0.00812,32.7223,0.383433,32.643479,0.078821301,32.643479,0.078821301
2019ein,0.00837,32.8616,0.327035,32.709719,0.15188125,32.709719,0.15188125
2005am,0.00841,32.335,0.337879,32.720134,-0.38513428,32.720134,-0.38513428
2005am,0.00841,32.3945,0.331296,32.720134,-0.32563428,32.720134,-0.32563428
2005am,0.00841,32.3744,0.338325,32.720134,-0.34573428,32.720134,-0.34573428
2002er,0.00853,32.799,0.368859,32.751088,0.047912012,32.751088,0.047912012
2002er,0.00853,32.7498,0.409525,32.751088,-0.0012879885,32.751088,-0.0012879885
2005W,0.00861,32.852,0.318032,32.771484,0.080515745,32.771484,0.080515745
1996Z,0.00867,32.4455,0.490787,32.786658,-0.34115822,32.786658,-0.34115822
PTF10icb,0.009,33.4753,0.372879,32.868293,0.60700656,32.868293,0.60700656
2009an,0.00921,33.2253,0.299086,32.918709,0.30659136,32.918709,0.30659136
2009an,0.00921,33.3378,0.306294,32.918709,0.41909136,32.918709,0.41909136
1997bp,0.00931,32.4198,0.425219,32.942316,-0.52251581,32.942316,-0.52251581
1998es,0.00957,32.9165,0.372831,33.002535,-0.086034954,33.002535,-0.086034954
1998es,0.00957,32.8029,0.35789,33.002535,-0.19963495,33.002535,-0.19963495
2021hpr,0.00958,33.0869,0.343916,33.004818,0.082081505,33.004818,0.082081505
2006D,0.00966,32.8914,0.286425,33.023002,-0.13160204,33.023002,-0.13160204
2006D,0.00966,32.9159,0.285505,33.023002,-0.10710204,33.023002,-0.10710204
2006D,0.00966,32.8973,0.282867,33.023002,-0.12570204,33.023002,-0.12570204
1999ac,0.00979,32.9674,0.341878,33.052234,-0.08483371,33.052234,-0.08483371
1999ac,0.00979,32.9182,0.365223,33.052234,-0.13403371,33.052234,-0.13403371
2004S,0.0098,33.1236,0.317227,33.054466,0.069133693,33.054466,0.069133693
1997bq,0.00993,33.0683,0.324016,33.083286,-0.014985968,33.083286,-0.014985968
2008fv_comb,0.00993,33.1809,0.377969,33.083286,0.097614032,33.083286,0.097614032
2002cr,0.00998,33.2469,0.254885,33.094271,0.1526292,33.094271,0.1526292
1999cp,0.00998,33.0399,0.268981,33.094271,-0.054370804,33.094271,-0.054370804
1999cp,0.00998,33.2135,0.253629,33.094271,0.1192292,33.094271,0.1192292
2002cr,0.00998,33.2309,0.251906,33.094271,0.1366292,33.094271,0.1366292
2013cs,0.01029,32.3353,0.401367,33.161181,-0.82588074,33.161181,-0.82588074
ASASSN-16jf,0.0104,33.5709,0.314858,33.184443,0.38645712,33.184443,0.38645712
2006bh,0.01042,33.2788,0.247952,33.188646,0.090153893,33.188646,0.090153893
2013E,0.01042,32.7794,0.348547,33.188646,-0.40924611,33.188646,-0.40924611
1997do,0.01048,33.1081,0.364668,33.201208,-0.0931079,33.201208,-0.0931079
2002dp,0.01049,33.2931,0.27457,33.203295,0.089805411,33.203295,0.089805411
2002dp,0.01049,33.3806,0.309009,33.203295,0.17730541,33.203295,0.17730541
2009Y,0.0105,32.7458,0.360296,33.205379,-0.4595793,33.205379,-0.4595793
2009Y,0.0105,32.9015,0.334006,33.205379,-0.3038793,33.205379,-0.3038793
2009Y,0.0105,32.6457,0.409088,33.205379,-0.5596793,33.205379,-0.5596793
2002dj,0.01051,32.901,0.309548,33.207462,-0.30646205,33.207462,-0.30646205
2002dj,0.01051,32.8654,0.334488,33.207462,-0.34206205,33.207462,-0.34206205
2010ko,0.01096,33.8347,0.353909,33.299206,0.53549426,33.299206,0.53549426
2013ex,0.01096,33.4947,0.325172,33.299206,0.19549426,33.299206,0.19549426
2013ex,0.01096,33.4336,0.283424,33.299206,0.13439426,33.299206,0.13439426
2010Y,0.01142,33.7403,0.254135,33.389203,0.35109687,33.389203,0.35109687
2011ao,0.01168,33.4974,0.301502,33.438493,0.058906641,33.438493,0.058906641
2009ab,0.01189,33.5833,0.281169,33.477517,0.10578335,33.477517,0.10578335
2002ha,0.0122,33.708,0.24076,33.533891,0.17410913,33.533891,0.17410913
2002ha,0.0122,33.7246,0.250097,33.533891,0.19070913,33.533891,0.19070913
AT2017cfd,0.01222,33.5752,0.292564,33.537479,0.037721017,33.537479,0.037721017
2017cfd,0.01222,33.5673,0.284786,33.537479,0.029821017,33.537479,0.029821017
iPTF13ebh,0.01238,33.7337,0.342487,33.565976,0.16772394,33.565976,0.16772394
iPTF13ebh,0.01238,33.6369,0.29522,33.565976,0.070923942,33.565976,0.070923942
2009kk,0.01244,33.7023,0.266666,33.576568,0.12573157,33.576568,0.12573157
2009kq,0.01247,33.5178,0.26619,33.581846,-0.064045634,33.581846,-0.064045634
2009kq,0.01247,33.5874,0.26006,33.581846,0.0055543665,33.581846,0.0055543665
2008R,0.0126,33.8286,0.265115,33.604569,0.22403095,33.604569,0.22403095
2001cz,0.01275,33.8783,0.346381,33.630501,0.24779863,33.630501,0.24779863
2007hj,0.01288,33.9846,0.299399,33.652733,0.33186737,33.652733,0.33186737
2007hj,0.01288,33.9682,0.303693,33.652733,0.31546737,33.652733,0.31546737
2007hj,0.01288,33.9247,0.304606,33.652733,0.27196737,33.652733,0.27196737
2001ep,0.01306,33.6365,0.287379,33.68315,-0.046650027,33.68315,-0.046650027
2001ep,0.01306,33.5028,0.331124,33.68315,-0.18035003,33.68315,-0.18035003
2013gy,0.01309,33.7355,0.239783,33.688179,0.047320829,33.688179,0.047320829
2013gy,0.01309,33.7607,0.28722,33.688179,0.072520829,33.688179,0.072520829
1997E,0.01314,33.7649,0.288791,33.696536,0.068364246,33.696536,0.068364246
1999dq,0.01334,33.52,0.273536,33.72965,-0.20964997,33.72965,-0.20964997
1999dq,0.01334,33.4717,0.261601,33.72965,-0.25794997,33.72965,-0.25794997
2008hv,0.0136,33.797,0.277855,33.771971,0.025029309,33.771971,0.025029309
2008hv,0.0136,33.772,0.235755,33.771971,2.9308911e-05,33.771971,2.9308911e-05
2008hv,0.0136,33.7683,0.232778,33.771971,-0.0036706911,33.771971,-0.0036706911
2007cv,0.01361,33.6741,0.345367,33.773582,-0.099482361,33.773582,-0.099482361
2005kc,0.01386,34.0249,0.352338,33.813497,0.21140254,33.813497,0.21140254
2005kc,0.01386,34.0187,0.307194,33.813497,0.20520254,33.813497,0.20520254
1999dk,0.014,33.8053,0.288803,33.83554,-0.030239583,33.83554,-0.030239583
1999dk,0.014,33.6651,0.296207,33.83554,-0.17043958,33.83554,-0.17043958
2011df,0.01402,33.8524,0.277558,33.838671,0.013729374,33.838671,0.013729374
ASASSN-16dn,0.01406,33.8206,0.250873,33.844919,-0.024319463,33.844919,-0.024319463
2001bt,0.01407,33.7492,0.416658,33.846479,-0.097278922,33.846479,-0.097278922
2006N,0.01416,33.9078,0.240515,33.860465,0.047335134,33.860465,0.047335134
2004eo,0.0142,33.8826,0.249316,33.866653,0.01594739,33.866653,0.01594739
2003gt,0.01422,33.9253,0.243928,33.86974,0.055559987,33.86974,0.055559987
ASASSN-16la,0.01424,33.8444,0.265489,33.872823,-0.02842312,33.872823,-0.02842312
2013fa,0.01429,33.7894,0.397352,33.880512,-0.091112168,33.880512,-0.091112168
1992al,0.01434,33.6968,0.233531,33.888175,-0.19137463,33.888175,-0.19137463
2001fe,0.01448,33.8916,0.240694,33.90949,-0.017889612,33.90949,-0.017889612
PSNJ2043531,0.01449,34.1902,0.372674,33.911004,0.27919571,33.911004,0.27919571
2013gq,0.01457,33.7526,0.2163,33.923085,-0.17048464,33.923085,-0.17048464
2000dm,0.01472,34.0109,0.270222,33.945559,0.065340657,33.945559,0.065340657
2005el,0.01483,33.974,0.229564,33.961897,0.012102814,33.961897,0.012102814
2005el,0.01483,33.9261,0.231708,33.961897,-0.035797186,33.961897,-0.035797186
2011im,0.01493,34.2732,0.34036,33.976646,0.29655398,33.976646,0.29655398
2005de,0.01495,34.1793,0.26677,33.979584,0.19971594,33.979584,0.19971594
2005bo,0.01503,33.7553,0.390506,33.991297,-0.23599742,33.991297,-0.23599742
2005bo,0.01503,33.7189,0.39282,33.991297,-0.27239742,33.991297,-0.27239742
2006td,0.01504,34.1727,0.365029,33.992757,0.17994275,33.992757,0.17994275
2008ec,0.01506,34.1302,0.33431,33.995674,0.13452597,33.995674,0.13452597
2008ec,0.01506,34.1732,0.264363,33.995674,0.17752597,33.995674,0.17752597
2007ca,0.01509,34.3366,0.370715,34.000042,0.33655798,34.000042,0.33655798
2007ca,0.01509,34.1781,0.396908,34.000042,0.17805798,34.000042,0.17805798
2001cn,0.01509,33.8877,0.294985,34.000042,-0.11234202,34.000042,-0.11234202
2007ca,0.01509,34.252,0.397235,34.000042,0.25195798,34.000042,0.25195798
ATLAS16cxr,0.01518,34.3426,0.372888,34.013095,0.32950538,34.013095,0.32950538
ASASSN-16ad,0.01522,34.0334,0.344305,34.018871,0.014528784,34.018871,0.014528784
2009nq,0.01527,34.1657,0.28688,34.026071,0.13962913,34.026071,0.13962913
SN2017jl,0.01529,33.7706,0.30219,34.028944,-0.25834421,34.028944,-0.25834421
1999ej,0.01534,34.2581,0.272528,34.036111,0.2219887,34.036111,0.2219887
1999ej,0.01534,34.2112,0.258071,34.036111,0.1750887,34.036111,0.1750887
2001en,0.01534,33.9994,0.28632,34.036111,-0.036711301,34.036111,-0.036711301
2001en,0.01534,33.8852,0.313932,34.036111,-0.1509113,34.036111,-0.1509113
2002cs,0.01538,34.0329,0.272511,34.041828,-0.0089283561,34.041828,-0.0089283561
2008eo,0.01539,34.3317,0.278713,34.043255,0.28844468,34.043255,0.28844468
2001bf,0.01556,33.9004,0.218994,34.067374,-0.16697438,34.067374,-0.16697438
2001bf,0.01556,33.9926,0.239289,34.067374,-0.074774384,34.067374,-0.074774384
iPTF16auf,0.01566,34.0744,0.314862,34.081441,-0.0070405872,34.081441,-0.0070405872
2013fw,0.0157,34.1608,0.218117,34.087042,0.073757795,34.087042,0.073757795
2008bc,0.01572,34.0331,0.226465,34.089838,-0.056737723,34.089838,-0.056737723
1999aa,0.01579,34.1323,0.209471,34.099594,0.032705595,34.099594,0.032705595
ASASSN-15oh,0.01579,34.3916,0.270341,34.099594,0.2920056,34.099594,0.2920056
1999aa,0.01579,34.1663,0.242893,34.099594,0.066705595,34.099594,0.066705595
iPTF13dge,0.01581,34.2793,0.261916,34.102374,0.17692583,34.102374,0.17692583
2001V,0.01592,33.7902,0.290577,34.117601,-0.32740099,34.117601,-0.32740099
2001V,0.01592,33.8072,0.290395,34.117601,-0.31040099,34.117601,-0.31040099
2010kg,0.01595,33.9999,0.334729,34.121736,-0.1218357,34.121736,-0.1218357
PSNJ0107203,0.01601,33.9673,0.284408,34.129982,-0.16268209,34.129982,-0.16268209
1998ef,0.0161,33.841,0.289311,34.142295,-0.30129456,34.142295,-0.30129456
1998ef,0.0161,33.8975,0.264562,34.142295,-0.24479456,34.142295,-0.24479456
2013Q,0.01612,33.9726,0.41528,34.145021,-0.17242142,34.145021,-0.17242142
1994S,0.01619,34.0287,0.224824,34.154539,-0.12583915,34.154539,-0.12583915
2007ss,0.01619,34.4137,0.34637,34.154539,0.25916085,34.154539,0.25916085
2013hn,0.01629,34.0697,0.290382,34.168066,-0.098365551,34.168066,-0.098365551
2005al,0.01629,33.9986,0.219937,34.168066,-0.16946555,34.168066,-0.16946555
SN2016gfr,0.0163,33.8985,0.245383,34.169414,-0.27091367,34.169414,-0.27091367
ASASSN-16ip,0.01632,34.1679,0.246475,34.172107,-0.0042074654,34.172107,-0.0042074654
2007fs,0.01633,34.3408,0.198023,34.173453,0.16734686,34.173453,0.16734686
iPTF14bdn,0.01636,34.1062,0.281582,34.177485,-0.071285271,34.177485,-0.071285271
2007A,0.01646,34.5341,0.341619,34.190873,0.34322688,34.190873,0.34322688
2007A,0.01646,34.4649,0.358327,34.190873,0.27402688,34.190873,0.27402688
2004fz,0.01646,33.7799,0.330633,34.190873,-0.41097312,34.190873,-0.41097312
2000dk,0.01649,34.1517,0.257136,34.194874,-0.04317379,34.194874,-0.04317379
2000dk,0.01649,34.1436,0.28269,34.194874,-0.05127379,34.194874,-0.05127379
2001da,0.01658,34.2003,0.325329,34.206833,-0.0065327839,34.206833,-0.0065327839
2001da,0.01658,34.022,0.308995,34.206833,-0.18483278,34.206833,-0.18483278
1997Y,0.01661,34.1973,0.214463,34.210805,-0.013504858,34.210805,-0.013504858
ASASSN-15ti,0.01671,34.4894,0.310314,34.223994,0.26540593,34.223994,0.26540593
1996bv,0.01673,34.0755,0.297815,34.226623,-0.15112255,34.226623,-0.15112255
ASASSN-15od,0.01678,34.3409,0.228387,34.23318,0.10771982,34.23318,0.10771982
2007fb,0.0168,34.4009,0.221698,34.235798,0.16510218,34.235798,0.16510218
2007fb,0.0168,34.5101,0.231239,34.235798,0.27430218,34.235798,0.27430218
2006ef,0.01694,34.361,0.220285,34.254036,0.10696445,34.254036,0.10696445
ASASSN-15kx,0.01697,34.6084,0.219814,34.257924,0.35047575,34.257924,0.35047575
2008C,0.01709,34.2669,0.262425,34.273411,-0.0065113971,34.273411,-0.0065113971
2008C,0.01709,34.31,0.263557,34.273411,0.036588603,34.273411,0.036588603
1998V,0.01718,34.1465,0.231417,34.284956,-0.13845639,34.284956,-0.13845639
2008L,0.01734,34.3364,0.210115,34.305334,0.031065967,34.305334,0.031065967
2008L,0.01734,34.2464,0.213428,34.305334,-0.058934033,34.305334,-0.058934033
2009le,0.01739,34.2939,0.246602,34.311664,-0.017763956,34.311664,-0.017763956
2009le,0.01739,34.2418,0.22287,34.311664,-0.069863956,34.311664,-0.069863956
2013gs,0.01748,34.2221,0.320412,34.323013,-0.10091263,34.323013,-0.10091263
2000dr,0.01765,34.2975,0.318912,34.344292,-0.046792388,34.344292,-0.046792388
2006ax,0.01774,34.3133,0.19782,34.355476,-0.042176307,34.355476,-0.042176307
2006ax,0.01774,34.3228,0.200241,34.355476,-0.032676307,34.355476,-0.032676307
2007as,0.01791,34.2661,0.234211,34.376449,-0.1103494,34.376449,-0.1103494
ASASSN-17co,0.01791,34.2005,0.280568,34.376449,-0.1759494,34.376449,-0.1759494
PS15coh,0.01796,34.4393,0.226901,34.382581,0.056719457,34.382581,0.056719457
1992bo,0.01805,34.6078,0.20147,34.393574,0.21422576,34.393574,0.21422576
2011fs,0.01822,34.5466,0.215514,34.414193,0.13240682,34.414193,0.13240682
2011fs,0.01822,34.4866,0.321023,34.414193,0.072406817,34.414193,0.072406817
2008hs,0.01835,34.7394,0.433516,34.429833,0.30956718,34.429833,0.30956718
2008hs,0.01835,34.757,0.466611,34.429833,0.32716718,34.429833,0.32716718
ASASSN-16cs,0.01839,34.4286,0.281407,34.434623,-0.0060230114,34.434623,-0.0060230114
ATLAS16cpu,0.01851,34.5716,0.239989,34.448932,0.1226679,34.448932,0.1226679
2016ffh,0.01851,34.6171,0.238984,34.448932,0.1681679,34.448932,0.1681679
2016W,0.01855,34.3648,0.295725,34.453681,-0.088881444,34.453681,-0.088881444
2002jy,0.0187,34.9988,0.187715,34.471402,0.52739811,34.471402,0.52739811
2000cu,0.01902,34.6066,0.277471,34.508741,0.097858857,34.508741,0.097858857
2010ai,0.01918,34.9792,0.21848,34.527179,0.45202114,34.527179,0.45202114
2009gf,0.01925,34.492,0.255362,34.535198,-0.043197679,34.535198,-0.043197679
2009gf,0.01925,34.576,0.296243,34.535198,0.040802321,34.535198,0.040802321
2006ej,0.01926,34.5995,0.188309,34.536341,0.063159126,34.536341,0.063159126
2006ej,0.01926,34.6482,0.187832,34.536341,0.11185913,34.536341,0.11185913
2006ej,0.01926,34.5012,0.295566,34.536341,-0.035140874,34.536341,-0.035140874
2006ej,0.01926,34.576,0.189903,34.536341,0.039659126,34.536341,0.039659126
2002kf,0.01948,34.6854,0.204275,34.561344,0.12405592,34.561344,0.12405592
2006kf,0.01955,34.8085,0.195531,34.569241,0.23925877,34.569241,0.23925877
2006kf,0.01955,34.7747,0.195403,34.569241,0.20545877,34.569241,0.20545877
1992bc,0.01976,34.5121,0.199486,34.592766,-0.080666388,34.592766,-0.080666388
SN2016ajf,0.01978,34.7627,0.339971,34.594994,0.167706,34.594994,0.167706
2001dl,0.01983,35.1263,0.375783,34.600553,0.52574668,34.600553,0.52574668
2007au,0.01992,34.6865,0.406241,34.610525,0.075974657,34.610525,0.075974657
AT2016eoa,0.01993,34.6693,0.230687,34.611631,0.057669399,34.611631,0.057669399
ASASSN-16lc,0.02001,34.6956,0.216494,34.620453,0.075146981,34.620453,0.075146981
ASASSN-17bs,0.02014,34.5647,0.249505,34.634716,-0.070015511,34.634716,-0.070015511
2018fop,0.02017,34.5899,0.199177,34.637994,-0.048093959,34.637994,-0.048093959
ATLAS16dqf,0.02019,34.5749,0.375822,34.640177,-0.065276919,34.640177,-0.065276919
2016hpw,0.02019,34.8165,0.241825,34.640177,0.17632308,34.640177,0.17632308
2009ds,0.02033,34.5072,0.233893,34.655398,-0.14819819,34.655398,-0.14819819
2009ds,0.02033,34.702,0.19246,34.655398,0.046601809,34.655398,0.046601809
PSNJ1602512,0.02039,34.556,0.333904,34.66189,-0.10588997,34.66189,-0.10588997
2001br,0.02046,34.8118,0.300223,34.66944,0.14236005,34.66944,0.14236005
2007st,0.02061,34.4168,0.217156,34.685533,-0.26873306,34.685533,-0.26873306
2005ki,0.02066,34.5709,0.187708,34.690872,-0.11997178,34.690872,-0.11997178
2005ki,0.02066,34.4931,0.19075,34.690872,-0.19777178,34.690872,-0.19777178
2005ki,0.02066,34.5656,0.177716,34.690872,-0.12527178,34.690872,-0.12527178
2010A,0.02079,34.4863,0.330445,34.704693,-0.21839304,34.704693,-0.21839304
2003W,0.02087,34.6349,0.254511,34.713156,-0.078256146,34.713156,-0.078256146
2003W,0.02087,34.674,0.230899,34.713156,-0.039156146,34.713156,-0.039156146
ASASSN-16lg,0.02093,34.375,0.203089,34.719483,-0.34448251,34.719483,-0.34448251
ASASSN-15uv,0.02104,34.6114,0.393324,34.731035,-0.11963455,34.731035,-0.11963455
ASASSN-15lg,0.02121,34.6552,0.214591,34.748771,-0.09357112,34.748771,-0.09357112
2006et,0.0214,34.7742,0.253646,34.768429,0.0057707213,34.768429,0.0057707213
2006et,0.0214,34.7583,0.283448,34.768429,-0.010129279,34.768429,-0.010129279
2008Z,0.02146,35.118,0.310686,34.774601,0.34339861,34.774601,0.34339861
2008Z,0.02146,35.2056,0.304103,34.774601,0.43099861,34.774601,0.43099861
ASASSN-18da,0.02157,34.7709,0.195863,34.785873,-0.014972896,34.785873,-0.014972896
2006dm,0.02161,34.8059,0.18018,34.789958,0.015942415,34.789958,0.015942415
2006dm,0.02161,34.8234,0.25811,34.789958,0.033442415,34.789958,0.033442415
2009dc,0.02179,34.3468,0.19901,34.808247,-0.46144697,34.808247,-0.46144697
2000fa,0.02181,34.759,0.288719,34.81027,-0.051269923,34.81027,-0.051269923
2000fa,0.02181,34.7997,0.25527,34.81027,-0.010569923,34.81027,-0.010569923
2007bc,0.02187,34.7344,0.177177,34.816328,-0.081927845,34.816328,-0.081927845
2007bc,0.02187,34.7419,0.187753,34.816328,-0.074427845,34.816328,-0.074427845
2007bc,0.02187,34.7561,0.180584,34.816328,-0.060227845,34.816328,-0.060227845
1995ak,0.02193,34.6739,0.247785,34.822369,-0.14846941,34.822369,-0.14846941
ASASSN-18iu,0.02202,34.8847,0.186029,34.831401,0.053298697,34.831401,0.053298697
2004bw,0.02207,34.8194,0.196425,34.836403,-0.017003317,34.836403,-0.017003317
2009na,0.02209,34.7477,0.199095,34.838401,-0.090700997,34.838401,-0.090700997
2004bg,0.02214,34.8704,0.204479,34.843387,0.027012587,34.843387,0.027012587
2004bg,0.02214,34.7727,0.199004,34.843387,-0.070687413,34.843387,-0.070687413
2002cu,0.02217,34.7814,0.224663,34.846374,-0.064973941,34.846374,-0.064973941
ASASSN-15tz,0.0222,34.9543,0.274039,34.849356,0.10494351,34.849356,0.10494351
PS15cku,0.02222,35.0537,0.229702,34.851343,0.20235735,34.851343,0.20235735
2002ef,0.02224,34.6849,0.358325,34.853327,-0.16842705,34.853327,-0.16842705
2006bq,0.02226,34.8693,0.2033,34.85531,0.013990302,34.85531,0.013990302
ATLAS16dpb,0.02238,35.0481,0.288632,34.867169,0.18093116,34.867169,0.18093116
2001cp,0.02245,34.9654,0.216973,34.874058,0.091342214,34.874058,0.091342214
ASASSN-17aj,0.02253,34.7306,0.243141,34.881905,-0.15130501,34.881905,-0.15130501
ASASSN-16bn,0.02253,35.0392,0.214526,34.881905,0.15729499,34.881905,0.15729499
2008ia,0.02257,34.9245,0.169837,34.885818,0.038681666,34.885818,0.038681666
2000cn,0.0226,34.9712,0.237284,34.888749,0.082451151,34.888749,0.082451151
2000cn,0.0226,34.9992,0.267367,34.888749,0.11045115,34.888749,0.11045115
ASASSN-14fa,0.02262,34.883,0.27497,34.8907,-0.0077003975,34.8907,-0.0077003975
1999dg,0.02263,34.8589,0.246447,34.891676,-0.032775535,34.891676,-0.032775535
2007qe,0.0228,35.0406,0.206572,34.908188,0.13241174,34.908188,0.13241174
2007qe,0.0228,34.9509,0.259128,34.908188,0.042711737,34.908188,0.042711737
2004at,0.02287,34.9168,0.178524,34.914952,0.0018475903,34.914952,0.0018475903
SNF20080514-002,0.02292,35.0136,0.216159,34.919771,0.093828526,34.919771,0.093828526
2007ci,0.02295,34.6478,0.266962,34.922658,-0.27485795,34.922658,-0.27485795
2007ci,0.02295,34.4301,0.279423,34.922658,-0.49255795,34.922658,-0.49255795
ASASSN-16em,0.02296,34.994,0.277383,34.923619,0.070380722,34.923619,0.070380722
2006sr,0.02307,34.9949,0.180801,34.934167,0.060733193,34.934167,0.060733193
ASASSN-15nr,0.02309,34.8331,0.263771,34.936079,-0.10297922,34.936079,-0.10297922
2009cz,0.02315,34.8582,0.260273,34.941807,-0.083606683,34.941807,-0.083606683
2009cz,0.02315,34.8582,0.170636,34.941807,-0.083606683,34.941807,-0.083606683
2014ai,0.02317,35.0225,0.271221,34.943713,0.078787409,34.943713,0.078787409
2009jb,0.02324,34.7666,0.340338,34.950371,-0.18377054,34.950371,-0.18377054
2009al,0.02328,34.9851,0.282579,34.954166,0.030933778,34.954166,0.030933778
2009al,0.02328,35.0081,0.221692,34.954166,0.053933778,34.954166,0.053933778
2009al,0.02328,34.9783,0.225403,34.954166,0.024133778,34.954166,0.024133778
ATLAS17bas,0.02331,34.5715,0.261746,34.957009,-0.38550877,34.957009,-0.38550877
2006cp,0.02334,34.8603,0.24312,34.959848,-0.099547726,34.959848,-0.099547726
2006cp,0.02334,34.7714,0.302654,34.959848,-0.18844773,34.959848,-0.18844773
ASASSN-15sf,0.02349,35.2317,0.235205,34.973989,0.25771117,34.973989,0.25771117
2017hoq,0.0235,34.985,0.19074,34.974928,0.010071594,34.974928,0.010071594
1998eg,0.02358,35.1018,0.195014,34.982431,0.11936911,34.982431,0.11936911
2010cr,0.02368,35.2685,0.304874,34.991774,0.27672616,34.991774,0.27672616
ASASSN-15il,0.02374,34.8584,0.20127,34.997361,-0.138961,34.997361,-0.138961
AT2017cfb,0.02382,34.8438,0.220547,35.004789,-0.16098895,35.004789,-0.16098895
PS16ccn,0.02395,35.1784,0.189112,35.016807,0.16159281,35.016807,0.16159281
2006ac,0.02395,34.9871,0.184147,35.016807,-0.029707187,35.016807,-0.029707187
2006ac,0.02395,34.953,0.198064,35.016807,-0.063807187,35.016807,-0.063807187
ASASSN-15jt,0.02396,34.889,0.403697,35.017729,-0.12872901,35.017729,-0.12872901
2003he,0.02404,35.0862,0.240547,35.02509,0.061110042,35.02509,0.061110042
2004bk,0.02405,34.8391,0.21588,35.026008,-0.18690838,35.026008,-0.18690838
ASASSN-16hz,0.02406,34.8112,0.317595,35.026926,-0.21572643,35.026926,-0.21572643
2003it,0.02413,35.079,0.205996,35.033342,0.045657725,35.033342,0.045657725
2005bg,0.02414,35.0102,0.201948,35.034257,-0.024057329,35.034257,-0.024057329
2007F,0.0242,35.084,0.183555,35.03974,0.044260166,35.03974,0.044260166
2007F,0.0242,34.9421,0.208286,35.03974,-0.097639834,35.03974,-0.097639834
2000bh,0.02421,34.8782,0.224067,35.040652,-0.16245228,35.040652,-0.16245228
2010ao,0.02422,34.943,0.2098,35.041564,-0.098564364,35.041564,-0.098564364
AT2016bln,0.02425,35.0771,0.195416,35.044298,0.032801618,35.044298,0.032801618
2004br,0.02426,34.807,0.18246,35.045209,-0.23820898,35.045209,-0.23820898
1994M,0.02426,34.9528,0.213795,35.045209,-0.092408982,35.045209,-0.092408982
2010gp,0.02436,34.4711,0.398476,35.054295,-0.58319473,35.054295,-0.58319473
PS1-14xw,0.02436,35.1049,0.31033,35.054295,0.050605274,35.054295,0.050605274
2011dn,0.02443,34.4583,0.333265,35.060633,-0.60233294,35.060633,-0.60233294
2018enc,0.0245,34.9998,0.217718,35.066953,-0.067153319,35.066953,-0.067153319
1993H,0.0245,35.1803,0.232251,35.066953,0.11334668,35.066953,0.11334668
2008bf,0.02451,35.0521,0.231261,35.067855,-0.015754779,35.067855,-0.015754779
2008bf,0.02451,34.8898,0.233972,35.067855,-0.17805478,35.067855,-0.17805478
2008bf,0.02451,35.1061,0.235556,35.067855,0.038245221,35.067855,0.038245221
2000ca,0.02454,34.8993,0.190331,35.070557,-0.17125699,35.070557,-0.17125699
2002he,0.02469,35.1139,0.15531,35.08402,0.029880498,35.08402,0.029880498
2002he,0.02469,35.1145,0.174825,35.08402,0.030480498,35.08402,0.030480498
PSNJ0153424,0.02474,35.1828,0.233724,35.088489,0.094310866,35.088489,0.094310866
2009D,0.02476,35.008,0.162015,35.090275,-0.0822745,35.090275,-0.0822745
2009D,0.02476,34.9493,0.170871,35.090275,-0.1409745,35.090275,-0.1409745
2009D,0.02476,35.0746,0.209952,35.090275,-0.0156745,35.090275,-0.0156745
2007cq,0.02481,35.009,0.176889,35.094732,-0.085731717,35.094732,-0.085731717
2007cq,0.02481,34.8369,0.288042,35.094732,-0.25783172,35.094732,-0.25783172
2007cq,0.02481,34.8482,0.181918,35.094732,-0.24653172,35.094732,-0.24653172
2001cj,0.02491,35.1973,0.228493,35.10362,0.093680289,35.10362,0.093680289
SN2017hn,0.02492,35.0621,0.190177,35.104507,-0.04240658,35.104507,-0.04240658
2002bf,0.02494,34.9063,0.269066,35.106279,-0.19997927,35.106279,-0.19997927
2002bf,0.02494,34.9441,0.240723,35.106279,-0.16217927,35.106279,-0.16217927
AT2017cfc,0.02499,35.0276,0.190198,35.110705,-0.083104879,35.110705,-0.083104879
2012bh,0.025,35.1989,0.238281,35.111589,0.087311044,35.111589,0.087311044
2007sw,0.025,34.9117,0.306484,35.111589,-0.19988896,35.111589,-0.19988896
370356,0.025,35.2277,0.204374,35.111589,0.11611104,35.111589,0.11611104
PS15ahs,0.02522,35.1974,0.185937,35.130951,0.066448816,35.130951,0.066448816
PSNJ2352371,0.02525,35.4014,0.200491,35.133579,0.26782139,35.133579,0.26782139
SN2017ms,0.02538,35.1181,0.200181,35.144929,-0.02682878,35.144929,-0.02682878
2018jjd,0.02547,34.9842,0.185284,35.152753,-0.16855316,35.152753,-0.16855316
Gaia16agf,0.02553,35.2152,0.268527,35.157954,0.05724568,35.157954,0.05724568
ASASSN-15uu,0.02579,35.0223,0.372346,35.180355,-0.15805473,35.180355,-0.15805473
ASASSN-16bq,0.02582,35.1882,0.176701,35.182925,0.0052749066,35.182925,0.0052749066
2005M,0.02584,35.2931,0.179545,35.184637,0.10846296,35.184637,0.10846296
2005M,0.02584,34.835,0.348314,35.184637,-0.34963704,35.184637,-0.34963704
2005M,0.02584,35.1081,0.198242,35.184637,-0.07653704,35.184637,-0.07653704
1992ag,0.02592,34.7664,0.344692,35.191472,-0.42507183,35.191472,-0.42507183
2005ms,0.02595,35.308,0.179587,35.19403,0.11397047,35.19403,0.11397047
2005mc,0.02597,35.3429,0.323231,35.195733,0.14716695,35.195733,0.14716695
2005mc,0.02597,35.2855,0.288909,35.195733,0.089766948,35.195733,0.089766948
1999gp,0.02603,35.2892,0.205883,35.200836,0.08836411,35.200836,0.08836411
1999gp,0.02603,35.2688,0.183373,35.200836,0.06796411,35.200836,0.06796411
SN2017mf,0.02618,35.3111,0.17873,35.213543,0.097557413,35.213543,0.097557413
2002eb,0.02633,35.2673,0.172357,35.226178,0.041122056,35.226178,0.041122056
SNF20071021-000,0.0264,35.3224,0.216057,35.23205,0.090349741,35.23205,0.090349741
1992P,0.02643,35.313,0.220137,35.234562,0.078437716,35.234562,0.078437716
ASASSN-17at,0.02643,35.2513,0.18676,35.234562,0.016737716,35.234562,0.016737716
2007co,0.02655,35.227,0.261645,35.244582,-0.017582448,35.244582,-0.017582448
2007co,0.02655,35.1118,0.346591,35.244582,-0.13278245,35.244582,-0.13278245
2007co,0.02655,35.3437,0.230789,35.244582,0.099117552,35.244582,0.099117552
2007su,0.0266,35.3042,0.352852,35.248744,0.055455609,35.248744,0.055455609
ASASSN-16av,0.02676,35.3467,0.289875,35.262011,0.084688848,35.262011,0.084688848
ASASSN-15mf,0.02691,35.1184,0.181369,35.274378,-0.15597816,35.274378,-0.15597816
2010ii,0.02704,35.1306,0.184771,35.285042,-0.1544416,35.285042,-0.1544416
2005na,0.02717,35.1538,0.186856,35.295655,-0.14185479,35.295655,-0.14185479
2005na,0.02717,35.113,0.172724,35.295655,-0.18265479,35.295655,-0.18265479
2005na,0.02717,35.1117,0.170295,35.295655,-0.18395479,35.295655,-0.18395479
ASASSN-15fa,0.02721,35.5236,0.225337,35.29891,0.22468964,35.29891,0.22468964
2013fn,0.02724,35.2892,0.298907,35.301349,-0.012148957,35.301349,-0.012148957
2008ar,0.02732,35.359,0.180243,35.307839,0.051160998,35.307839,0.051160998
2008ar,0.02732,35.4368,0.180322,35.307839,0.128961,35.307839,0.128961
2008ar,0.02732,35.2913,0.178243,35.307839,-0.016539002,35.307839,-0.016539002
PSNJ0252467,0.02748,35.3613,0.190628,35.320763,0.040536703,35.320763,0.040536703
2006ev,0.02759,35.6739,0.216353,35.329606,0.34429404,35.329606,0.34429404
2006gj,0.0277,35.7258,0.321699,35.338414,0.38738592,35.338414,0.38738592
2011hb,0.02775,35.2874,0.292934,35.342406,-0.055006423,35.342406,-0.055006423
2002el,0.02778,35.1049,0.181734,35.344798,-0.23989844,35.344798,-0.23989844
SN2017ckx,0.02779,35.6596,0.251383,35.345595,0.31400478,35.345595,0.31400478
2003U,0.02794,35.2665,0.177545,35.357513,-0.091013198,35.357513,-0.091013198
AT2017ns,0.02802,35.1963,0.366604,35.363844,-0.1675438,35.363844,-0.1675438
1998ab,0.02806,34.9487,0.227749,35.367002,-0.41830245,35.367002,-0.41830245
2009aa,0.02827,35.3174,0.173415,35.383513,-0.066113201,35.383513,-0.066113201
1993ah,0.02828,35.2763,0.655117,35.384296,-0.10799642,35.384296,-0.10799642
2004gs,0.02829,35.5996,0.235009,35.385079,0.21452063,35.385079,0.21452063
2005eq,0.02831,35.558,0.160985,35.386644,0.17135555,35.386644,0.17135555
2005eq,0.02831,35.5061,0.163093,35.386644,0.11945555,35.386644,0.11945555
2005eq,0.02831,35.5563,0.160218,35.386644,0.16965555,35.386644,0.16965555
2009ad,0.02834,35.372,0.160301,35.38899,-0.016990046,35.38899,-0.016990046
2009ad,0.02834,35.3421,0.156527,35.38899,-0.046890046,35.38899,-0.046890046
PS16cvc,0.02844,35.6948,0.183345,35.396791,0.29800888,35.396791,0.29800888
ASASSN-15la,0.02845,35.0558,0.218663,35.39757,-0.34176975,35.39757,-0.34176975
ASASSN-15fs,0.0285,35.2391,0.185823,35.401459,-0.16235886,35.401459,-0.16235886
2013bs,0.02859,35.4105,0.201911,35.408442,0.0020575806,35.408442,0.0020575806
2006qo,0.02871,35.4779,0.275376,35.41772,0.06017965,35.41772,0.06017965
PSNJ0859349,0.02874,35.472,0.225755,35.420034,0.051966113,35.420034,0.051966113
1996C,0.02875,35.5152,0.250819,35.420805,0.09439546,35.420805,0.09439546
LSQ12gdj,0.02886,35.0939,0.272694,35.429264,-0.3353644,35.429264,-0.3353644
2003ch,0.02895,35.6024,0.169987,35.436163,0.16623738,35.436163,0.16623738
ASASSN-16ay,0.02895,35.6222,0.299966,35.436163,0.18603738,35.436163,0.18603738
2000cw,0.02896,35.6079,0.224233,35.436928,0.17097221,35.436928,0.17097221
ASASSN-16br,0.029,35.5064,0.190895,35.439986,0.066414129,35.439986,0.066414129
Gaia16bba,0.02934,35.4354,0.185335,35.465814,-0.030413793,35.465814,-0.030413793
ASASSN-16hh,0.02935,35.5015,0.190369,35.466569,0.034931015,35.466569,0.034931015
2007is,0.02953,35.3449,0.211378,35.480119,-0.13521948,35.480119,-0.13521948
1997dg,0.02962,35.861,0.192522,35.486864,0.37413562,35.486864,0.37413562
AT2016cyt,0.02965,35.3586,0.164518,35.489108,-0.13050821,35.489108,-0.13050821
ASASSN-16es,0.02973,35.5345,0.258248,35.495081,0.039419095,35.495081,0.039419095
2004ef,0.02978,35.5195,0.196088,35.498806,0.020694159,35.498806,0.020694159
2004ef,0.02978,35.4838,0.199296,35.498806,-0.015005841,35.498806,-0.015005841
2004ef,0.02978,35.4761,0.233488,35.498806,-0.022705841,35.498806,-0.022705841
ASASSN-16hr,0.0298,35.4648,0.278746,35.500294,-0.035494098,35.500294,-0.035494098
ATLAS17ajn,0.02988,35.5116,0.190788,35.506237,0.0053626492,35.506237,0.0053626492
ASASSN-16fs,0.0299,35.2761,0.180915,35.507721,-0.23162073,35.507721,-0.23162073
ASASSN-16fo,0.02994,35.4803,0.173804,35.510685,-0.030384561,35.510685,-0.030384561
AT2017lm,0.03002,35.5542,0.216273,35.516601,0.037599398,35.516601,0.037599398
ASASSN-15uw,0.03004,35.6084,0.212671,35.518077,0.090322803,35.518077,0.090322803
PS15cwx,0.03007,35.4164,0.184841,35.52029,-0.10389028,35.52029,-0.10389028
SNF20080909-030,0.03013,35.565,0.183722,35.52471,0.04029003,35.52471,0.04029003
ASASSN-15nq,0.03025,35.5185,0.166012,35.533524,-0.01502352,35.533524,-0.01502352
AT2017zd,0.03048,35.2781,0.194122,35.550321,-0.27222078,35.550321,-0.27222078
2002de,0.0305,35.3638,0.283742,35.551776,-0.18797553,35.551776,-0.18797553
ASASSN-16aj,0.03053,35.4654,0.177866,35.553956,-0.088555914,35.553956,-0.088555914
2009fv,0.03072,35.3374,0.375292,35.567716,-0.23031642,35.567716,-0.23031642
2009fv,0.03072,35.406,0.332119,35.567716,-0.16171642,35.567716,-0.16171642
2009eu,0.03072,35.9224,0.399302,35.567716,0.35468358,35.567716,0.35468358
2006bw,0.03075,35.6231,0.320886,35.569882,0.053218497,35.569882,0.053218497
2006en,0.03081,35.6474,0.19424,35.574205,0.073194532,35.574205,0.073194532
2000dn,0.03081,35.707,0.22057,35.574205,0.13279453,35.574205,0.13279453
CSS160428,0.03081,35.7017,0.164289,35.574205,0.12749453,35.574205,0.12749453
2006en,0.03081,35.6847,0.188076,35.574205,0.11049453,35.574205,0.11049453
1990O,0.03093,35.4926,0.166476,35.582829,-0.090228699,35.582829,-0.090228699
AT2017wb,0.03093,35.5304,0.283582,35.582829,-0.052428699,35.582829,-0.052428699
2013fy,0.03099,35.3522,0.343157,35.587128,-0.23492803,35.587128,-0.23492803
2008gg,0.03107,35.67,0.236835,35.592848,0.0771522,35.592848,0.0771522
2008gg,0.03107,35.5409,0.184896,35.592848,-0.0519478,35.592848,-0.0519478
ASASSN-15hg,0.03107,35.6461,0.196214,35.592848,0.0532522,35.592848,0.0532522
2010gn,0.03123,35.9119,0.273901,35.604244,0.30765582,35.604244,0.30765582
1999cc,0.03132,35.5877,0.169094,35.61063,-0.022929535,35.61063,-0.022929535
2001ba,0.03136,35.6481,0.206672,35.613462,0.034638298,35.613462,0.034638298
2007bd,0.03141,35.5793,0.14868,35.616997,-0.037696938,35.616997,-0.037696938
2007bd,0.03141,35.4841,0.153803,35.616997,-0.13289694,35.616997,-0.13289694
2007bd,0.03141,35.4957,0.175954,35.616997,-0.12129694,35.616997,-0.12129694
MASTEROTJ08,0.03156,35.6675,0.174531,35.62757,0.039930332,35.62757,0.039930332
2006az,0.03158,35.4896,0.148675,35.628976,-0.13937564,35.628976,-0.13937564
010026,0.03174,35.6746,0.20211,35.640192,0.034407835,35.640192,0.034407835
2007ux,0.03183,35.6656,0.274525,35.646477,0.019122853,35.646477,0.019122853
2007ux,0.03183,35.8808,0.19004,35.646477,0.23432285,35.646477,0.23432285
ASASSN-15pr,0.03189,35.9082,0.198168,35.650657,0.25754253,35.650657,0.25754253
AT2017po,0.03201,35.576,0.196814,35.658995,-0.08299507,35.658995,-0.08299507
ASASSN-16oz,0.03207,35.4592,0.276064,35.663152,-0.2039524,35.663152,-0.2039524
2006os,0.03212,35.7992,0.326022,35.666611,0.13258898,35.666611,0.13258898
2006te,0.03212,35.7248,0.15355,35.666611,0.058188978,35.666611,0.058188978
2007ai,0.03212,35.8577,0.294619,35.666611,0.19108898,35.666611,0.19108898
2007ai,0.03212,35.8562,0.258808,35.666611,0.18958898,35.666611,0.18958898
2006bt,0.03241,35.772,0.224228,35.686568,0.085432316,35.686568,0.085432316
2006bt,0.03241,35.7428,0.226764,35.686568,0.056232316,35.686568,0.056232316
2006bt,0.03241,35.7867,0.216659,35.686568,0.10013232,35.686568,0.10013232
2008gp,0.03245,35.7268,0.162633,35.689307,0.037493403,35.689307,0.037493403
2008gp,0.03245,35.6643,0.150947,35.689307,-0.025006597,35.689307,-0.025006597
2008gl,0.03246,35.6431,0.148421,35.689991,-0.046890809,35.689991,-0.046890809
2008gl,0.03246,35.6366,0.169859,35.689991,-0.053390809,35.689991,-0.053390809
2008gl,0.03246,35.6638,0.156049,35.689991,-0.026190809,35.689991,-0.026190809
2004as,0.0325,35.7324,0.22019,35.692726,0.039674405,35.692726,0.039674405
2004as,0.0325,35.8907,0.225741,35.692726,0.19797441,35.692726,0.19797441
ATLAS17axb,0.03264,35.5602,0.185563,35.702271,-0.14207146,35.702271,-0.14207146
2008bq,0.03279,35.7279,0.17805,35.712455,0.015445193,35.712455,0.015445193
2005iq,0.03292,35.8516,0.143619,35.721244,0.13035644,35.721244,0.13035644
2005iq,0.03292,35.8647,0.150987,35.721244,0.14345644,35.721244,0.14345644
PS15bsq,0.03309,35.7797,0.159699,35.732685,0.047014576,35.732685,0.047014576
2006S,0.0331,35.9089,0.177213,35.733357,0.17554332,35.733357,0.17554332
ASASSN-16bc,0.03314,35.6164,0.168015,35.73604,-0.11963973,35.73604,-0.11963973
2003gn,0.03316,36.0229,0.243018,35.73738,0.28551993,35.73738,0.28551993
2003cq,0.03323,35.8276,0.259126,35.742065,0.085534973,35.742065,0.085534973
2010ag,0.03336,35.8159,0.198961,35.75074,0.065159902,35.75074,0.065159902
SN2017cii,0.03337,35.8381,0.178659,35.751406,0.08669396,35.751406,0.08669396
2004L,0.03344,35.829,0.273673,35.756062,0.072937823,35.756062,0.072937823
2003iv,0.03351,35.9118,0.165632,35.760709,0.15109121,35.760709,0.15109121
2006gr,0.03352,35.9188,0.207416,35.761372,0.15742819,35.761372,0.15742819
2006gr,0.03352,35.9378,0.211316,35.761372,0.17642819,35.761372,0.17642819
2005eu,0.03369,35.8038,0.482057,35.772614,0.031186253,35.772614,0.031186253
2005eu,0.03369,35.8012,0.48333,35.772614,0.028586253,35.772614,0.028586253
SN2016hpx,0.0337,35.6329,0.204026,35.773273,-0.14037331,35.773273,-0.14037331
ATLAS17ajs,0.0337,35.9757,0.358083,35.773273,0.20242669,35.773273,0.20242669
2003kc,0.0341,35.8566,0.205773,35.7995,0.057100039,35.7995,0.057100039
2011dl,0.03432,35.7587,0.312966,35.813797,-0.055096649,35.813797,-0.055096649
ASASSN-15tg,0.03445,35.861,0.1686,35.822203,0.038797376,35.822203,0.038797376
1996bl,0.03481,35.7348,0.155656,35.84532,-0.11051984,35.84532,-0.11051984
ASASSN-15jl,0.03492,35.8816,0.169326,35.852337,0.029263176,35.852337,0.029263176
AT2016fbk,0.03495,36.1545,0.230318,35.854247,0.3002532,35.854247,0.3002532
2016fbk,0.03495,35.9591,0.225173,35.854247,0.1048532,35.854247,0.1048532
2008at,0.03497,35.8349,0.334212,35.855519,-0.020619223,35.855519,-0.020619223
ASASSN-15mi,0.03501,35.5515,0.204326,35.858062,-0.30656194,35.858062,-0.30656194
2007hu,0.03518,35.9905,0.374822,35.868837,0.1216631,35.868837,0.1216631
2007ba,0.03533,35.825,0.340606,35.878302,-0.053302045,35.878302,-0.053302045
PTSS-16efw,0.03542,36.234,0.188455,35.883962,0.35003771,35.883962,0.35003771
2001ck,0.03544,35.8586,0.223482,35.885218,-0.026618219,35.885218,-0.026618219
1994T,0.03564,35.9325,0.204232,35.89774,0.034760497,35.89774,0.034760497
ASASSN-16dw,0.03565,35.7837,0.217075,35.898364,-0.11466376,35.898364,-0.11466376
1992bg,0.03574,35.8937,0.211664,35.903974,-0.010274419,35.903974,-0.010274419
ASASSN-15lu,0.03577,36.0035,0.185251,35.905842,0.097658429,35.905842,0.097658429
ASASSN-16db,0.03589,35.8698,0.18969,35.913295,-0.043494905,35.913295,-0.043494905
2002hu,0.03591,35.9637,0.166565,35.914535,0.04916524,35.914535,0.04916524
ASASSN-15ss,0.03592,35.9909,0.187185,35.915154,0.075745565,35.915154,0.075745565
PS15bbn,0.03602,36.1845,0.187245,35.921342,0.26315808,35.921342,0.26315808
2006mo,0.03616,36.0695,0.175025,35.929976,0.13952372,35.929976,0.13952372
2001eh,0.03627,36.0067,0.135213,35.936738,0.069962471,35.936738,0.069962471
2001eh,0.03627,35.9927,0.149174,35.936738,0.055962471,35.936738,0.055962471
2002G,0.03631,35.8056,0.308166,35.939191,-0.1335912,35.939191,-0.1335912
2002G,0.03631,35.9287,0.318471,35.939191,-0.010491201,35.939191,-0.010491201
ASASSN-15bc,0.03639,35.949,0.262609,35.944091,0.0049093655,35.944091,0.0049093655
2008gb,0.03641,36.0889,0.198876,35.945314,0.14358615,35.945314,0.14358615
2008hj,0.03643,35.8836,0.185109,35.946536,-0.062936407,35.946536,-0.062936407
2008hj,0.03643,35.9282,0.1566,35.946536,-0.018336407,35.946536,-0.018336407
2000cf,0.03646,36.0475,0.166339,35.948369,0.099130984,35.948369,0.099130984
2007jg,0.03652,36.3333,0.171248,35.95203,0.38127018,35.95203,0.38127018
2007jg,0.03652,36.2185,0.171341,35.95203,0.26647018,35.95203,0.26647018
2008ei,0.03654,36.08,0.336812,35.953249,0.12675122,35.953249,0.12675122
2002eu,0.03672,36.0624,0.163008,35.96419,0.098209786,35.96419,0.098209786
AT2016hns,0.03704,35.9789,0.163683,35.983513,-0.0046129517,35.983513,-0.0046129517
2000dg,0.03725,36.0748,0.289284,35.996105,0.078694887,35.996105,0.078694887
2007O,0.03732,35.8617,0.152703,36.000287,-0.1385871,36.000287,-0.1385871
2007O,0.03732,35.8938,0.151724,36.000287,-0.1064871,36.000287,-0.1064871
2009bv,0.03748,36.2564,0.149974,36.009817,0.24658275,36.009817,0.24658275
AT2016cvw,0.03761,36.0063,0.206656,36.017531,-0.011231301,36.017531,-0.011231301
SN2017ciy,0.03762,36.5177,0.245806,36.018124,0.49957639,36.018124,0.49957639
2008fr,0.0379,36.1141,0.236153,36.034646,0.079453803,36.034646,0.079453803
ASASSN-15pn,0.038,36.1962,0.220822,36.040518,0.15568174,36.040518,0.15568174
ASASSN-15np,0.03832,36.026,0.219507,36.059208,-0.033208051,36.059208,-0.033208051
2008051,0.03835,36.0125,0.17035,36.060952,-0.048452404,36.060952,-0.048452404
2010dw,0.03871,36.0125,0.204712,36.081781,-0.069281416,36.081781,-0.069281416
PS15cze,0.03891,36.5486,0.234635,36.093272,0.45532842,36.093272,0.45532842
1999aw,0.03928,36.2125,0.18352,36.114377,0.098122656,36.114377,0.098122656
2008O,0.0394,36.2254,0.311188,36.121181,0.10421917,36.121181,0.10421917
SN2016glz,0.03975,35.9918,0.210464,36.14091,-0.14910955,36.14091,-0.14910955
2008dr,0.03996,36.284,0.147901,36.152666,0.13133436,36.152666,0.13133436
2003fa,0.04015,36.0818,0.14498,36.16325,-0.081450329,36.16325,-0.081450329
2003fa,0.04015,36.0167,0.143473,36.16325,-0.14655033,36.16325,-0.14655033
2007jh,0.04023,36.5601,0.280122,36.167692,0.39240756,36.167692,0.39240756
2009do,0.04027,36.0403,0.147245,36.16991,-0.12961027,36.16991,-0.12961027
SN2017coa,0.04045,36.4104,0.307187,36.179864,0.23053601,36.179864,0.23053601
PS16axi,0.04056,36.1263,0.168835,36.185926,-0.059625597,36.185926,-0.059625597
2001az,0.04059,36.3153,0.150794,36.187576,0.12772402,36.187576,0.12772402
2007kk,0.0413,36.2071,0.166515,36.226292,-0.019192056,36.226292,-0.019192056
2007kk,0.0413,36.2521,0.175538,36.226292,0.025807944,36.226292,0.025807944
2006cf,0.04223,36.2931,0.151018,36.276035,0.017064677,36.276035,0.017064677
2014bj,0.04239,36.5106,0.426487,36.284486,0.22611438,36.284486,0.22611438
2006cz,0.04251,35.9138,0.29449,36.290803,-0.37700298,36.290803,-0.37700298
ASASSN-16ct,0.04252,36.2457,0.207056,36.291329,-0.045628646,36.291329,-0.045628646
AT2016htm,0.04265,36.2018,0.162522,36.298151,-0.09635134,36.298151,-0.09635134
2007nq,0.04275,36.2882,0.166626,36.303386,-0.015185805,36.303386,-0.015185805
2007nq,0.04275,36.2137,0.152187,36.303386,-0.089685805,36.303386,-0.089685805
1992bl,0.0428,36.2101,0.208042,36.305999,-0.09589857,36.305999,-0.09589857
ASASSN-15mg,0.04307,36.3298,0.181208,36.320056,0.0097436335,36.320056,0.0097436335
SN2016ayg,0.04328,36.4165,0.166064,36.330931,0.085568959,36.330931,0.085568959
2006gt,0.04366,36.5114,0.286272,36.350479,0.16092085,36.350479,0.16092085
MASTERJ0134,0.04391,36.2594,0.177777,36.36325,-0.10384968,36.36325,-0.10384968
2005ku,0.04397,36.2916,0.249078,36.366304,-0.074704084,36.366304,-0.074704084
AT2016cvv,0.04404,36.5469,0.231201,36.369862,0.17703757,36.369862,0.17703757
2006hx,0.04429,36.4565,0.162334,36.382526,0.07397393,36.382526,0.07397393
PS16cqa,0.04433,36.6866,0.304921,36.384546,0.3020542,36.384546,0.3020542
SN2016esh,0.04488,36.1579,0.182756,36.412139,-0.25423876,36.412139,-0.25423876
2005hc,0.04496,36.5139,0.151933,36.416125,0.097775129,36.416125,0.097775129
2005hc,0.04496,36.4634,0.173532,36.416125,0.047275129,36.416125,0.047275129
PSNJ1204051,0.04502,36.4541,0.196266,36.41911,0.034990072,36.41911,0.034990072
1992bh,0.0451,36.551,0.270525,36.423084,0.12791601,36.423084,0.12791601
2005lz,0.04541,36.3247,0.195021,36.438419,-0.11371904,36.438419,-0.11371904
PS17tn,0.04549,36.3811,0.196005,36.44236,-0.061259957,36.44236,-0.061259957
AT2016ews,0.04612,36.5394,0.159223,36.473161,0.06623867,36.473161,0.06623867
2008050,0.04627,36.2636,0.218105,36.480435,-0.21683472,36.480435,-0.21683472
2004gu,0.0467,36.4713,0.19409,36.501159,-0.02985884,36.501159,-0.02985884
360156,0.04673,36.5081,0.209562,36.502598,0.0055022166,36.502598,0.0055022166
2016afk,0.04677,36.5642,0.229149,36.504515,0.05968502,36.504515,0.05968502
2008cf,0.04692,36.4786,0.148197,36.51169,-0.033090311,36.51169,-0.033090311
2008cf,0.04692,36.4857,0.182928,36.51169,-0.025990311,36.51169,-0.025990311
PS16fa,0.04734,36.6009,0.161688,36.531663,0.069236652,36.531663,0.069236652
AT2017yk,0.04764,36.7582,0.280677,36.545825,0.21237527,36.545825,0.21237527
PS15aii,0.04768,36.5946,0.145385,36.547706,0.046893626,36.547706,0.046893626
ASASSN-15pm,0.04777,36.3735,0.154741,36.551934,-0.17843447,36.551934,-0.17843447
ATLAS16agv,0.04777,36.4976,0.165873,36.551934,-0.054334467,36.551934,-0.054334467
PS17akj,0.0478,36.5627,0.208806,36.553342,0.0093578877,36.553342,0.0093578877
AT2016gmg,0.04839,36.641,0.181462,36.580853,0.060147079,36.580853,0.060147079
1995ac,0.04867,36.3303,0.135835,36.593795,-0.26349518,36.593795,-0.26349518
PS16el,0.04896,36.4691,0.176995,36.607124,-0.13802373,36.607124,-0.13802373
2006cq,0.04928,36.5828,0.168097,36.621742,-0.038942489,36.621742,-0.038942489
2007kh,0.04944,36.5403,0.453411,36.629017,-0.088717372,36.629017,-0.088717372
PS15asb,0.04952,36.4714,0.18553,36.632646,-0.16124625,36.632646,-0.16124625
ASASSN-17eb,0.0497,36.4621,0.201896,36.64079,-0.1786905,36.64079,-0.1786905
1998dx,0.0498,36.5693,0.155812,36.645303,-0.076002721,36.645303,-0.076002721
AT2016cor,0.04995,36.8523,0.302557,36.652055,0.20024539,36.652055,0.20024539
PS16dnp,0.04998,36.8583,0.163226,36.653403,0.20489737,36.653403,0.20489737
1990af,0.05018,36.5997,0.202684,36.662369,-0.062669419,36.662369,-0.062669419
1993ag,0.05019,36.6402,0.244395,36.662817,-0.022616849,36.662817,-0.022616849
PS15brr,0.05063,36.5461,0.190961,36.682419,-0.13631866,36.682419,-0.13631866
2008hu,0.05071,36.7036,0.133364,36.685965,0.017635123,36.685965,0.017635123
PS16fbb,0.05139,36.8804,0.16836,36.715891,0.16450937,36.715891,0.16450937
1993O,0.05148,36.7759,0.228182,36.719823,0.056077394,36.719823,0.056077394
ASASSN-16hc,0.05165,36.5862,0.156832,36.727232,-0.14103153,36.727232,-0.14103153
2003ic,0.05196,36.393,0.201448,36.740681,-0.3476813,36.740681,-0.3476813
AT2016htn,0.05229,36.8411,0.218249,36.754914,0.086186352,36.754914,0.086186352
2006ot,0.05232,36.8679,0.208308,36.756203,0.11169682,36.756203,0.11169682
2006ot,0.05232,36.5433,0.298829,36.756203,-0.21290318,36.756203,-0.21290318
PS16n,0.05268,36.7752,0.161766,36.771622,0.0035780371,36.771622,0.0035780371
2010dt,0.05291,36.8474,0.172204,36.78142,0.065980478,36.78142,0.065980478
PS16evk,0.0532,36.9144,0.207509,36.793714,0.12068564,36.793714,0.12068564
PS16bby,0.0543,36.8327,0.178902,36.839768,-0.0070675327,36.839768,-0.0070675327
2006lu,0.05449,36.8631,0.133817,36.847631,0.015469379,36.847631,0.015469379
PS16ayd,0.05485,36.8581,0.149593,36.862457,-0.0043566311,36.862457,-0.0043566311
490007,0.05513,36.8676,0.194374,36.873923,-0.0063230384,36.873923,-0.0063230384
SN2017cpu,0.05529,36.6433,0.175423,36.88045,-0.23715001,36.88045,-0.23715001
2005hj,0.05631,36.9903,0.171451,36.921635,0.068665006,36.921635,0.068665006
AT2017oz,0.05641,36.8109,0.193162,36.925634,-0.11473384,36.925634,-0.11473384
2006py,0.05658,36.9098,0.185051,36.932416,-0.022616179,36.932416,-0.022616179
PS16aer,0.05668,37.0393,0.176308,36.936397,0.1029034,36.936397,0.1029034
2008eq,0.0568,37.0687,0.221323,36.941164,0.12753585,36.941164,0.12753585
SN2016gmb,0.05708,36.9545,0.182842,36.952251,0.0022493146,36.952251,0.0022493146
2006ob,0.0576,36.9821,0.138149,36.972701,0.0093987295,36.972701,0.0093987295
2006ob,0.0576,36.9324,0.14674,36.972701,-0.04030127,36.972701,-0.04030127
2001ah,0.05837,36.9802,0.215566,37.002659,-0.022458633,37.002659,-0.022458633
2001ah,0.05837,37.146,0.252804,37.002659,0.14334137,37.002659,0.14334137
LSQ13crf,0.05934,36.3001,0.617516,37.039859,-0.73975858,37.039859,-0.73975858
SN2016hhv,0.06067,37.1383,0.198009,37.089922,0.048378253,37.089922,0.048378253
SN2017cjv,0.06079,37.032,0.17759,37.094387,-0.062386515,37.094387,-0.062386515
2008go,0.06116,36.9608,0.196145,37.1081,-0.14729956,37.1081,-0.14729956
2008go,0.06116,36.9691,0.141986,37.1081,-0.13899956,37.1081,-0.13899956
2008bz,0.0613,37.1925,0.16057,37.113267,0.079232572,37.113267,0.079232572
2008bz,0.0613,37.1631,0.123921,37.113267,0.049832572,37.113267,0.049832572
2006oa,0.06142,37.0747,0.183316,37.117688,-0.042987976,37.117688,-0.042987976
1992bs,0.0637,37.3517,0.206518,37.200133,0.15156656,37.200133,0.15156656
PS16bnz,0.06398,37.0786,0.154429,37.210062,-0.13146161,37.210062,-0.13146161
SN2016aqb,0.06419,37.0197,0.155855,37.21748,-0.19778032,37.21748,-0.19778032
2007ae,0.06485,37.0851,0.153034,37.240645,-0.15554502,37.240645,-0.15554502
PS15cms,0.06603,37.3617,0.203312,37.281501,0.080199271,37.281501,0.080199271
6057,0.06652,37.1627,0.296189,37.29826,-0.13556013,37.29826,-0.13556013
SN2016ixf,0.06723,37.4237,0.194412,37.322335,0.10136538,37.322335,0.10136538
AT2016aj,0.06731,37.2344,0.203006,37.325032,-0.090631899,37.325032,-0.090631899
PS15bjg,0.06758,37.4935,0.190499,37.334112,0.15938751,37.334112,0.15938751
CSS160129,0.06841,37.2381,0.191221,37.36181,-0.12371006,37.36181,-0.12371006
2006al,0.06908,37.4213,0.159324,37.383934,0.037366284,37.383934,0.037366284
PTSS17-niq,0.0691,37.2817,0.174144,37.384591,-0.10289095,37.384591,-0.10289095
2008Y,0.07028,37.2775,0.212322,37.423048,-0.14554776,37.423048,-0.14554776
2008Y,0.07028,37.2961,0.226908,37.423048,-0.12694776,37.423048,-0.12694776
PS17yt,0.07046,37.4787,0.176182,37.428859,0.049840544,37.428859,0.049840544
470043,0.07061,37.7291,0.501827,37.433692,0.29540834,37.433692,0.29540834
2006on,0.07068,37.4543,0.24781,37.435943,0.018356687,37.435943,0.018356687
ATLAS16bwu,0.07074,37.3712,0.228257,37.437872,-0.066671599,37.437872,-0.066671599
1993B,0.07076,37.2944,0.277681,37.438514,-0.14411401,37.438514,-0.14411401
PS15bdr,0.07094,37.3552,0.196012,37.444288,-0.089087897,37.444288,-0.089087897
PS16em,0.07113,37.4814,0.447068,37.450367,0.031032689,37.450367,0.031032689
370566,0.07134,37.4155,0.208957,37.457069,-0.041568551,37.457069,-0.041568551
PS15bwh,0.07149,37.2494,0.16107,37.461844,-0.21244357,37.461844,-0.21244357
PS15mt,0.07193,37.5618,0.180815,37.475795,0.086005,37.475795,0.086005
2007jd,0.07196,37.6319,0.199695,37.476743,0.15515675,37.476743,0.15515675
PS15atx,0.07301,37.6225,0.304764,37.509695,0.1128048,37.509695,0.1128048
Gaia16aki,0.07398,37.5535,0.176502,37.539735,0.013765007,37.539735,0.013765007
PS17bii,0.07467,37.4501,0.192118,37.560874,-0.11077447,37.560874,-0.11077447
1992ae,0.07478,37.4346,0.222054,37.564227,-0.12962721,37.564227,-0.12962721
2005ir,0.0749,37.5656,0.154994,37.567879,-0.0022793643,37.567879,-0.0022793643
7876,0.0749,37.4763,0.179761,37.567879,-0.091579364,37.567879,-0.091579364
2010hs,0.07514,37.8142,0.289148,37.575167,0.23903313,37.575167,0.23903313
AT2016gsu,0.07529,37.5461,0.217171,37.57971,-0.033610236,37.57971,-0.033610236
370333,0.07557,37.6342,0.198325,37.588168,0.046031972,37.588168,0.046031972
Gaia16acv,0.07833,37.8315,0.146078,37.669968,0.16153244,37.669968,0.16153244
2007hx,0.07849,38.0942,0.180119,37.674625,0.41957548,37.674625,0.41957548
17186,0.07849,38.0154,0.239252,37.674625,0.34077548,37.674625,0.34077548
PS15bif,0.07855,37.5715,0.150392,37.676369,-0.10486853,37.676369,-0.10486853
560033,0.07869,37.5988,0.503338,37.680433,-0.081632947,37.680433,-0.081632947
12779,0.07891,37.7843,0.238199,37.686806,0.097494076,37.686806,0.097494076
PS15bzz,0.07901,37.53,0.147217,37.689697,-0.15969711,37.689697,-0.15969711
350316,0.07966,37.6003,0.157805,37.708405,-0.10810492,37.708405,-0.10810492
2005ag,0.08024,37.6668,0.119289,37.724975,-0.05817516,37.724975,-0.05817516
12950,0.08141,37.7215,0.219648,37.758056,-0.036555556,37.758056,-0.036555556
130308,0.08221,37.8192,0.217606,37.780414,0.038786013,37.780414,0.038786013
12898,0.08255,37.6774,0.265638,37.789853,-0.11245341,37.789853,-0.11245341
12781,0.08282,37.9939,0.195118,37.797323,0.196577,37.797323,0.196577
SN2016glp,0.08366,37.9686,0.221594,37.820414,0.14818619,37.820414,0.14818619
3592,0.08544,37.8406,0.128563,37.868621,-0.028021297,37.868621,-0.028021297
SN2016grz,0.08656,37.8484,0.21681,37.898465,-0.050065061,37.898465,-0.050065061
1241,0.08848,37.7772,0.253181,37.948779,-0.17157899,37.948779,-0.17157899
590194,0.09015,37.9202,0.21704,37.991702,-0.071502193,37.991702,-0.071502193
370066,0.09066,38.0269,0.167553,38.00466,0.022240499,38.00466,0.022240499
300105,0.09181,38.1602,0.266341,38.033624,0.12657601,38.033624,0.12657601
iPTF17dz,0.09284,38.2226,0.493293,38.059274,0.16332572,38.059274,0.16332572
010010,0.09968,38.4377,0.194713,38.223044,0.21465614,38.223044,0.21465614
160099,0.10142,38.2982,0.165557,38.262999,0.035200926,38.262999,0.035200926
140181,0.10231,38.2511,0.199553,38.283185,-0.032085087,38.283185,-0.032085087
000190,0.10237,38.4085,0.187412,38.28454,0.12396006,38.28454,0.12396006
100405,0.10298,38.1815,0.18625,38.298272,-0.11677167,38.298272,-0.11677167
13135,0.10338,38.3338,0.12638,38.307234,0.026565742,38.307234,0.026565742
20064,0.10351,38.2079,0.196456,38.31014,-0.10224002,38.31014,-0.10224002
13038,0.10485,38.4295,0.236183,38.339892,0.089608356,38.339892,0.089608356
18697,0.10638,38.2611,0.195537,38.373424,-0.11232419,38.373424,-0.11232419
20625,0.10684,38.4624,0.151122,38.383417,0.078983472,38.383417,0.078983472
3256,0.10694,38.4295,0.210466,38.385583,0.043916619,38.385583,0.043916619
120225,0.10728,38.7801,0.468541,38.392936,0.38716365,38.392936,0.38716365
21034,0.10751,38.4984,0.180059,38.397898,0.10050209,38.397898,0.10050209
500038,0.1081,38.4017,0.187108,38.41058,-0.0088795687,38.41058,-0.0088795687
7147,0.10886,38.4016,0.133183,38.426819,-0.025219007,38.426819,-0.025219007
020027,0.10988,38.5701,0.179741,38.448446,0.12165385,38.448446,0.12165385
18650,0.11243,38.6214,0.163201,38.501694,0.11970625,38.501694,0.11970625
18612,0.11365,38.3876,0.194923,38.526766,-0.13916626,38.526766,-0.13916626
8719,0.11628,38.5408,0.159897,38.579962,-0.03916177,38.579962,-0.03916177
5395,0.11635,38.6302,0.185742,38.581362,0.048837969,38.581362,0.048837969
2561,0.11741,38.5727,0.239635,38.602469,-0.029769279,38.602469,-0.029769279
16259,0.11771,38.6088,0.214419,38.60841,0.00038964521,38.60841,0.00038964521
1371,0.11797,38.4157,0.127058,38.613548,-0.19784773,38.613548,-0.19784773
000137,0.11878,38.5629,0.212381,38.629484,-0.066584384,38.629484,-0.066584384
5549,0.11992,38.5958,0.200195,38.651741,-0.055940812,38.651741,-0.055940812
12860,0.12042,38.7926,0.252257,38.661439,0.13116053,38.661439,0.13116053
490008,0.12067,38.6348,0.302627,38.666275,-0.031474561,38.666275,-0.031474561
19953,0.1219,38.5945,0.157915,38.689926,-0.095426422,38.689926,-0.095426422
390259,0.12208,38.6119,0.231142,38.693369,-0.081468772,38.693369,-0.081468772
18835,0.12262,38.6853,0.144584,38.703667,-0.018367174,38.703667,-0.018367174
2916,0.12303,38.5967,0.274641,38.711458,-0.11475781,38.711458,-0.11475781
16021,0.12336,38.6164,0.162163,38.717711,-0.10131056,38.717711,-0.10131056
13894,0.12356,38.8009,0.333367,38.721492,0.079407569,38.721492,0.079407569
570062,0.12363,38.8242,0.150324,38.722815,0.10138528,38.722815,0.10138528
6406,0.12377,38.6504,0.145797,38.725457,-0.075057193,38.725457,-0.075057193
19543,0.12384,38.835,0.221531,38.726777,0.10822263,38.726777,0.10822263
13044,0.12455,38.7616,0.12587,38.740128,0.021471859,38.740128,0.021471859
15459,0.12542,39.1417,0.298944,38.75639,0.38530992,38.75639,0.38530992
2992,0.12608,38.4956,0.293348,38.768656,-0.27305597,38.768656,-0.27305597
16069,0.12688,38.8125,0.259679,38.783443,0.029057129,38.783443,0.029057129
744,0.12694,38.6849,0.280884,38.784548,-0.099648345,38.784548,-0.099648345
14871,0.12705,38.7429,0.159508,38.786574,-0.04367377,38.786574,-0.04367377
18855,0.12716,38.7841,0.176913,38.788598,-0.0044975445,38.788598,-0.0044975445
22075,0.129,38.7547,0.150979,38.822208,-0.067507563,38.822208,-0.067507563
1032,0.12904,38.8403,0.212795,38.822933,0.017366809,38.822933,0.017366809
5751,0.12929,38.833,0.250442,38.827464,0.0055364266,38.827464,0.0055364266
18415,0.1294,38.8429,0.142748,38.829454,0.01344567,38.829454,0.01344567
18809,0.13153,38.802,0.134576,38.867692,-0.065691862,38.867692,-0.065691862
151034,0.13269,38.7841,0.122177,38.888272,-0.1041717,38.888272,-0.1041717
1334084,0.13349,38.8266,0.283718,38.902366,-0.075766336,38.902366,-0.075766336
15508,0.13353,38.8434,0.157696,38.903069,-0.05966898,38.903069,-0.05966898
14108,0.13463,39.2366,0.199357,38.922315,0.31428544,38.922315,0.31428544
15234,0.13514,39.0775,0.31333,38.931187,0.1463126,38.931187,0.1463126
000014,0.13599,38.9771,0.206627,38.945906,0.031194233,38.945906,0.031194233
17629,0.1364,38.8475,0.195569,38.952974,-0.10547433,38.952974,-0.10547433
19775,0.13687,39.0095,0.224296,38.961053,0.048447202,38.961053,0.048447202
18602,0.13696,38.9616,0.259136,38.962597,-0.00099676397,38.962597,-0.00099676397
21062,0.13729,39.3511,0.230391,38.96825,0.38285017,38.96825,0.38285017
17366,0.13811,38.8857,0.128482,38.982242,-0.096541765,38.982242,-0.096541765
15171,0.13818,38.9503,0.15974,38.983433,-0.033132581,38.983433,-0.033132581
190340,0.13824,39.0229,0.12425,38.984453,0.038447171,38.984453,0.038447171
20084,0.13834,39.0401,0.319084,38.986152,0.053947681,38.986152,0.053947681
190230,0.13864,39.0467,0.130742,38.991244,0.055456126,38.991244,0.055456126
12928,0.13868,38.9999,0.176022,38.991922,0.007978034,38.991922,0.007978034
090275,0.13959,39.0213,0.145767,39.007299,0.014000853,39.007299,0.014000853
1794,0.1407,39.1775,0.184019,39.025929,0.151571,39.025929,0.151571
17208,0.14084,39.2835,0.203514,39.028269,0.25523109,39.028269,0.25523109
340229,0.14108,39.0407,0.212429,39.032275,0.0084248993,39.032275,0.0084248993
1317666,0.1412,39.1237,0.260864,39.034276,0.089424202,39.034276,0.089424202
2635,0.14311,39.047,0.160602,39.065907,-0.01890723,39.065907,-0.01890723
17568,0.14335,39.5154,0.37065,39.069854,0.44554619,39.069854,0.44554619
190260,0.14344,39.1135,0.129494,39.071332,0.042167822,39.071332,0.042167822
17497,0.14388,39.0756,0.170594,39.078547,-0.0029472572,39.078547,-0.0029472572
8921,0.1441,39.016,0.24096,39.082147,-0.066147039,39.082147,-0.066147039
17605,0.14533,39.1518,0.210163,39.102179,0.049621391,39.102179,0.049621391
1296657,0.14624,39.1857,0.207408,39.116897,0.068803351,39.116897,0.068803351
440008,0.14656,39.158,0.187578,39.122052,0.035948177,39.122052,0.035948177
13796,0.14729,38.9672,0.171803,39.133773,-0.16657268,39.133773,-0.16657268
1316385,0.14741,39.0154,0.197495,39.135694,-0.12029418,39.135694,-0.12029418
180166,0.14757,39.161,0.170177,39.138254,0.022746092,39.138254,0.022746092
14024,0.14759,39.134,0.188785,39.138574,-0.0045736903,39.138574,-0.0045736903
14437,0.14792,39.0382,0.157931,39.143844,-0.10564425,39.143844,-0.10564425
1293758,0.14812,39.2285,0.184985,39.147033,0.081466835,39.147033,0.081466835
1255502,0.14819,39.0239,0.142683,39.148148,-0.12424833,39.148148,-0.12424833
13736,0.14882,39.1606,0.17494,39.158163,0.0024373148,39.158163,0.0024373148
2308,0.14923,39.1104,0.175216,39.164659,-0.054258645,39.164659,-0.054258645
000038,0.15036,39.1058,0.170038,39.182476,-0.076675971,39.182476,-0.076675971
460003,0.15067,39.1687,0.134119,39.187342,-0.018641983,39.187342,-0.018641983
2031,0.15186,39.0477,0.158769,39.205935,-0.15823451,39.205935,-0.15823451
18323,0.15272,39.3239,0.173198,39.219286,0.10461361,39.219286,0.10461361
15132,0.15304,39.2175,0.127754,39.224237,-0.0067365642,39.224237,-0.0067365642
18740,0.15317,39.0991,0.159928,39.226245,-0.12714481,39.226245,-0.12714481
19353,0.15325,39.2564,0.179373,39.22748,0.028920147,39.22748,0.028920147
16073,0.15339,39.3639,0.175468,39.22964,0.13426027,39.22964,0.13426027
5550,0.15493,39.2076,0.167881,39.253277,-0.045677406,39.253277,-0.045677406
16116,0.15509,39.278,0.157843,39.255721,0.022279357,39.255721,0.022279357
18030,0.15518,39.3994,0.175858,39.257094,0.14230607,39.257094,0.14230607
19940,0.15591,38.9704,0.179204,39.268205,-0.29780533,39.268205,-0.29780533
13354,0.15654,39.2087,0.210288,39.277756,-0.069055558,39.277756,-0.069055558
16206,0.15838,39.0794,0.163715,39.305444,-0.22604382,39.305444,-0.22604382
440042,0.15906,39.4267,0.283686,39.3156,0.11109965,39.3156,0.11109965
14782,0.15922,38.9503,0.143914,39.317984,-0.36768422,39.317984,-0.36768422
15425,0.15935,39.0908,0.143045,39.319919,-0.22911947,39.319919,-0.22911947
3317,0.15991,39.2286,0.167715,39.328239,-0.099639068,39.328239,-0.099639068
1299775,0.16009,39.0428,0.270648,39.330907,-0.28810744,39.330907,-0.28810744
2689,0.16036,39.2057,0.217053,39.334905,-0.12920475,39.334905,-0.12920475
390627,0.16045,39.4242,0.26036,39.336236,0.087964218,39.336236,0.087964218
5103,0.1606,39.2162,0.20927,39.338453,-0.12225263,39.338453,-0.12225263
120336,0.16134,39.3106,0.246322,39.349361,-0.038760807,39.349361,-0.038760807
17825,0.1622,39.3252,0.224064,39.361979,-0.036779279,39.361979,-0.036779279
19174,0.16357,39.2807,0.200998,39.381952,-0.10125224,39.381952,-0.10125224
3087,0.16431,39.2634,0.199319,39.392676,-0.12927562,39.392676,-0.12927562
19616,0.16455,39.3293,0.139452,39.396144,-0.066843789,39.396144,-0.066843789
20764,0.16478,39.3182,0.150918,39.399463,-0.081263018,39.399463,-0.081263018
20430,0.16593,39.4938,0.241887,39.415995,0.077805483,39.415995,0.077805483
12843,0.16595,39.1817,0.193496,39.416281,-0.23458107,39.416281,-0.23458107
12853,0.16817,39.2757,0.165826,39.44789,-0.17219008,39.44789,-0.17219008
350233,0.16935,39.5155,0.182871,39.464533,0.050966971,39.464533,0.050966971
17389,0.1696,39.6721,0.274897,39.468045,0.20405482,39.468045,0.20405482
12856,0.17029,39.4742,0.132684,39.477714,-0.0035136906,39.477714,-0.0035136906
590005,0.17137,39.5424,0.275502,39.492774,0.049626137,39.492774,0.049626137
310039,0.17156,39.4603,0.214715,39.495414,-0.035114173,39.495414,-0.035114173
19282,0.17239,39.5021,0.177409,39.506916,-0.0048162581,39.506916,-0.0048162581
1303279,0.17274,39.2676,0.152344,39.511751,-0.24415105,39.511751,-0.24415105
100090,0.17282,39.7263,0.252568,39.512855,0.21344513,39.512855,0.21344513
3080,0.17315,39.3871,0.131849,39.517403,-0.13030306,39.517403,-0.13030306
15897,0.17357,39.5403,0.18318,39.52318,0.017120004,39.52318,0.017120004
120143,0.1736,39.3493,0.151501,39.523592,-0.17429213,39.523592,-0.17429213
15648,0.17383,39.5986,0.318528,39.52675,0.071850339,39.52675,0.071850339
14421,0.174,39.5734,0.137128,39.529081,0.044319019,39.529081,0.044319019
16165,0.17405,39.3317,0.154309,39.529766,-0.19806626,39.529766,-0.19806626
15583,0.17427,39.5546,0.230974,39.532779,0.021820697,39.532779,0.021820697
19969,0.17428,39.4849,0.162645,39.532916,-0.048016176,39.532916,-0.048016176
5350,0.17431,39.5053,0.183971,39.533327,-0.028026748,39.533327,-0.028026748
18604,0.17483,39.7434,0.182014,39.540433,0.20296711,39.540433,0.20296711
14979,0.17654,39.5164,0.135467,39.563663,-0.047262983,39.563663,-0.047262983
17218,0.17697,39.5095,0.175623,39.569471,-0.059971451,39.569471,-0.059971451
14451,0.17729,39.4771,0.138264,39.573785,-0.096685498,39.573785,-0.096685498
17220,0.17769,39.3394,0.257355,39.579168,-0.23976786,39.579168,-0.23976786
370428,0.1778,39.6477,0.131546,39.580646,0.06705397,39.580646,0.06705397
5635,0.17839,39.9669,0.207864,39.58856,0.37834012,39.58856,0.37834012
6936,0.1789,39.641,0.157339,39.595381,0.045618978,39.595381,0.045618978
300179,0.17896,39.7672,0.201468,39.596182,0.17101768,39.596182,0.17101768
13045,0.17916,39.5355,0.229828,39.598851,-0.063351498,39.598851,-0.063351498
1347120,0.17955,39.5509,0.280575,39.604048,-0.05314842,39.604048,-0.05314842
2372,0.17959,39.5519,0.174634,39.604581,-0.052680842,39.604581,-0.052680842
1303496,0.17979,39.5962,0.208929,39.607241,-0.011041299,39.607241,-0.011041299
13254,0.1799,39.9979,0.268081,39.608703,0.38919662,39.608703,0.38919662
14284,0.18037,39.3688,0.13762,39.614941,-0.24614106,39.614941,-0.24614106
420159,0.18059,39.5035,0.133745,39.617856,-0.11435562,39.617856,-0.11435562
330023,0.18064,39.7166,0.179158,39.618518,0.09808244,39.618518,0.09808244
350548,0.18067,39.6391,0.133983,39.618915,0.020185358,39.618915,0.020185358
360112,0.18071,39.6151,0.246207,39.619444,-0.0043439889,39.619444,-0.0043439889
17215,0.1808,39.6213,0.207991,39.620635,0.00066538005,39.620635,0.00066538005
15443,0.18123,39.4868,0.134057,39.626316,-0.13951558,39.626316,-0.13951558
370595,0.18138,39.6585,0.225961,39.628294,0.030205645,39.628294,0.030205645
1339392,0.18148,39.3953,0.235174,39.629613,-0.23431269,39.629613,-0.23431269
17332,0.18203,39.5863,0.201062,39.636851,-0.05055147,39.636851,-0.05055147
1580,0.18216,39.5259,0.149858,39.638559,-0.11265948,39.638559,-0.11265948
1250017,0.18217,39.6885,0.152439,39.638691,0.049809185,39.638691,0.049809185
15453,0.18243,39.7821,0.177319,39.642103,0.13999675,39.642103,0.13999675
17391,0.18345,39.5995,0.294191,39.655447,-0.055946889,39.655447,-0.055946889
17168,0.18376,39.752,0.19743,39.659489,0.092511382,39.659489,0.092511382
1257695,0.18383,39.68,0.151568,39.6604,0.019599613,39.6604,0.019599613
20048,0.18388,39.796,0.218377,39.661051,0.13494855,39.661051,0.13494855
15421,0.18443,39.7891,0.142656,39.668202,0.12089768,39.668202,0.12089768
1296321,0.18444,39.9384,0.282465,39.668332,0.27006785,39.668332,0.27006785
8213,0.18468,39.6548,0.27682,39.671446,-0.016646145,39.671446,-0.016646145
15461,0.18482,39.613,0.134864,39.673261,-0.060260904,39.673261,-0.060260904
1336453,0.18492,39.7435,0.159325,39.674556,0.068943623,39.674556,0.068943623
6422,0.18501,39.6347,0.160441,39.675722,-0.041021744,39.675722,-0.041021744
16281,0.18507,39.5427,0.172189,39.676498,-0.13379836,39.676498,-0.13379836
370563,0.18538,39.7882,0.139358,39.680507,0.10769284,39.680507,0.10769284
15365,0.18651,39.7559,0.144508,39.695067,0.06083278,39.695067,0.06083278
18807,0.18714,39.7694,0.13671,39.703149,0.066250846,39.703149,0.066250846
5994,0.18801,39.7451,0.191467,39.714268,0.03083162,39.714268,0.03083162
12927,0.18892,39.4384,0.149571,39.725848,-0.2874477,39.725848,-0.2874477
16100,0.18893,39.8089,0.256269,39.725975,0.08292534,39.725975,0.08292534
18787,0.18915,40.1408,0.200523,39.728766,0.41203387,39.728766,0.41203387
18749,0.18931,39.7413,0.209197,39.730794,0.010505614,39.730794,0.010505614
1273127,0.18937,39.9359,0.228953,39.731555,0.20434543,39.731555,0.20434543
440643,0.18955,39.7624,0.238646,39.733834,0.028566213,39.733834,0.028566213
6304,0.18979,39.7286,0.224725,39.73687,-0.0082696077,39.73687,-0.0082696077
762,0.19009,39.8807,0.15799,39.740659,0.14004064,39.740659,0.14004064
20687,0.19026,39.6892,0.294972,39.742804,-0.053604423,39.742804,-0.053604423
2440,0.1903,39.9182,0.154841,39.743309,0.17489112,39.743309,0.17489112
16276,0.19397,39.7983,0.218857,39.789178,0.0091215237,39.789178,0.0091215237
2246,0.19422,39.8787,0.222002,39.792274,0.086426339,39.792274,0.086426339
20821,0.19534,40.1343,0.403955,39.806095,0.32820524,39.806095,0.32820524
14984,0.19549,39.9082,0.195934,39.80794,0.1002598,39.80794,0.1002598
15674,0.19555,39.958,0.212325,39.808678,0.14932199,39.808678,0.14932199
1253920,0.19556,39.7111,0.156617,39.808801,-0.097700954,39.808801,-0.097700954
000236,0.19602,39.7288,0.124812,39.81445,-0.085650227,39.81445,-0.085650227
15129,0.19611,39.7747,0.157962,39.815554,-0.040854077,39.815554,-0.040854077
1298893,0.19616,39.8397,0.254651,39.816167,0.023532876,39.816167,0.023532876
1334620,0.19624,39.8927,0.29342,39.817148,0.075552304,39.817148,0.075552304
13070,0.19719,39.8018,0.14158,39.828764,-0.026963665,39.828764,-0.026963665
18804,0.19726,39.6932,0.130873,39.829618,-0.13641752,39.829618,-0.13641752
1302058,0.19786,39.492,0.189171,39.836925,-0.34492473,39.836925,-0.34492473
15222,0.19801,39.7561,0.182544,39.838748,-0.082648317,39.838748,-0.082648317
1316431,0.19815,39.8879,0.174409,39.840449,0.04745083,39.840449,0.04745083
13370,0.19846,40.3246,0.238597,39.844211,0.48038863,39.844211,0.48038863
360145,0.1986,39.8881,0.211487,39.845909,0.042191357,39.845909,0.042191357
19658,0.19863,39.889,0.174502,39.846272,0.042727801,39.846272,0.042727801
18768,0.19892,40.0216,0.217638,39.849784,0.17181606,39.849784,0.17181606
500504,0.19948,39.6764,0.246154,39.856552,-0.18015179,39.856552,-0.18015179
110460,0.19956,39.8511,0.254227,39.857517,-0.0064171865,39.857517,-0.0064171865
560150,0.19957,39.8965,0.17155,39.857638,0.038862165,39.857638,0.038862165
19101,0.20062,39.6837,0.194976,39.870275,-0.18657481,39.870275,-0.18657481
470232,0.20068,39.9838,0.252956,39.870995,0.11280494,39.870995,0.11280494
370308,0.20074,39.7672,0.316127,39.871715,-0.10451512,39.871715,-0.10451512
590002,0.20139,39.8575,0.216953,39.879503,-0.022002909,39.879503,-0.022002909
13152,0.20216,39.6184,0.198124,39.888698,-0.27029828,39.888698,-0.27029828
19913,0.20237,39.9949,0.159703,39.8912,0.10369954,39.8912,0.10369954
6780,0.20268,39.8373,0.184965,39.89489,-0.057589747,39.89489,-0.057589747
14212,0.20308,39.9658,0.146626,39.899642,0.066157622,39.899642,0.066157622
15203,0.20314,39.8822,0.166845,39.900355,-0.018154522,39.900355,-0.018154522
16032,0.20318,39.9277,0.173799,39.900829,0.026870824,39.900829,0.026870824
7243,0.20323,39.9335,0.216127,39.901422,0.032077628,39.901422,0.032077628
15901,0.20368,39.9041,0.171481,39.906755,-0.0026550405,39.906755,-0.0026550405
18965,0.20454,39.8809,0.160012,39.916916,-0.036015983,39.916916,-0.036015983
110033,0.20471,39.8427,0.202322,39.91892,-0.076219841,39.91892,-0.076219841
17801,0.20515,40.1661,0.227714,39.924099,0.24200087,39.924099,0.24200087
15872,0.20549,39.8126,0.174944,39.928094,-0.11549424,39.928094,-0.11549424
1327978,0.20699,39.9225,0.279831,39.945647,-0.023146766,39.945647,-0.023146766
15201,0.20736,40.316,0.333666,39.949958,0.36604178,39.949958,0.36604178
1283373,0.20754,40.0725,0.148972,39.952053,0.1204469,39.952053,0.1204469
20376,0.20831,39.7299,0.272182,39.960996,-0.23109553,39.960996,-0.23109553
15467,0.20847,39.8758,0.146778,39.96285,-0.087049845,39.96285,-0.087049845
200132,0.20856,40.1034,0.239508,39.963892,0.13950768,39.963892,0.13950768
15259,0.20857,39.8639,0.197696,39.964008,-0.10010812,39.964008,-0.10010812
140152,0.20864,39.8798,0.15965,39.964819,-0.085018606,39.964819,-0.085018606
16482,0.20937,39.8413,0.262138,39.973256,-0.1319558,39.973256,-0.1319558
550154,0.21003,40.1479,0.148877,39.98086,0.16703953,39.98086,0.16703953
19149,0.21023,39.4543,0.186032,39.983161,-0.52886054,39.983161,-0.52886054
460105,0.21071,39.9632,0.223017,39.988672,-0.025472412,39.988672,-0.025472412
14157,0.21083,39.806,0.155718,39.990049,-0.18404856,39.990049,-0.18404856
18940,0.21099,39.9552,0.163264,39.991882,-0.036682292,39.991882,-0.036682292
1257366,0.21137,40.1415,0.266119,39.996232,0.14526776,39.996232,0.14526776
7847,0.2116,39.9676,0.230498,39.998862,-0.031261574,39.998862,-0.031261574
17811,0.21186,39.9136,0.194498,40.001831,-0.088230674,40.001831,-0.088230674
18927,0.21214,39.9374,0.243726,40.005024,-0.067624385,40.005024,-0.067624385
13305,0.21339,40.0218,0.16528,40.019234,0.0025655362,40.019234,0.0025655362
8495,0.21353,40.0084,0.19033,40.020821,-0.012421178,40.020821,-0.012421178
6933,0.21383,39.8874,0.197488,40.024218,-0.13681803,40.024218,-0.13681803
110567,0.21442,40.0179,0.298904,40.030886,-0.012985622,40.030886,-0.012985622
1249851,0.21511,39.8825,0.477887,40.038662,-0.15616175,40.038662,-0.15616175
14019,0.21513,40.4641,0.22943,40.038887,0.4252132,40.038887,0.4252132
1316,0.21566,40.2253,0.258716,40.044844,0.18045646,40.044844,0.18045646
100206,0.21653,39.8253,0.141535,40.054592,-0.22929221,40.054592,-0.22929221
17435,0.21674,40.0672,0.190384,40.05694,0.010260114,40.05694,0.010260114
7473,0.21677,40.0932,0.185301,40.057275,0.035924903,40.057275,0.035924903
20364,0.21729,40.1395,0.269611,40.063079,0.076421419,40.063079,0.076421419
13641,0.21781,39.9942,0.174837,40.068869,-0.074669193,40.068869,-0.074669193
1290816,0.21848,40.2216,0.204417,40.076311,0.14528871,40.076311,0.14528871
1304678,0.21884,40.1416,0.247596,40.080301,0.061298711,40.080301,0.061298711
9467,0.21885,40.1925,0.240729,40.080412,0.11208796,40.080412,0.11208796
1342255,0.21886,40.0296,0.130815,40.080523,-0.050922777,40.080523,-0.050922777
5533,0.21887,40.1292,0.218822,40.080634,0.048566486,40.080634,0.048566486
15433,0.21935,40.1098,0.160031,40.085943,0.023856626,40.085943,0.023856626
1302187,0.21943,40.0048,0.208962,40.086827,-0.082027302,40.086827,-0.082027302
18466,0.21967,40.0882,0.173376,40.089477,-0.001277295,40.089477,-0.001277295
14331,0.21976,40.2387,0.220195,40.09047,0.14822965,40.09047,0.14822965
000220,0.21982,40.0616,0.124319,40.091132,-0.029532177,40.091132,-0.029532177
19230,0.22005,39.9228,0.242946,40.093668,-0.17086763,40.093668,-0.17086763
7512,0.22055,40.1876,0.225274,40.099171,0.088428992,40.099171,0.088428992
15354,0.22069,40.0798,0.266821,40.10071,-0.020909881,40.10071,-0.020909881
370098,0.22141,40.0441,0.143254,40.10861,-0.064509805,40.10861,-0.064509805
480464,0.22141,40.0588,0.204756,40.10861,-0.049809805,40.10861,-0.049809805
1331123,0.22157,40.1937,0.166162,40.110362,0.083337893,40.110362,0.083337893
13025,0.22287,40.3257,0.281229,40.124556,0.20114379,40.124556,0.20114379
14846,0.22335,40.1511,0.167278,40.129778,0.021322299,40.129778,0.021322299
330083,0.22373,40.0162,0.172818,40.133904,-0.11770401,40.133904,-0.11770401
1304442,0.22451,40.1293,0.19721,40.142353,-0.013053468,40.142353,-0.013053468
550096,0.22451,39.9449,0.245775,40.142353,-0.19745347,40.142353,-0.19745347
1292560,0.22482,40.1126,0.160616,40.145704,-0.033104029,40.145704,-0.033104029
13727,0.22534,40.1329,0.188923,40.151315,-0.018414715,40.151315,-0.018414715
15229,0.22536,40.1856,0.197444,40.15153,0.034069729,40.15153,0.034069729
030066,0.22552,40.1491,0.174035,40.153254,-0.0041540788,40.153254,-0.0041540788
020096,0.22563,39.9865,0.175963,40.154439,-0.16793854,40.154439,-0.16793854
19992,0.22632,40.3912,0.201078,40.161856,0.22934386,40.161856,0.22934386
1315192,0.22714,40.097,0.228488,40.170644,-0.073644045,40.170644,-0.073644045
1315259,0.22806,40.2236,0.183395,40.180469,0.043131305,40.180469,0.043131305
180561,0.22853,40.1604,0.308241,40.185474,-0.025073637,40.185474,-0.025073637
13072,0.22917,40.2229,0.202405,40.192274,0.030626447,40.192274,0.030626447
3452,0.22967,40.1351,0.188066,40.197574,-0.062473748,40.197574,-0.062473748
21033,0.23006,40.1283,0.227444,40.2017,-0.073400479,40.2017,-0.073400479
000006,0.23044,40.3062,0.260109,40.205715,0.10048484,40.205715,0.10048484
040780,0.23066,40.0717,0.296847,40.208037,-0.13633665,40.208037,-0.13633665
19008,0.23075,40.1049,0.204707,40.208986,-0.10408576,40.208986,-0.10408576
360140,0.23083,40.2958,0.226289,40.209829,0.085970879,40.209829,0.085970879
17875,0.23111,40.3169,0.189753,40.212779,0.10412124,40.212779,0.10412124
430004,0.2315,40.201,0.226906,40.216882,-0.01588167,40.216882,-0.01588167
1302648,0.23171,40.0875,0.237265,40.219088,-0.13158828,40.219088,-0.13158828
1275946,0.23212,40.2045,0.159507,40.223391,-0.018891074,40.223391,-0.018891074
15369,0.23269,39.8341,0.180906,40.229361,-0.39526132,40.229361,-0.39526132
1292336,0.23356,40.1857,0.255059,40.238448,-0.052747722,40.238448,-0.052747722
350047,0.23364,40.4148,0.19637,40.239282,0.17551832,40.239282,0.17551832
12971,0.23381,40.1389,0.214099,40.241053,-0.10215295,40.241053,-0.10215295
1336687,0.23381,40.1788,0.292139,40.241053,-0.062252954,40.241053,-0.062252954
1279500,0.23471,40.2784,0.167703,40.25041,0.027989538,40.25041,0.027989538
110536,0.23475,40.1912,0.32799,40.250826,-0.059625579,40.250826,-0.059625579
1319366,0.23483,40.158,0.183242,40.251656,-0.093655616,40.251656,-0.093655616
1298281,0.23508,40.1629,0.275154,40.254248,-0.091347794,40.254248,-0.091347794
19341,0.23543,40.2336,0.214202,40.257873,-0.024272555,40.257873,-0.024272555
15287,0.2363,40.3805,0.155735,40.266861,0.11363892,40.266861,0.11363892
310574,0.23649,40.2636,0.156727,40.26882,-0.0052200164,40.26882,-0.0052200164
13511,0.23653,40.4674,0.193131,40.269232,0.19816776,40.269232,0.19816776
12881,0.23671,40.119,0.236651,40.271086,-0.15208643,40.271086,-0.15208643
16350,0.23684,40.2279,0.210237,40.272425,-0.04452476,40.272425,-0.04452476
1317277,0.23711,40.2245,0.203948,40.275202,-0.05070219,40.275202,-0.05070219
20768,0.23735,40.7365,0.305716,40.277669,0.45883144,40.277669,0.45883144
17884,0.23776,40.2317,0.172272,40.281877,-0.050176596,40.281877,-0.050176596
470008,0.23954,39.9059,0.208409,40.300068,-0.39416802,40.300068,-0.39416802
18486,0.23971,40.13,0.180786,40.301799,-0.17179885,40.301799,-0.17179885
510251,0.24004,40.3847,0.264226,40.305155,0.079544558,40.305155,0.079544558
580300,0.24072,40.4016,0.166736,40.312059,0.089541402,40.312059,0.089541402
510550,0.24106,40.3291,0.130654,40.315503,0.013596596,40.315503,0.013596596
17223,0.24151,40.172,0.261675,40.320056,-0.14805579,40.320056,-0.14805579
460064,0.24153,40.1214,0.184136,40.320258,-0.19885794,40.320258,-0.19885794
14481,0.24207,40.564,0.221356,40.32571,0.23828998,40.32571,0.23828998
20111,0.24267,40.4217,0.219858,40.331755,0.089945307,40.331755,0.089945307
480064,0.24271,40.5734,0.259119,40.332157,0.24124282,40.332157,0.24124282
20088,0.24316,40.2516,0.143114,40.336681,-0.085080913,40.336681,-0.085080913
13506,0.24341,40.538,0.306318,40.339191,0.19880925,40.339191,0.19880925
19023,0.24405,40.2956,0.242814,40.345605,-0.050005065,40.345605,-0.050005065
15466,0.24436,40.2064,0.221704,40.348706,-0.1423064,40.348706,-0.1423064
3377,0.24449,40.1263,0.186144,40.350006,-0.22370587,40.350006,-0.22370587
000174,0.24497,40.3336,0.209543,40.354798,-0.021198398,40.354798,-0.021198398
420407,0.24512,40.4957,0.181643,40.356294,0.13940572,40.356294,0.13940572
20039,0.24539,40.3582,0.219468,40.358985,-0.00078472591,40.358985,-0.00078472591
000010,0.24594,40.4318,0.167359,40.364457,0.067343203,40.364457,0.067343203
13835,0.24604,40.3473,0.149416,40.365451,-0.018150501,40.365451,-0.018150501
15219,0.24637,40.378,0.17135,40.368727,0.0092729271,40.368727,0.0092729271
12977,0.24643,40.2829,0.214739,40.369322,-0.086422376,40.369322,-0.086422376
05D3mq,0.24649,40.3907,0.15515,40.369918,0.020782454,40.369918,0.020782454
1334645,0.24701,40.1983,0.137434,40.37507,-0.17677007,40.37507,-0.17677007
3451,0.24835,40.203,0.17717,40.388302,-0.18530155,40.388302,-0.18530155
450082,0.24848,40.4276,0.195634,40.389582,0.038018314,40.389582,0.038018314
420087,0.24848,40.4912,0.215929,40.389582,0.10161831,40.389582,0.10161831
560152,0.24851,40.3657,0.261564,40.389877,-0.024177013,40.389877,-0.024177013
15161,0.24853,40.3256,0.178325,40.390074,-0.064473879,40.390074,-0.064473879
19990,0.24883,40.427,0.180619,40.393025,0.033974888,40.393025,0.033974888
120585,0.24899,40.3167,0.167358,40.394598,-0.077897757,40.394598,-0.077897757
3199,0.24961,40.6733,0.220606,40.400683,0.27261707,40.400683,0.27261707
16106,0.24973,40.2961,0.206796,40.401859,-0.10575908,40.401859,-0.10575908
15868,0.24974,40.3915,0.163714,40.401957,-0.010457072,40.401957,-0.010457072
520077,0.25004,40.5965,0.224495,40.404895,0.19160493,40.404895,0.19160493
390449,0.25008,40.3764,0.218218,40.405287,-0.028886555,40.405287,-0.028886555
13689,0.2503,40.4145,0.179616,40.407439,0.007061307,40.407439,0.007061307
5717,0.25037,40.5692,0.188725,40.408123,0.1610769,40.408123,0.1610769
500004,0.25052,40.3009,0.188277,40.409589,-0.10868908,40.409589,-0.10868908
16213,0.25077,40.3873,0.202604,40.412031,-0.02473058,40.412031,-0.02473058
17552,0.25191,40.4698,0.207347,40.423135,0.046664677,40.423135,0.046664677
310161,0.25247,40.4622,0.166497,40.428573,0.03362675,40.428573,0.03362675
9032,0.25249,40.4066,0.259149,40.428767,-0.022167255,40.428767,-0.022167255
000034,0.25319,40.3688,0.15705,40.435548,-0.066748482,40.435548,-0.066748482
17464,0.25345,40.0303,0.262822,40.438063,-0.4077628,40.438063,-0.4077628
5736,0.25394,40.4546,0.167762,40.442795,0.011805155,40.442795,0.011805155
1336480,0.25605,40.6458,0.194176,40.463075,0.18272451,40.463075,0.18272451
1112,0.25609,40.5593,0.271675,40.463458,0.095841544,40.463458,0.095841544
17340,0.25625,40.3729,0.207312,40.46499,-0.092089785,40.46499,-0.092089785
9457,0.25672,40.5023,0.251739,40.469483,0.032817053,40.469483,0.032817053
19207,0.25721,40.5776,0.249962,40.474159,0.10344079,40.474159,0.10344079
18325,0.25723,40.4941,0.193606,40.47435,0.019750101,40.47435,0.019750101
8046,0.2576,40.6088,0.22531,40.477875,0.13092476,40.477875,0.13092476
6108,0.258,40.528,0.231214,40.481681,0.04631886,40.481681,0.04631886
550041,0.25847,40.4663,0.209281,40.486146,-0.019846104,40.486146,-0.019846104
1297026,0.25855,40.51,0.149785,40.486905,0.023094651,40.486905,0.023094651
1289664,0.25908,40.2879,0.178603,40.49193,-0.20402986,40.49193,-0.20402986
1303883,0.25911,40.5418,0.163699,40.492214,0.049586017,40.492214,0.049586017
1335694,0.25912,40.4255,0.162943,40.492309,-0.066808683,40.492309,-0.066808683
12972,0.25935,40.5238,0.233841,40.494486,0.029314139,40.494486,0.029314139
1330426,0.25954,40.442,0.169977,40.496283,-0.054283051,40.496283,-0.054283051
020176,0.26051,40.5033,0.171288,40.505439,-0.0021392391,40.505439,-0.0021392391
370498,0.26086,40.6128,0.185932,40.508735,0.10406473,40.508735,0.10406473
15440,0.2613,40.447,0.207526,40.512873,-0.06587305,40.512873,-0.06587305
1337649,0.26151,40.4182,0.225542,40.514846,-0.096645626,40.514846,-0.096645626
2017,0.26162,40.6874,0.258941,40.515878,0.17152171,40.515878,0.17152171
19702,0.26162,40.681,0.233293,40.515878,0.16512171,40.515878,0.16512171
1253,0.26166,40.392,0.226027,40.516254,-0.12425371,40.516254,-0.12425371
13655,0.26173,40.6935,0.249126,40.516911,0.17658944,40.516911,0.17658944
18945,0.26187,40.7216,0.216893,40.518224,0.20337622,40.518224,0.20337622
13956,0.2629,41.2641,0.514634,40.527865,0.73623466,40.527865,0.73623466
520019,0.26309,40.6388,0.170092,40.52964,0.10915994,40.52964,0.10915994
04D3ez,0.26348,40.3997,0.177345,40.533279,-0.1335792,40.533279,-0.1335792
350235,0.26384,40.5588,0.167704,40.536634,0.022166027,40.536634,0.022166027
330022,0.26386,40.3035,0.205843,40.53682,-0.23332023,40.53682,-0.23332023
12983,0.26395,40.6342,0.381046,40.537658,0.096541801,40.537658,0.096541801
2943,0.26405,40.5074,0.238455,40.538589,-0.03118897,40.538589,-0.03118897
13099,0.26451,40.6719,0.256474,40.542866,0.12903368,40.542866,0.12903368
110478,0.26462,40.5153,0.197965,40.543888,-0.028588144,40.543888,-0.028588144
2422,0.2657,40.6087,0.219728,40.5539,0.054800229,40.5539,0.054800229
6315,0.26576,40.3244,0.206109,40.554455,-0.23005487,40.554455,-0.23005487
1334087,0.26629,40.2901,0.264978,40.559353,-0.26925319,40.559353,-0.26925319
18463,0.26687,40.5463,0.204902,40.564703,-0.01840328,40.564703,-0.01840328
1309288,0.26794,40.5103,0.202065,40.574545,-0.064245099,40.574545,-0.064245099
520023,0.26804,40.4623,0.232043,40.575463,-0.11316304,40.575463,-0.11316304
06D3fp,0.26848,40.4553,0.240404,40.579498,-0.12419819,40.579498,-0.12419819
530037,0.2685,40.579,0.191142,40.579681,-0.00068146475,40.579681,-0.00068146475
14298,0.26879,40.6039,0.217156,40.582337,0.021562528,40.582337,0.021562528
510638,0.27006,40.6363,0.197002,40.593938,0.0423622,40.593938,0.0423622
19002,0.2701,40.5089,0.164866,40.594302,-0.085402344,40.594302,-0.085402344
310051,0.27045,40.5139,0.20931,40.59749,-0.083589973,40.59749,-0.083589973
160039,0.27085,40.4887,0.166124,40.601128,-0.1124283,40.601128,-0.1124283
380378,0.27129,40.5677,0.123404,40.605125,-0.03742473,40.605125,-0.03742473
1292332,0.27265,40.5415,0.173203,40.617439,-0.075939499,40.617439,-0.075939499
15356,0.2734,40.4721,0.208686,40.624206,-0.15210643,40.624206,-0.15210643
420258,0.27444,40.7399,0.293068,40.633562,0.10633846,40.633562,0.10633846
150254,0.27508,40.5286,0.241865,40.639302,-0.11070223,40.639302,-0.11070223
100213,0.27511,40.7769,0.239421,40.639571,0.13732898,40.639571,0.13732898
20227,0.27574,40.6631,0.213576,40.645209,0.017890618,40.645209,0.017890618
19051,0.27619,40.6749,0.180061,40.649229,0.02567051,40.649229,0.02567051
4000,0.27656,40.8504,0.272235,40.65253,0.19786963,40.65253,0.19786963
4046,0.27764,40.6186,0.24474,40.662142,-0.043542059,40.662142,-0.043542059
1297465,0.27784,40.9187,0.17803,40.663918,0.2547818,40.663918,0.2547818
5957,0.27924,40.7037,0.164335,40.676318,0.027381822,40.676318,0.027381822
6196,0.2798,40.5056,0.19932,40.681262,-0.17566206,40.681262,-0.17566206
040201,0.27987,40.5664,0.153331,40.681879,-0.11547941,40.681879,-0.11547941
520188,0.28049,40.6663,0.153096,40.687341,-0.021041061,40.687341,-0.021041061
18485,0.28122,40.6224,0.174763,40.693757,-0.071357414,40.693757,-0.071357414
1317286,0.28198,40.5986,0.166629,40.700421,-0.1018211,40.700421,-0.1018211
06D3dt,0.28256,40.744,0.297355,40.705495,0.038504636,40.705495,0.038504636
15584,0.28333,40.6596,0.184378,40.712217,-0.052617019,40.712217,-0.052617019
310238,0.28395,40.5735,0.154134,40.717617,-0.14411699,40.717617,-0.14411699
16072,0.28434,40.6919,0.20709,40.721008,-0.02910815,40.721008,-0.02910815
14261,0.28436,40.5431,0.186562,40.721182,-0.17808194,40.721182,-0.17808194
17791,0.28468,41.1135,0.351325,40.723961,0.38953896,40.723961,0.38953896
440050,0.28547,40.7046,0.185989,40.73081,-0.026209583,40.73081,-0.026209583
350080,0.28577,40.671,0.173206,40.733406,-0.062405701,40.733406,-0.062405701
20040,0.28655,40.6389,0.217509,40.740144,-0.10124382,40.740144,-0.10124382
20245,0.28723,40.5691,0.250397,40.746004,-0.17690425,40.746004,-0.17690425
17809,0.28746,40.5379,0.238886,40.747984,-0.21008354,40.747984,-0.21008354
19128,0.28763,40.8753,0.227224,40.749446,0.12585444,40.749446,0.12585444
1334644,0.28806,40.7075,0.188011,40.75314,-0.045640036,40.75314,-0.045640036
1313594,0.28835,40.749,0.137848,40.755629,-0.0066287786,40.755629,-0.0066287786
091869,0.28843,40.7458,0.165419,40.756315,-0.010514921,40.756315,-0.010514921
2165,0.28882,40.9433,0.226038,40.759657,0.18364266,40.759657,0.18364266
2789,0.2889,40.7428,0.228497,40.760342,-0.017542451,40.760342,-0.017542451
1334597,0.28896,40.6763,0.168052,40.760856,-0.084556167,40.760856,-0.084556167
1310395,0.28899,40.702,0.277224,40.761113,-0.059112988,40.761113,-0.059112988
350180,0.28952,40.9765,0.256114,40.765646,0.2108539,40.765646,0.2108539
570056,0.28998,40.7298,0.234493,40.769574,-0.039774273,40.769574,-0.039774273
1289288,0.29001,40.7393,0.271437,40.76983,-0.030530258,40.76983,-0.030530258
19596,0.29036,40.7861,0.23085,40.772815,0.01328506,40.772815,0.01328506
19027,0.29114,40.484,0.219145,40.779455,-0.29545456,40.779455,-0.29545456
1263715,0.29186,40.7653,0.172199,40.785569,-0.020268838,40.785569,-0.020268838
1291090,0.29199,40.7606,0.177707,40.786671,-0.026071317,40.786671,-0.026071317
390264,0.29208,40.4229,0.292471,40.787434,-0.36453431,40.787434,-0.36453431
12841,0.29208,40.7505,0.483728,40.787434,-0.036934306,40.787434,-0.036934306
21006,0.29241,40.6378,0.228825,40.79023,-0.15243007,40.79023,-0.15243007
420414,0.29246,40.6952,0.224836,40.790653,-0.095453418,40.790653,-0.095453418
150509,0.2928,40.7458,0.174302,40.79353,-0.047730396,40.79353,-0.047730396
130755,0.29291,40.8268,0.203556,40.794461,0.032339479,40.794461,0.032339479
6249,0.29354,40.857,0.204834,40.799781,0.057218619,40.799781,0.057218619
1303004,0.29496,40.762,0.173778,40.811736,-0.049735778,40.811736,-0.049735778
19794,0.29568,41.0209,0.307913,40.817777,0.20312317,40.817777,0.20312317
580270,0.29576,40.9989,0.165779,40.818447,0.18045279,40.818447,0.18045279
1119,0.29639,40.9938,0.366054,40.823721,0.17007935,40.823721,0.17007935
13610,0.29683,40.6595,0.202621,40.827398,-0.16789754,40.827398,-0.16789754
1293319,0.29687,40.7505,0.210501,40.827732,-0.077231553,40.827732,-0.077231553
420196,0.29842,41.2705,0.232731,40.840643,0.42985744,40.840643,0.42985744
570025,0.29845,40.6539,0.272883,40.840892,-0.18699184,40.840892,-0.18699184
6137,0.29888,40.9195,0.25505,40.844462,0.075037731,40.844462,0.075037731
10550,0.29923,41.0113,0.341681,40.847365,0.16393507,40.847365,0.16393507
14735,0.29936,40.7335,0.186464,40.848442,-0.11494226,40.848442,-0.11494226
120444,0.29947,41.0213,0.195981,40.849354,0.17194649,40.849354,0.17194649
170428,0.30007,40.9837,0.198158,40.854319,0.12938149,40.854319,0.12938149
5391,0.30022,40.8795,0.247188,40.855558,0.02394168,40.855558,0.02394168
350078,0.30078,41.1729,0.294726,40.860182,0.3127181,40.860182,0.3127181
570022,0.30141,41.1086,0.206046,40.865374,0.24322609,40.865374,0.24322609
350192,0.3015,40.8585,0.191702,40.866115,-0.0076148088,40.866115,-0.0076148088
460037,0.30254,40.8894,0.22475,40.874661,0.014738544,40.874661,0.014738544
1339002,0.30296,40.8204,0.274703,40.878105,-0.05770528,40.878105,-0.05770528
150457,0.30339,40.9204,0.142521,40.881627,0.038773476,40.881627,0.038773476
7143,0.30354,41.0778,0.197526,40.882854,0.19494622,40.882854,0.19494622
19818,0.30395,40.7052,0.182517,40.886205,-0.18100541,40.886205,-0.18100541
1287626,0.30396,40.719,0.22209,40.886287,-0.16728711,40.886287,-0.16728711
1259412,0.30477,40.9018,0.140115,40.892896,0.0089038565,40.892896,0.0089038565
1335717,0.30478,41.0411,0.242802,40.892978,0.14812237,40.892978,0.14812237
12883,0.30519,40.5924,0.306711,40.896317,-0.30391665,40.896317,-0.30391665
350630,0.30525,40.9054,0.133839,40.896805,0.0085950587,40.896805,0.0085950587
440005,0.30551,41.0041,0.226225,40.89892,0.10518017,40.89892,0.10518017
350027,0.30568,40.9451,0.165493,40.900302,0.044798256,40.900302,0.044798256
560087,0.30641,40.8959,0.201565,40.906228,-0.010327764,40.906228,-0.010327764
340334,0.30668,41.16,0.239095,40.908416,0.25158373,40.908416,0.25158373
1281668,0.30697,40.9573,0.150058,40.910765,0.046535099,40.910765,0.046535099
520062,0.30805,41.2018,0.139651,40.919493,0.2823065,40.919493,0.2823065
5966,0.30822,40.9533,0.254065,40.920865,0.032435139,40.920865,0.032435139
1319821,0.30881,40.9954,0.152417,40.925619,0.069781123,40.925619,0.069781123
6699,0.30915,41.046,0.250639,40.928355,0.11764534,40.928355,0.11764534
5844,0.3093,40.9757,0.270379,40.929561,0.046139259,40.929561,0.046139259
16211,0.30939,41.0177,0.300429,40.930284,0.087415872,40.930284,0.087415872
21042,0.30955,40.72,0.257177,40.93157,-0.21156967,40.93157,-0.21156967
1300516,0.31043,40.6197,0.336421,40.938629,-0.31892917,40.938629,-0.31892917
15213,0.31053,40.9962,0.221391,40.93943,0.056769788,40.93943,0.056769788
500100,0.31077,41.046,0.182638,40.941352,0.10464826,40.941352,0.10464826
000420,0.31152,41.0123,0.141744,40.947348,0.064952319,40.947348,0.064952319
1338128,0.31185,41.0377,0.210925,40.949982,0.087718339,40.949982,0.087718339
1337838,0.31195,40.9503,0.160446,40.950779,-0.00047932781,40.950779,-0.00047932781
1263369,0.31252,40.9565,0.149709,40.955322,0.0011784885,40.955322,0.0011784885
1294743,0.31258,41.0352,0.279475,40.955799,0.07940081,40.955799,0.07940081
20142,0.31259,40.6239,0.2062,40.955879,-0.33197879,40.955879,-0.33197879
1283878,0.31287,41.0195,0.203499,40.958107,0.061393227,40.958107,0.061393227
1341894,0.31294,41.0061,0.176794,40.958663,0.047436521,40.958663,0.047436521
19632,0.31377,41.0228,0.214434,40.965256,0.057544351,40.965256,0.057544351
530112,0.31444,41.1251,0.155711,40.970565,0.15453473,40.970565,0.15453473
15383,0.31495,41.0194,0.227804,40.9746,0.044800088,40.9746,0.044800088
6649,0.31509,40.8837,0.219964,40.975706,-0.092006401,40.975706,-0.092006401
110716,0.31577,41.2033,0.233304,40.981074,0.22222569,40.981074,0.22222569
15776,0.31582,40.933,0.227638,40.981469,-0.04846859,40.981469,-0.04846859
6100,0.31613,41.1979,0.274091,40.983912,0.21398818,40.983912,0.21398818
100163,0.31773,41.0738,0.195921,40.996487,0.07731314,40.996487,0.07731314
1345553,0.31795,41.0772,0.167213,40.998211,0.078988659,40.998211,0.078988659
080646,0.31813,41.0199,0.153489,40.999621,0.020278541,40.999621,0.020278541
550059,0.31839,41.3345,0.327925,41.001657,0.33284301,41.001657,0.33284301
440509,0.31892,40.8941,0.203876,41.005802,-0.11170158,41.005802,-0.11170158
310188,0.31893,41.141,0.177674,41.00588,0.13512028,41.00588,0.13512028
170078,0.32089,41.2315,0.207296,41.021151,0.21034875,41.021151,0.21034875
330128,0.32095,40.9546,0.156373,41.021617,-0.067017384,41.021617,-0.067017384
1266657,0.32108,41.1921,0.293444,41.022627,0.16947294,41.022627,0.16947294
1261579,0.32214,40.8774,0.138773,41.030846,-0.1534457,41.030846,-0.1534457
580104,0.32214,40.8628,0.158186,41.030846,-0.1680457,41.030846,-0.1680457
120085,0.32214,40.7271,0.199265,41.030846,-0.3037457,41.030846,-0.3037457
7475,0.32265,40.9316,0.211904,41.034791,-0.10319103,41.034791,-0.10319103
05D2ab,0.32454,41.0699,0.126468,41.049362,0.020538208,41.049362,0.020538208
050291,0.32535,41.2273,0.193265,41.055582,0.17171764,41.055582,0.17171764
500301,0.3255,41.2625,0.255286,41.056733,0.20576726,41.056733,0.20576726
18617,0.3257,41.1639,0.271274,41.058266,0.10563418,41.058266,0.10563418
1305626,0.32573,41.0478,0.141716,41.058496,-0.010695708,41.058496,-0.010695708
1308326,0.32622,41.0504,0.157201,41.062248,-0.011847753,41.062248,-0.011847753
14456,0.32794,41.0002,0.171833,41.075377,-0.075177005,41.075377,-0.075177005
050303,0.32829,41.3079,0.308428,41.078041,0.22985916,41.078041,0.22985916
530219,0.32838,41.351,0.278699,41.078725,0.27227459,41.078725,0.27227459
430003,0.32843,40.934,0.295651,41.079106,-0.14510564,41.079106,-0.14510564
1306073,0.32859,41.1,0.144172,41.080322,0.019677959,41.080322,0.019677959
6924,0.3286,40.9276,0.222195,41.080398,-0.15279805,41.080398,-0.15279805
1337687,0.3287,41.0716,0.150485,41.081158,-0.0095579968,41.081158,-0.0095579968
1316465,0.3291,41.0566,0.165152,41.084196,-0.027595653,41.084196,-0.027595653
13934,0.32931,41.4109,0.310571,41.085789,0.32511095,41.085789,0.32511095
540163,0.32943,41.2391,0.162498,41.086699,0.15240085,41.086699,0.15240085
1301933,0.3296,41.1031,0.114803,41.087988,0.015112082,41.087988,0.015112082
13830,0.32985,40.8444,0.209813,41.089882,-0.24548205,41.089882,-0.24548205
1338675,0.33048,41.1674,0.214426,41.094649,0.07275062,41.094649,0.07275062
4241,0.33052,41.1689,0.23109,41.094952,0.073948217,41.094952,0.073948217
120369,0.33055,41.2306,0.131607,41.095179,0.13542144,41.095179,0.13542144
370394,0.3308,40.996,0.212048,41.097068,-0.10106766,41.097068,-0.10106766
480184,0.3308,41.1586,0.239453,41.097068,0.061532343,41.097068,0.061532343
03D1fc,0.33094,41.0098,0.137116,41.098125,-0.088324971,41.098125,-0.088324971
20106,0.33137,41.2335,0.285481,41.10137,0.13213015,41.10137,0.13213015
580235,0.33154,41.0301,0.218692,41.102652,-0.072551632,41.102652,-0.072551632
370344,0.33155,41.1012,0.166036,41.102727,-0.0015270124,41.102727,-0.0015270124
470041,0.33179,41.0149,0.143999,41.104536,-0.089635502,41.104536,-0.089635502
1306141,0.3324,40.977,0.159233,41.109127,-0.13212663,41.109127,-0.13212663
130862,0.3329,41.3299,0.201675,41.112884,0.21701597,41.112884,0.21701597
1346956,0.33353,41.0366,0.176123,41.117611,-0.081010925,41.117611,-0.081010925
1309492,0.33353,41.0025,0.141896,41.117611,-0.11511092,41.117611,-0.11511092
16093,0.33439,41.1204,0.23572,41.12405,-0.0036501718,41.12405,-0.0036501718
500511,0.3349,41.0251,0.171864,41.127862,-0.10276155,41.127862,-0.10276155
1346966,0.33513,41.0242,0.177927,41.129579,-0.10537865,41.129579,-0.10537865
1314897,0.33663,41.0367,0.18424,41.14075,-0.10405041,41.14075,-0.10405041
040782,0.33739,41.0098,0.23724,41.146393,-0.13659318,41.146393,-0.13659318
470015,0.33752,41.1678,0.278653,41.147357,0.02044279,41.147357,0.02044279
04D3kr,0.33753,41.1477,0.176101,41.147431,0.00026864846,41.147431,0.00026864846
1300912,0.3378,41.1537,0.233862,41.149432,0.0042675854,41.149432,0.0042675854
380318,0.33825,41.145,0.211242,41.152764,-0.0077642288,41.152764,-0.0077642288
580276,0.33851,41.1131,0.200412,41.154687,-0.041587405,41.154687,-0.041587405
1343337,0.339,41.0555,0.356511,41.158308,-0.10280814,41.158308,-0.10280814
04D3nh,0.34051,41.1737,0.192422,41.169435,0.0042645221,41.169435,0.0042645221
320258,0.3409,41.0587,0.1943,41.172302,-0.113602,41.172302,-0.113602
2533,0.34101,41.0641,0.255103,41.17311,-0.10900995,41.17311,-0.10900995
1336009,0.34176,41.2122,0.321008,41.178612,0.033587687,41.178612,0.033587687
1346387,0.34448,41.3081,0.152468,41.198474,0.1096259,41.198474,0.1096259
350606,0.3445,41.2914,0.299203,41.19862,0.092780401,41.19862,0.092780401
1329312,0.34479,41.2333,0.171671,41.200729,0.03257148,41.200729,0.03257148
470110,0.34547,41.2033,0.23021,41.205667,-0.0023671354,41.205667,-0.0023671354
03D1bp,0.34594,41.3318,0.136683,41.209075,0.12272467,41.209075,0.12272467
310090,0.34686,41.4163,0.370346,41.215734,0.20056572,41.215734,0.20056572
050301,0.34704,41.1174,0.244272,41.217035,-0.099635198,41.217035,-0.099635198
330089,0.34872,41.3721,0.218415,41.229147,0.14295293,41.229147,0.14295293
160198,0.34899,41.2499,0.158604,41.231089,0.018811426,41.231089,0.018811426
1258906,0.34918,41.282,0.206036,41.232454,0.049546017,41.232454,0.049546017
070955,0.3492,41.1406,0.157954,41.232598,-0.09199767,41.232598,-0.09199767
380279,0.34946,41.2033,0.168604,41.234465,-0.031164909,41.234465,-0.031164909
440185,0.34952,41.1526,0.205831,41.234896,-0.082295628,41.234896,-0.082295628
05D2ie,0.34956,41.3756,0.171432,41.235183,0.14041726,41.235183,0.14041726
20186,0.34957,41.4873,0.287684,41.235255,0.25204549,41.235255,0.25204549
04D2mc,0.34957,41.005,0.226318,41.235255,-0.23025451,41.235255,-0.23025451
1248677,0.35017,41.1867,0.147015,41.239557,-0.052857356,41.239557,-0.052857356
000196,0.35066,41.2342,0.163121,41.243066,-0.0088662812,41.243066,-0.0088662812
050296,0.35087,41.2532,0.161378,41.244569,0.0086312851,41.244569,0.0086312851
120400,0.35156,41.3343,0.138963,41.249499,0.08480058,41.249499,0.08480058
05D2hc,0.35157,41.4798,0.209505,41.249571,0.23022919,41.249571,0.23022919
160197,0.35361,41.3657,0.191944,41.264096,0.10160414,41.264096,0.10160414
05D2mp,0.35527,41.4647,0.223042,41.275858,0.18884196,41.275858,0.18884196
1688,0.35767,41.3574,0.291964,41.292774,0.064626201,41.292774,0.064626201
1334423,0.35791,41.3539,0.215252,41.29446,0.05944042,41.29446,0.05944042
04D3fk,0.35833,41.2423,0.215992,41.297407,-0.055107177,41.297407,-0.055107177
04D2fs,0.35858,41.1484,0.288995,41.29916,-0.15076018,41.29916,-0.15076018
160070,0.35897,41.4429,0.171109,41.301893,0.1410074,41.301893,0.1410074
1280217,0.35901,41.1532,0.305677,41.302173,-0.14897269,41.302173,-0.14897269
1307830,0.35949,41.4213,0.15447,41.305532,0.11576846,41.305532,0.11576846
050293,0.36005,41.187,0.191161,41.309445,-0.12244495,41.309445,-0.12244495
160126,0.36023,41.0791,0.230289,41.310702,-0.23160163,41.310702,-0.23160163
470244,0.36081,41.4328,0.197529,41.314747,0.11805302,41.314747,0.11805302
420417,0.36138,41.1159,0.288022,41.318717,-0.20281671,41.318717,-0.20281671
1294014,0.36272,41.2452,0.209997,41.328026,-0.082826224,41.328026,-0.082826224
1346137,0.36326,41.364,0.215101,41.331769,0.032231197,41.331769,0.032231197
560121,0.36491,41.4626,0.291566,41.343173,0.11942744,41.343173,0.11942744
100358,0.36613,41.136,0.226225,41.351574,-0.21557371,41.351574,-0.21557371
190209,0.36648,41.2327,0.155657,41.353979,-0.12127908,41.353979,-0.12127908
1308582,0.36705,41.2088,0.151911,41.357892,-0.14909183,41.357892,-0.14909183
350083,0.3678,41.2627,0.165575,41.363032,-0.10033162,41.363032,-0.10033162
04D1hd,0.36791,41.4699,0.158375,41.363785,0.10611537,41.363785,0.10611537
1343533,0.36844,41.5479,0.336428,41.36741,0.18049012,41.36741,0.18049012
1283936,0.36862,41.463,0.345551,41.36864,0.094360006,41.36864,0.094360006
15704,0.36952,41.4498,0.244353,41.374782,0.075017783,41.374782,0.075017783
18091,0.36977,41.2185,0.255045,41.376486,-0.15798593,41.376486,-0.15798593
510578,0.37012,41.3794,0.188778,41.378869,0.00053067636,41.378869,0.00053067636
13136,0.37046,41.6395,0.256631,41.381183,0.25831738,41.381183,0.25831738
05D4bm,0.37051,41.3833,0.160025,41.381523,0.0017773536,41.381523,0.0017773536
05D3jr,0.37053,41.273,0.282407,41.381659,-0.10865864,41.381659,-0.10865864
390471,0.37053,41.0698,0.135854,41.381659,-0.31185864,41.381659,-0.31185864
04D2cf,0.37059,41.3759,0.163241,41.382067,-0.0061665973,41.382067,-0.0061665973
320469,0.37087,41.4098,0.39052,41.38397,0.025830432,41.38397,0.025830432
1291957,0.37143,41.334,0.168104,41.387772,-0.053771511,41.387772,-0.053771511
05D4fo,0.3715,41.4289,0.165418,41.388246,0.040653621,41.388246,0.040653621
000199,0.3716,41.3842,0.116639,41.388925,-0.0047246193,41.388925,-0.0047246193
05D4cw,0.37351,41.3114,0.133039,41.401847,-0.090446583,41.401847,-0.090446583
16232,0.37426,41.4722,0.234786,41.406904,0.065296115,41.406904,0.065296115
1299643,0.37678,41.4155,0.15471,41.423828,-0.0083277717,41.423828,-0.0083277717
1282736,0.37798,41.3598,0.223183,41.43185,-0.072049856,41.43185,-0.072049856
590031,0.37859,41.4271,0.182401,41.435919,-0.0088186864,41.435919,-0.0088186864
7779,0.37986,41.2959,0.219919,41.44437,-0.14847036,41.44437,-0.14847036
320099,0.37989,41.4154,0.163795,41.44457,-0.029169689,41.44457,-0.029169689
500057,0.38052,41.4614,0.188044,41.448752,0.012647788,41.448752,0.012647788
110425,0.38083,41.4511,0.201434,41.450808,0.00029208116,41.450808,0.00029208116
1299785,0.38131,41.4549,0.20413,41.453988,0.00091211633,41.453988,0.00091211633
000011,0.3816,41.6775,0.218983,41.455907,0.22159269,41.455907,0.22159269
040150,0.38174,41.5615,0.198898,41.456833,0.10466655,41.456833,0.10466655
580275,0.3825,41.3726,0.265174,41.461856,-0.089255539,41.461856,-0.089255539
1343401,0.38284,41.3678,0.206585,41.464099,-0.096299265,41.464099,-0.096299265
1281886,0.38394,41.5182,0.20184,41.471346,0.046854284,41.471346,0.046854284
360139,0.38594,41.5217,0.152114,41.484472,0.037228194,41.484472,0.037228194
1338170,0.38677,41.3791,0.270807,41.489901,-0.11080059,41.489901,-0.11080059
550218,0.38735,41.5567,0.273474,41.493688,0.06301223,41.493688,0.06301223
050251,0.38772,41.6302,0.283892,41.496101,0.13409902,41.496101,0.13409902
420352,0.38886,41.383,0.199578,41.503523,-0.12052284,41.503523,-0.12052284
1290779,0.38951,41.544,0.192176,41.507746,0.036254439,41.507746,0.036254439
120086,0.39262,41.4742,0.237288,41.527859,-0.053659444,41.527859,-0.053659444
1291794,0.39512,41.4677,0.203648,41.543921,-0.076221067,41.543921,-0.076221067
1296273,0.39698,41.259,0.168535,41.55581,-0.29680973,41.55581,-0.29680973
1333438,0.39946,41.7119,0.28782,41.571581,0.14031904,41.571581,0.14031904
05D4ff,0.40048,41.4918,0.158339,41.578041,-0.086241105,41.578041,-0.086241105
110734,0.40212,41.4795,0.199524,41.588396,-0.10889598,41.588396,-0.10889598
580312,0.40286,41.5478,0.290402,41.593055,-0.045255449,41.593055,-0.045255449
1329615,0.40361,41.616,0.213828,41.59777,0.018230236,41.59777,0.018230236
06D3ed,0.40454,41.6747,0.166047,41.603604,0.071095792,41.603604,0.071095792
350050,0.40472,41.3373,0.202033,41.604732,-0.26743201,41.604732,-0.26743201
05D4dt,0.40547,41.7807,0.135518,41.609426,0.17127381,41.609426,0.17127381
1308314,0.40648,41.6914,0.168815,41.615735,0.075665079,41.615735,0.075665079
1341370,0.409,41.7002,0.240024,41.631412,0.068787853,41.631412,0.068787853
1306390,0.40911,41.7405,0.363654,41.632094,0.10840558,41.632094,0.10840558
450339,0.40927,41.7061,0.274957,41.633087,0.073013486,41.633087,0.073013486
06D4cq,0.40947,41.6784,0.172193,41.634326,0.044073876,41.634326,0.044073876
020090,0.40995,41.6836,0.279968,41.637299,0.046301112,41.637299,0.046301112
1307277,0.41114,41.662,0.318089,41.644655,0.017345084,41.644655,0.017345084
530251,0.41131,41.8335,0.242677,41.645704,0.18779584,41.645704,0.18779584
520071,0.41152,41.8131,0.149106,41.647,0.16610027,41.647,0.16610027
1315296,0.41258,41.7893,0.330128,41.65353,0.13577013,41.65353,0.13577013
04D2fp,0.41664,41.7295,0.149208,41.678398,0.0511021,41.678398,0.0511021
05D2dw,0.41864,41.6174,0.202099,41.690565,-0.073165304,41.690565,-0.073165304
440162,0.41927,41.6863,0.192599,41.694387,-0.0080868239,41.694387,-0.0080868239
550137,0.41931,41.4604,0.22264,41.694629,-0.23422928,41.694629,-0.23422928
05D3cf,0.41956,41.7981,0.235757,41.696144,0.10195586,41.696144,0.10195586
1289600,0.41962,41.8662,0.224621,41.696508,0.16969242,41.696508,0.16969242
1340454,0.41997,41.4394,0.294415,41.698627,-0.25922669,41.698627,-0.25922669
550202,0.42027,41.8343,0.344188,41.700442,0.13385824,41.700442,0.13385824
110430,0.42085,41.728,0.250117,41.703947,0.024052527,41.703947,0.024052527
1306626,0.4209,41.6178,0.17643,41.704249,-0.086449479,41.704249,-0.086449479
1306991,0.42199,41.5336,0.270821,41.710825,-0.17722492,41.710825,-0.17722492
1345594,0.42242,41.6796,0.275449,41.713415,-0.033814545,41.713415,-0.033814545
04D4gg,0.42245,41.6483,0.231707,41.713595,-0.065295125,41.713595,-0.065295125
160200,0.42349,41.8403,0.400817,41.719848,0.12045214,41.719848,0.12045214
490037,0.42355,41.5955,0.186465,41.720208,-0.12470815,41.720208,-0.12470815
1302523,0.42392,41.7264,0.13417,41.722429,0.0039710588,41.722429,0.0039710588
1312274,0.42451,41.7483,0.195831,41.725966,0.022333539,41.725966,0.022333539
1295027,0.42562,41.7039,0.195468,41.732609,-0.028709393,41.732609,-0.028709393
1258940,0.42594,41.7517,0.175449,41.734521,0.017178526,41.734521,0.017178526
050003,0.42689,41.813,0.229539,41.74019,0.072809912,41.74019,0.072809912
110542,0.42694,41.8348,0.198324,41.740488,0.09431189,41.740488,0.09431189
110719,0.42784,42.2757,0.23861,41.745847,0.52985305,41.745847,0.52985305
05D2cb,0.42865,41.8825,0.403543,41.750661,0.13183906,41.750661,0.13183906
440236,0.42888,41.6443,0.193398,41.752026,-0.10772632,41.752026,-0.10772632
1306029,0.42895,41.8266,0.250757,41.752442,0.074158259,41.752442,0.074158259
100101,0.42967,41.9219,0.19807,41.756711,0.16518906,41.756711,0.16518906
080723,0.43013,41.8354,0.165783,41.759435,0.075965009,41.759435,0.075965009
04D1rh,0.43487,41.7828,0.183674,41.787347,-0.004547434,41.787347,-0.004547434
06D4co,0.43544,41.5839,0.13365,41.790685,-0.20678486,41.790685,-0.20678486
000142,0.43673,42.0051,0.1818,41.798223,0.20687704,41.798223,0.20687704
1336008,0.43765,41.6253,0.16614,41.803586,-0.17828628,41.803586,-0.17828628
1333246,0.43774,41.882,0.356877,41.80411,0.077889609,41.80411,0.077889609
560027,0.43883,41.6682,0.279961,41.81045,-0.14224996,41.81045,-0.14224996
1310338,0.43883,41.4679,0.211194,41.81045,-0.34254996,41.81045,-0.34254996
050607,0.43926,41.8262,0.202784,41.812947,0.013253157,41.812947,0.013253157
040166,0.44004,42.1401,0.441915,41.81747,0.32262973,41.81747,0.32262973
510266,0.44059,41.6364,0.160177,41.820655,-0.18425536,41.820655,-0.18425536
1328105,0.44154,41.6823,0.183572,41.826148,-0.14384816,41.826148,-0.14384816
1295256,0.44246,41.8523,0.172891,41.831457,0.020842996,41.831457,0.020842996
06D3df,0.44254,41.9039,0.139699,41.831918,0.071981845,41.831918,0.071981845
06D2gb,0.44368,41.793,0.182219,41.838481,-0.045481119,41.838481,-0.045481119
1291080,0.44384,41.8069,0.290347,41.839401,-0.032500976,41.839401,-0.032500976
040137,0.44756,41.8552,0.223954,41.860701,-0.0055008507,41.860701,-0.0055008507
1328066,0.4489,41.8853,0.221814,41.868333,0.016967097,41.868333,0.016967097
1320166,0.44896,41.9875,0.215648,41.868674,0.11882586,41.868674,0.11882586
050580,0.4506,41.6446,0.157686,41.877985,-0.23338479,41.877985,-0.23338479
520016,0.451,41.9281,0.213431,41.880251,0.047849117,41.880251,0.047849117
04D3gt,0.45155,41.7162,0.305385,41.883364,-0.16716369,41.883364,-0.16716369
120094,0.45169,41.9923,0.154715,41.884155,0.10814452,41.884155,0.10814452
04D2gb,0.45169,41.5892,0.225346,41.884155,-0.29495548,41.884155,-0.29495548
1290127,0.45223,41.9959,0.320076,41.887207,0.10869264,41.887207,0.10869264
1253101,0.45333,41.7953,0.207786,41.893414,-0.098113647,41.893414,-0.098113647
1253039,0.45347,41.8863,0.14411,41.894203,-0.0079025283,41.894203,-0.0079025283
1334302,0.45463,41.7873,0.209236,41.90073,-0.11343023,41.90073,-0.11343023
1306360,0.45478,41.8839,0.284149,41.901573,-0.017673194,41.901573,-0.017673194
1345582,0.45878,41.9679,0.252185,41.923957,0.043943123,41.923957,0.043943123
380199,0.46055,42.0021,0.190943,41.933803,0.068296514,41.933803,0.068296514
510597,0.46098,42.0162,0.230251,41.93619,0.080009742,41.93619,0.080009742
05D3lc,0.46156,41.9839,0.138441,41.939406,0.044493671,41.939406,0.044493671
03D4au,0.46641,42.3424,0.396492,41.966152,0.37624765,41.966152,0.37624765
000215,0.4666,42.048,0.135922,41.967195,0.080805174,41.967195,0.080805174
04D4jr,0.4684,41.9733,0.206146,41.977051,-0.0037512786,41.977051,-0.0037512786
1339149,0.4688,41.7631,0.234035,41.979237,-0.21613679,41.979237,-0.21613679
04D4ju,0.47039,42.2151,0.404516,41.987907,0.22719303,41.987907,0.22719303
05D3mx,0.47057,42.0135,0.180637,41.988887,0.024613233,41.988887,0.024613233
370367,0.4717,41.9798,0.210913,41.99503,-0.015229736,41.99503,-0.015229736
1316437,0.47196,42.0374,0.25691,41.996441,0.040958786,41.996441,0.040958786
05D2bv,0.47572,41.938,0.177112,42.016772,-0.078772369,42.016772,-0.078772369
370329,0.47793,42.2269,0.228278,42.028652,0.19824777,42.028652,0.19824777
310146,0.47943,41.8695,0.203883,42.036686,-0.16718621,42.036686,-0.16718621
1306537,0.47948,42.0107,0.198987,42.036954,-0.026253601,42.036954,-0.026253601
560054,0.4798,41.8956,0.237796,42.038664,-0.1430643,42.038664,-0.1430643
05D3dd,0.48056,42.0041,0.160362,42.042723,-0.038622935,42.042723,-0.038622935
05D2ac,0.48071,41.9748,0.139221,42.043523,-0.06872327,42.043523,-0.06872327
120044,0.48171,42.3055,0.210887,42.048853,0.25664713,42.048853,0.25664713
05D1ix,0.48881,42.0842,0.199732,42.086398,-0.0021975539,42.086398,-0.0021975539
1292145,0.49246,42.2783,0.335403,42.1055,0.17279985,42.1055,0.17279985
1343208,0.49501,42.0821,0.165011,42.118767,-0.036667166,42.118767,-0.036667166
1305504,0.4956,42.1453,0.120919,42.121828,0.023472347,42.121828,0.023472347
03D1ax,0.49572,42.0817,0.153945,42.12245,-0.040749707,42.12245,-0.040749707
05D4af,0.49737,42.1268,0.225856,42.130989,-0.0041886444,42.130989,-0.0041886444
06D2bk,0.50073,42.257,0.253816,42.148295,0.10870486,42.148295,0.10870486
350374,0.5009,42.1165,0.283133,42.149168,-0.032667866,42.149168,-0.032667866
030006,0.50276,42.0703,0.312874,42.158698,-0.088398393,42.158698,-0.088398393
1337272,0.50276,42.161,0.218549,42.158698,0.0023016067,42.158698,0.0023016067
510457,0.503,42.1484,0.311282,42.159926,-0.011525726,42.159926,-0.011525726
03D1au,0.50309,42.1444,0.228687,42.160386,-0.015985834,42.160386,-0.015985834
1335472,0.50598,42.079,0.166703,42.175119,-0.096119473,42.175119,-0.096119473
1343759,0.50617,42.1043,0.151709,42.176085,-0.07178535,42.176085,-0.07178535
310091,0.50716,42.2358,0.180974,42.181113,0.05468743,42.181113,0.05468743
05D4av,0.50737,42.2419,0.288822,42.182178,0.059722236,42.182178,0.059722236
090201,0.50817,42.0193,0.184312,42.186232,-0.16693186,42.186232,-0.16693186
180313,0.51006,42.0945,0.144405,42.195786,-0.10128589,42.195786,-0.10128589
110484,0.51087,42.0583,0.239085,42.19987,-0.14157029,42.19987,-0.14157029
05D2dy,0.51175,42.3885,0.227281,42.204301,0.18419923,42.204301,0.18419923
04D1pg,0.5138,42.2567,0.35966,42.214594,0.042105919,42.214594,0.042105919
04D4in,0.51435,42.2259,0.196162,42.217349,0.0085508685,42.217349,0.0085508685
04D2mj,0.51475,42.3259,0.402924,42.219351,0.10654893,42.219351,0.10654893
1338430,0.51718,42.0932,0.190441,42.231481,-0.13828147,42.231481,-0.13828147
1334470,0.51876,42.1949,0.250421,42.23934,-0.044440006,42.23934,-0.044440006
310260,0.51879,42.1824,0.209558,42.239489,-0.057089,42.239489,-0.057089
450175,0.51943,42.2438,0.315111,42.242666,0.0011343726,42.242666,0.0011343726
06D3el,0.5196,42.2905,0.196455,42.243509,0.0469912,42.243509,0.0469912
04D2gc,0.52277,42.3496,0.273927,42.259184,0.090415866,42.259184,0.090415866
1295921,0.52393,42.1774,0.369236,42.264898,-0.087497874,42.264898,-0.087497874
1322229,0.52613,42.1702,0.223271,42.275702,-0.10550165,42.275702,-0.10550165
050005,0.52851,42.0855,0.188829,42.287342,-0.20184159,42.287342,-0.20184159
1322979,0.52939,42.2913,0.141023,42.291633,-0.00033293658,42.291633,-0.00033293658
330106,0.53091,41.8802,0.23431,42.299029,-0.41882947,42.299029,-0.41882947
160066,0.53105,42.5109,0.289268,42.29971,0.21119028,42.29971,0.21119028
1338471,0.53117,42.5253,0.38093,42.300293,0.22500733,42.300293,0.22500733
1337703,0.53226,41.9821,0.221979,42.305582,-0.32348205,42.305582,-0.32348205
06D2ca,0.53277,42.2472,0.294354,42.308053,-0.060853399,42.308053,-0.060853399
06D2cc,0.53377,42.1649,0.273819,42.312893,-0.14799271,42.312893,-0.14799271
05D4ek,0.53433,42.1433,0.225295,42.315599,-0.172299,42.315599,-0.172299
05D4be,0.53532,42.3205,0.204703,42.320377,0.0001231998,42.320377,0.0001231998
05D2eb,0.53578,42.2134,0.209507,42.322594,-0.10919395,42.322594,-0.10919395
1289656,0.53944,42.3338,0.244476,42.340171,-0.0063711427,42.340171,-0.0063711427
110426,0.54089,42.2791,0.233447,42.347104,-0.068003709,42.347104,-0.068003709
1324542,0.54154,42.53,0.24247,42.350206,0.17979427,42.350206,0.17979427
520041,0.5454,42.5633,0.191404,42.368555,0.19474509,42.368555,0.19474509
04D4bq,0.54832,42.0235,0.363222,42.382354,-0.35885443,42.382354,-0.35885443
1306980,0.54886,42.1695,0.378555,42.384899,-0.2153988,42.384899,-0.2153988
050201,0.55011,42.3253,0.19588,42.390779,-0.065479487,42.390779,-0.065479487
06D4bo,0.55031,42.3728,0.208456,42.391719,-0.018919227,42.391719,-0.018919227
1339450,0.55048,42.4104,0.376261,42.392518,0.017882248,42.392518,0.017882248
04D3hn,0.5526,42.1938,0.244151,42.402456,-0.20865633,42.402456,-0.20865633
06D2ck,0.5538,42.49,0.207133,42.408066,0.081934006,42.408066,0.081934006
1337117,0.55389,42.0827,0.177409,42.408486,-0.32578626,42.408486,-0.32578626
05D1ee,0.55775,42.4389,0.195189,42.42645,0.012449584,42.42645,0.012449584
04D1hx,0.55875,42.2975,0.356215,42.431085,-0.13358519,42.431085,-0.13358519
05D1kl,0.55875,42.7331,0.3833,42.431085,0.30201481,42.431085,0.30201481
1289555,0.56174,42.2937,0.227829,42.444897,-0.15119657,42.444897,-0.15119657
1303952,0.56263,42.6016,0.265242,42.448994,0.15260577,42.448994,0.15260577
05D1cc,0.56276,42.4296,0.234712,42.449592,-0.019992256,42.449592,-0.019992256
1330903,0.5643,42.4881,0.207587,42.456667,0.031433397,42.456667,0.031433397
1338278,0.56431,42.3969,0.296515,42.456712,-0.059812481,42.456712,-0.059812481
1285317,0.56441,42.3928,0.221111,42.457171,-0.064371215,42.457171,-0.064371215
05D1dn,0.56475,42.4873,0.19275,42.45873,0.028569663,42.45873,0.028569663
1317454,0.56883,42.2407,0.262337,42.477371,-0.2366709,42.477371,-0.2366709
1306785,0.57535,42.1912,0.452867,42.506898,-0.31569833,42.506898,-0.31569833
05D2dt,0.57583,42.5915,0.213158,42.50906,0.0824404,42.50906,0.0824404
050203,0.57609,42.4887,0.202103,42.51023,-0.021529575,42.51023,-0.021529575
06D3et,0.57661,42.4263,0.166843,42.512568,-0.086268026,42.512568,-0.086268026
1337228,0.57741,42.645,0.290949,42.516162,0.12883825,42.516162,0.12883825
110721,0.57823,42.4512,0.241176,42.51984,-0.068640425,42.51984,-0.068640425
03D4gf,0.57829,42.4174,0.24485,42.520109,-0.1027094,42.520109,-0.1027094
05D1dx,0.57875,42.4272,0.214391,42.522171,-0.094970686,42.522171,-0.094970686
1332059,0.57884,42.5317,0.231686,42.522574,0.009126201,42.522574,0.009126201
05D3jq,0.57959,42.3923,0.23116,42.525931,-0.13363077,42.525931,-0.13363077
05D3gp,0.5806,42.573,0.262496,42.530445,0.042555004,42.530445,0.042555004
03D1aw,0.58073,42.7061,0.239821,42.531025,0.1750745,42.531025,0.1750745
04D1jg,0.58294,42.5408,0.168029,42.540875,-7.5190689e-05,42.540875,-7.5190689e-05
05D4ej,0.58328,42.7974,0.186201,42.542387,0.25501261,42.542387,0.25501261
04D1sa,0.58375,42.6489,0.184752,42.544476,0.1044236,42.544476,0.1044236
04D1kj,0.58375,42.4765,0.198486,42.544476,-0.067976405,42.544476,-0.067976405
1338387,0.58382,42.4199,0.199369,42.544787,-0.1248874,42.544787,-0.1248874
05D1hm,0.58575,42.707,0.37297,42.553348,0.15365194,42.553348,0.15365194
05D4bf,0.58728,42.6241,0.203038,42.560116,0.063984486,42.560116,0.063984486
04D1oh,0.58873,42.5021,0.220032,42.566514,-0.064413714,42.566514,-0.064413714
03D4gg,0.59028,42.5156,0.248253,42.573337,-0.057736673,42.573337,-0.057736673
04D2mh,0.59184,42.4508,0.255828,42.580187,-0.12938652,42.580187,-0.12938652
05D3lr,0.6006,42.6116,0.278838,42.618336,-0.0067358799,42.618336,-0.0067358799
1338233,0.60149,42.7562,0.394779,42.622182,0.13401781,42.622182,0.13401781
05D4ef,0.60327,42.7503,0.2001,42.629859,0.12044136,42.629859,0.12044136
1335564,0.6062,42.6158,0.275076,42.642448,-0.026647877,42.642448,-0.026647877
03D4dy,0.60826,42.5904,0.228388,42.651264,-0.060864464,42.651264,-0.060864464
1332413,0.60873,42.6179,0.230751,42.653272,-0.035372041,42.653272,-0.035372041
1302141,0.6088,42.4282,0.350327,42.653571,-0.22537092,42.653571,-0.22537092
05D2he,0.60987,42.6876,0.321483,42.658135,0.029464627,42.658135,0.029464627
04D3do,0.61064,42.6686,0.184238,42.661415,0.0071846292,42.661415,0.0071846292
04D4an,0.61125,42.9049,0.247686,42.664011,0.24088898,42.664011,0.24088898
1295305,0.61171,42.701,0.16444,42.665967,0.03503323,42.665967,0.03503323
05D1ck,0.61571,42.7085,0.347272,42.682915,0.025585401,42.682915,0.025585401
1308957,0.61869,42.7164,0.388756,42.695473,0.020927172,42.695473,0.020927172
1335868,0.61942,42.6948,0.2753,42.69854,-0.0037404014,42.69854,-0.0037404014
000202,0.61988,42.7557,0.154862,42.700472,0.055228373,42.700472,0.055228373
04D3co,0.62063,42.6988,0.268136,42.703617,-0.0048174432,42.703617,-0.0048174432
04D2an,0.62188,42.5894,0.275623,42.708852,-0.11945244,42.708852,-0.11945244
03D4dh,0.62523,42.6577,0.215148,42.722833,-0.065133028,42.722833,-0.065133028
04D4fx,0.62723,42.585,0.244041,42.731146,-0.1461457,42.731146,-0.1461457
05D1cb,0.63071,42.6632,0.202856,42.74555,-0.08234978,42.74555,-0.08234978
05D2ci,0.63189,42.3111,0.32695,42.750417,-0.43931674,42.750417,-0.43931674
03D4at,0.63223,42.8493,0.323662,42.751817,0.097482516,42.751817,0.097482516
1330642,0.63392,42.5972,0.147609,42.758769,-0.16156935,42.758769,-0.16156935
04D1pu,0.63771,42.5298,0.442879,42.774296,-0.24449566,42.774296,-0.24449566
1343871,0.63787,42.8637,0.31082,42.774949,0.088750812,42.774949,0.088750812
05D4ag,0.63823,42.6594,0.367516,42.776419,-0.11701905,42.776419,-0.11701905
1337325,0.63866,42.7804,0.261646,42.778174,0.002226306,42.778174,0.002226306
1334879,0.63936,42.79,0.171844,42.781028,0.008972324,42.781028,0.008972324
05D2ec,0.6419,42.8476,0.256941,42.791359,0.056241401,42.791359,0.056241401
1308568,0.64305,42.3609,0.407842,42.796023,-0.43512317,42.796023,-0.43512317
05D3ax,0.64363,42.8034,0.316528,42.798373,0.0050272754,42.798373,0.0050272754
04D3cy,0.64364,42.7992,0.309841,42.798413,0.00078678364,42.798413,0.00078678364
05D3lb,0.64763,42.819,0.288435,42.814522,0.0044782516,42.814522,0.0044782516
1338266,0.64846,43.0397,0.272369,42.817861,0.22183925,42.817861,0.22183925
05D3kt,0.64863,42.7335,0.310678,42.818544,-0.085044135,42.818544,-0.085044135
1334707,0.64964,42.7805,0.149571,42.822601,-0.042100744,42.822601,-0.042100744
04D1sk,0.66207,42.9793,0.279772,42.872038,0.10726197,42.872038,0.10726197
05D3hs,0.66463,42.8698,0.233989,42.88211,-0.01230961,42.88211,-0.01230961
05D3mh,0.67065,43.0677,0.274795,42.905648,0.16205183,42.905648,0.16205183
03D1co,0.67767,43.2251,0.311797,42.932843,0.29225715,42.932843,0.29225715
05D2bt,0.68195,42.8376,0.239367,42.949291,-0.11169107,42.949291,-0.11169107
06D3cc,0.68365,43.1716,0.407734,42.955797,0.21580318,42.955797,0.21580318
04D4ic,0.68517,43.0166,0.366173,42.961601,0.054999376,42.961601,0.054999376
05D1ke,0.68867,42.8137,0.226508,42.974918,-0.16121787,42.974918,-0.16121787
1262214,0.68937,43.0444,0.271991,42.977574,0.066826466,42.977574,0.066826466
1262715,0.68937,42.8535,0.15677,42.977574,-0.12407353,42.977574,-0.12407353
06D3em,0.69065,42.9143,0.425857,42.982423,-0.068122928,42.982423,-0.068122928
03D4cz,0.69316,42.9162,0.318024,42.991907,-0.075707323,42.991907,-0.075707323
04D4ib,0.69716,42.9692,0.212738,43.006954,-0.037754045,43.006954,-0.037754045
06D4ba,0.69816,42.9671,0.342807,43.010703,-0.043602786,43.010703,-0.043602786
05D4cq,0.69916,43.0691,0.215345,43.014446,0.054653622,43.014446,0.054653622
05D4bj,0.69916,42.9402,0.338462,43.014446,-0.074246378,43.014446,-0.074246378
1335718,0.69933,43.1107,0.155898,43.015082,0.095617722,43.015082,0.095617722
05D2ck,0.69997,43.1147,0.29538,43.017475,0.097225076,43.017475,0.097225076
04D1si,0.70064,42.917,0.223194,43.019977,-0.10297748,43.019977,-0.10297748
04D4hu,0.70115,43.0968,0.261582,43.021881,0.074919134,43.021881,0.074919134
04D2iu,0.70197,42.8962,0.462713,43.024938,-0.12873843,43.024938,-0.12873843
05D2le,0.70198,43.0433,0.252753,43.024976,0.0183243,43.024976,0.0183243
05D3gv,0.71565,42.9944,0.245932,43.075448,-0.081047959,43.075448,-0.081047959
05D3jh,0.71867,42.8739,0.18843,43.086473,-0.21257337,43.086473,-0.21257337
1331993,0.71962,43.1638,0.204549,43.089932,0.073867582,43.089932,0.073867582
04D1aj,0.71964,42.97,0.342226,43.090005,-0.12000519,43.090005,-0.12000519
05D4ev,0.72013,43.1612,0.243162,43.091788,0.06941243,43.091788,0.06941243
06D3gh,0.72067,43.0459,0.305174,43.09375,-0.047850472,43.09375,-0.047850472
06D3do,0.72667,43.0811,0.248363,43.115466,-0.034365798,43.115466,-0.034365798
06D3bz,0.72767,43.008,0.257091,43.119068,-0.11106824,43.119068,-0.11106824
1304127,0.72861,43.005,0.283498,43.12245,-0.11745019,43.12245,-0.11745019
06D4bw,0.73012,42.9186,0.321961,43.127874,-0.20927411,43.127874,-0.20927411
1329166,0.73163,43.1799,0.196424,43.133287,0.046612752,43.133287,0.046612752
04D1pp,0.73362,42.9845,0.195902,43.140405,-0.15590471,43.140405,-0.15590471
04D2gp,0.734,43.22,0.388289,43.141762,0.078238293,43.141762,0.078238293
05D2fq,0.73501,43.2537,0.224615,43.145365,0.10833482,43.145365,0.10833482
05D1eo,0.73562,43.1807,0.25711,43.147539,0.033160775,43.147539,0.033160775
05D2ct,0.73602,43.1675,0.425639,43.148964,0.018536114,43.148964,0.018536114
05D3jk,0.73668,42.992,0.21489,43.151313,-0.15931295,43.151313,-0.15931295
04D2ja,0.74202,43.4813,0.32514,43.170245,0.31105526,43.170245,0.31105526
04D3fq,0.74269,43.0825,0.327179,43.172611,-0.090110803,43.172611,-0.090110803
05D3jb,0.74566,43.1675,0.195179,43.183074,-0.015574441,43.183074,-0.015574441
04D2kr,0.74613,42.9817,0.25474,43.184727,-0.20302662,43.184727,-0.20302662
04D4im,0.7491,42.9396,0.262488,43.195144,-0.25554382,43.195144,-0.25554382
1285160,0.74932,43.1772,0.163225,43.195914,-0.018713882,43.195914,-0.018713882
04D3ks,0.75068,42.9012,0.318716,43.200669,-0.29946941,43.200669,-0.29946941
05D2nt,0.75904,43.2469,0.233153,43.229721,0.017179454,43.229721,0.017179454
05D3mn,0.76069,43.0667,0.201161,43.235418,-0.1687178,43.235418,-0.1687178
05D4cn,0.76108,43.1767,0.236628,43.236763,-0.060062684,43.236763,-0.060062684
05D1if,0.76159,43.131,0.239872,43.23852,-0.10752037,43.23852,-0.10752037
04D1qd,0.7656,43.2369,0.225434,43.252301,-0.015401117,43.252301,-0.015401117
04D1de,0.7666,43.4224,0.250162,43.255727,0.16667315,43.255727,0.16667315
05D3hh,0.76668,43.3623,0.27025,43.256001,0.10629928,43.256001,0.10629928
04D4id,0.76707,43.5587,0.25715,43.257335,0.30136455,43.257335,0.30136455
04D1pc,0.7686,43.2929,0.311675,43.262565,0.030334631,43.262565,0.030334631
1329196,0.76933,43.2168,0.162741,43.265057,-0.048257146,43.265057,-0.048257146
05D4bi,0.77308,43.3568,0.295081,43.277821,0.078978556,43.277821,0.078978556
1325358,0.77931,43.0395,0.311092,43.298895,-0.2593954,43.298895,-0.2593954
05D4cs,0.78806,43.3042,0.232049,43.32822,-0.024019977,43.32822,-0.024019977
03D4fd,0.78905,43.3837,0.271177,43.331518,0.052182033,43.331518,0.052182033
1309749,0.78929,43.1995,0.165559,43.332317,-0.13281688,43.332317,-0.13281688
04D1ks,0.79656,42.9026,0.372096,43.356406,-0.45380628,43.356406,-0.45380628
03D1fq,0.79858,43.4338,0.288144,43.363062,0.070738205,43.363062,0.070738205
Elvis,0.83973,43.36,0.211845,43.4952,-0.13519989,43.4952,-0.13519989
Spock,0.83973,43.2012,0.390423,43.4952,-0.29399989,43.4952,-0.29399989
Manipogo,0.85474,43.6168,0.299913,43.541836,0.074963828,43.541836,0.074963828
Vilas,0.93577,43.5331,0.239939,43.780549,-0.24744877,43.780549,-0.24744877
Ombo,0.97424,44.1111,0.201519,43.886865,0.2242349,43.886865,0.2242349
SCP05D0,1.01236,44.1177,0.367085,43.98821,0.12949001,43.98821,0.12949001
Eagle,1.0198,44.2757,0.225903,44.00755,0.26815044,44.00755,0.26815044
Ferguson,1.02081,43.9706,0.47547,44.010164,-0.039564198,44.010164,-0.039564198
Strolger,1.02781,44.5364,0.353385,44.028215,0.50818457,44.028215,0.50818457
SCP06U4,1.04819,44.4229,0.488758,44.080086,0.34281442,44.080086,0.34281442
Gabi,1.12085,44.4405,0.22363,44.257204,0.18329649,44.257204,0.18329649
SCP06H5,1.23223,44.3207,0.610496,44.507629,-0.18692888,44.507629,-0.18692888
Lancaster,1.23589,44.905,0.273735,44.515468,0.38953178,44.515468,0.38953178
Aphrodite,1.29912,44.8641,0.275291,44.647339,0.21676131,44.647339,0.21676131
Thoth,1.30412,44.7206,0.316517,44.65749,0.06311043,44.65749,0.06311043
Inanna,1.30612,45.0197,0.445162,44.661539,0.35816105,44.661539,0.35816105
SCP05D6,1.31311,44.7867,0.316349,44.675643,0.11105734,44.675643,0.11105734
washington,1.32911,44.8745,0.238344,44.707643,0.16685688,44.707643,0.16685688
Borg,1.34093,44.7541,0.306395,44.731035,0.023065008,44.731035,0.023065008
SCP06G4,1.35134,44.5492,0.31846,44.751465,-0.20226483,44.751465,-0.20226483
Mcguire,1.3561,44.8094,0.238282,44.760754,0.048646432,44.760754,0.048646432
Sasquatch,1.39096,44.7944,0.374345,44.827793,-0.033392557,44.827793,-0.033392557
SCP06K0,1.41631,44.4579,0.735776,44.875485,-0.41758462,44.875485,-0.41758462
carter,1.54295,45.0902,0.371014,45.101472,-0.011272249,45.101472,-0.011272249
Primo,1.54903,45.293,0.233771,45.111843,0.18115747,45.111843,0.18115747
rutledge,1.61499,45.1595,0.333024,45.221755,-0.062254691,45.221755,-0.062254691
geta,1.69702,45.2863,0.38048,45.352226,-0.065925753,45.352226,-0.065925753
stone,1.80111,45.4865,0.281981,45.508796,-0.022296464,45.508796,-0.022296464
wilson,1.9116,45.4233,0.358642,45.665153,-0.24185344,45.665153,-0.24185344
colfax,2.2613,46.1828,0.281309,46.104893,0.077906749,46.104893,0.077906749
