Name,zcmb,mu_obs,e_mu_obs,mu_model_lcdm,residual_lcdm,mu_model_LambdaCDM,residual_LambdaCDM
2011fe,0.00122,28.9987,1.51645,28.52125,0.47745044,28.52125,0.47745044
2011fe,0.00122,29.0559,1.51747,28.52125,0.53465044,28.52125,0.53465044
2012cg,0.00256,30.7233,0.782372,30.132722,0.59057757,30.132722,0.59057757
2012cg,0.00256,30.7449,0.799068,30.132722,0.61217757,30.132722,0.61217757
2013dy,0.00293,31.5611,0.530838,30.426432,1.1346679,30.426432,1.1346679
2013dy,0.00293,31.499,0.514259,30.426432,1.0725679,30.426432,1.0725679
1994DRichmond,0.00299,30.7757,0.881212,30.470543,0.30515743,30.470543,0.30515743
1981B,0.0035,30.7946,0.614535,30.813314,-0.018713822,30.813314,-0.018713822
2001el,0.00357,31.5011,0.591006,30.856423,0.64467735,30.856423,0.64467735
2021pit,0.00366,30.9999,0.566505,30.910626,0.08927421,30.910626,0.08927421
2011by,0.00369,31.7933,0.55272,30.928398,0.86490155,30.928398,0.86490155
1998aq,0.00369,31.4967,0.545492,30.928398,0.56830155,30.928398,0.56830155
2005df_ANU,0.00435,31.3779,0.479276,31.28673,0.091169906,31.28673,0.091169906
2005df,0.00435,31.3933,0.476404,31.28673,0.10656991,31.28673,0.10656991
2011B,0.00458,31.6512,0.514401,31.398965,0.25223458,31.398965,0.25223458
1980N,0.0046,31.2476,0.558603,31.408458,-0.16085799,31.408458,-0.16085799
2012fr,0.0046,31.2234,0.410577,31.408458,-0.18505799,31.408458,-0.18505799
1992A,0.0046,31.34,0.562589,31.408458,-0.068457987,31.408458,-0.068457987
2007on,0.0046,31.7635,0.574442,31.408458,0.35504201,31.408458,0.35504201
2007on,0.0046,31.6525,0.564724,31.408458,0.24404201,31.408458,0.24404201
2012fr,0.0046,31.1331,0.446882,31.408458,-0.27535799,31.408458,-0.27535799
1990N,0.00462,31.6969,0.550993,31.41791,0.2789905,31.41791,0.2789905
2012ht,0.00465,32.033,0.420403,31.432011,0.60098942,31.432011,0.60098942
2012ht,0.00465,31.9309,0.442017,31.432011,0.49888942,31.432011,0.49888942
2017cbv,0.00478,30.4013,0.578445,31.492085,-1.0907854,31.492085,-1.0907854
2017cbv,0.00478,30.5107,0.578546,31.492085,-0.98138543,31.492085,-0.98138543
2013aa,0.00478,30.5528,0.580251,31.492085,-0.93928543,31.492085,-0.93928543
2013aa,0.00478,30.4604,0.594683,31.492085,-1.0316854,31.492085,-1.0316854
2016coj,0.00489,31.9117,0.469628,31.54166,0.37004044,31.54166,0.37004044
SN2016coj,0.00489,31.8985,0.483668,31.54166,0.35684044,31.54166,0.35684044
2007gi,0.00505,31.7403,0.491367,31.611818,0.12848163,31.611818,0.12848163
2015F,0.00515,31.539,0.407028,31.654551,-0.11555148,31.654551,-0.11555148
2015F,0.00515,31.4473,0.448264,31.654551,-0.20725148,31.654551,-0.20725148
1994ae,0.0054,32.1822,0.339643,31.757869,0.42433134,31.757869,0.42433134
2014bv,0.00548,32.4001,0.482567,31.789926,0.61017432,31.789926,0.61017432
2019np,0.0055,32.4608,0.318474,31.797867,0.66293292,31.797867,0.66293292
2019np,0.0055,32.4338,0.32229,31.797867,0.63593292,31.797867,0.63593292
2006dd,0.00551,31.1857,0.452235,31.801827,-0.616127,31.801827,-0.616127
1981D,0.00551,30.9079,0.524992,31.801827,-0.893927,31.801827,-0.893927
2007le,0.00552,32.0203,0.538159,31.80578,0.21452023,31.80578,0.21452023
2007le,0.00552,32.0754,0.533991,31.80578,0.26962023,31.80578,0.26962023
2007le,0.00552,32.0843,0.537335,31.80578,0.27852023,31.80578,0.27852023
1998dm,0.00567,32.8333,0.562902,31.86423,0.96906972,31.86423,0.96906972
1995al,0.00592,32.3593,0.359446,31.958308,0.40099226,31.958308,0.40099226
2011iv,0.00594,31.2217,0.420706,31.965662,-0.74396216,31.965662,-0.74396216
2018gv,0.00596,31.9404,0.344335,31.972992,-0.03259196,31.972992,-0.03259196
2018gv,0.00596,31.9102,0.350249,31.972992,-0.06279196,31.972992,-0.06279196
2018gv,0.00596,32.0666,0.343707,31.972992,0.09360804,31.972992,0.09360804
2015bp,0.00603,32.4685,0.487055,31.998455,0.47004523,31.998455,0.47004523
1992G,0.00611,32.4405,0.439634,32.027197,0.41330285,32.027197,0.41330285
2007af,0.00635,32.0999,0.322811,32.111228,-0.01132832,32.111228,-0.01132832
2007af,0.00635,32.0667,0.32593,32.111228,-0.04452832,32.111228,-0.04452832
2007af,0.00635,32.0023,0.36156,32.111228,-0.10892832,32.111228,-0.10892832
2007af,0.00635,32.0337,0.339166,32.111228,-0.07752832,32.111228,-0.07752832
2007sr,0.0066,31.6799,0.375913,32.195463,-0.51556317,32.195463,-0.51556317
2007sr,0.0066,31.6292,0.385756,32.195463,-0.56626317,32.195463,-0.56626317
2003du,0.00664,32.7685,0.292411,32.208645,0.55985472,32.208645,0.55985472
2003du,0.00664,32.7943,0.289134,32.208645,0.58565472,32.208645,0.58565472
2003du,0.00664,32.7423,0.294759,32.208645,0.53365472,32.208645,0.53365472
2002fk,0.00668,32.4423,0.300309,32.221749,0.22055141,32.221749,0.22055141
2002fk,0.00668,32.4642,0.300269,32.221749,0.24245141,32.221749,0.24245141
2018aoz,0.00701,31.7282,0.501431,32.326963,-0.59876269,32.326963,-0.59876269
2005cf,0.00703,32.3327,0.348317,32.33318,-0.00047989949,32.33318,-0.00047989949
2005cf,0.00703,32.3221,0.322655,32.33318,-0.011079899,32.33318,-0.011079899
2005cf,0.00703,32.3193,0.325586,32.33318,-0.013879899,32.33318,-0.013879899
2008Q,0.00722,32.3312,0.373843,32.391381,-0.06018065,32.391381,-0.06018065
2008Q,0.00722,32.2998,0.396652,32.391381,-0.09158065,32.391381,-0.09158065
2017erp,0.00727,32.1729,0.371125,32.406443,-0.23354338,32.406443,-0.23354338
2017erp,0.00727,32.2048,0.34795,32.406443,-0.20164338,32.406443,-0.20164338
2017erp,0.00727,32.1951,0.34053,32.406443,-0.21134338,32.406443,-0.21134338
1991M,0.00758,33.2138,0.462834,32.497593,0.71620745,32.497593,0.71620745
2003kf,0.00769,32.6418,0.362719,32.529047,0.11275321,32.529047,0.11275321
1998dh,0.00769,32.6151,0.317457,32.529047,0.086053214,32.529047,0.086053214
1998dh,0.00769,32.7164,0.317031,32.529047,0.18735321,32.529047,0.18735321
ASASSN-15so,0.00773,32.7527,0.26758,32.540374,0.21232616,32.540374,0.21232616
2013gh,0.00775,32.6922,0.484865,32.546016,0.14618447,32.546016,0.14618447
2013gh,0.00775,32.521,0.465611,32.546016,-0.02501553,32.546016,-0.02501553
1995D,0.0078,32.484,0.342662,32.560057,-0.076056633,32.560057,-0.076056633
2012hr,0.00788,32.7092,0.367554,32.582337,0.12686274,32.582337,0.12686274
2001bg,0.00796,32.6928,0.359218,32.604394,0.088405956,32.604394,0.088405956
2009ig,0.00801,32.6707,0.286975,32.618068,0.052632138,32.618068,0.052632138
1997br,0.00801,31.7321,0.531169,32.618068,-0.88596786,32.618068,-0.88596786
2009ig,0.00801,32.7434,0.280148,32.618068,0.12533214,32.618068,0.12533214
2009ig,0.00801,32.3711,0.371926,32.618068,-0.24696786,32.618068,-0.24696786
1996X,0.00812,31.9733,0.415464,32.647854,-0.67455387,32.647854,-0.67455387
PSNJ0717457,0.00812,32.7223,0.383433,32.647854,0.074446125,32.647854,0.074446125
2019ein,0.00837,32.8616,0.327035,32.714084,0.14751626,32.714084,0.14751626
2005am,0.00841,32.335,0.337879,32.724498,-0.38949765,32.724498,-0.38949765
2005am,0.00841,32.3945,0.331296,32.724498,-0.32999765,32.724498,-0.32999765
2005am,0.00841,32.3744,0.338325,32.724498,-0.35009765,32.724498,-0.35009765
2002er,0.00853,32.799,0.368859,32.755446,0.043553526,32.755446,0.043553526
2002er,0.00853,32.7498,0.409525,32.755446,-0.0056464743,32.755446,-0.0056464743
2005W,0.00861,32.852,0.318032,32.775839,0.076160515,32.775839,0.076160515
1996Z,0.00867,32.4455,0.490787,32.791011,-0.34551101,32.791011,-0.34551101
PTF10icb,0.009,33.4753,0.372879,32.872633,0.6026672,32.872633,0.6026672
2009an,0.00921,33.2253,0.299086,32.923039,0.30226055,32.923039,0.30226055
2009an,0.00921,33.3378,0.306294,32.923039,0.41476055,32.923039,0.41476055
1997bp,0.00931,32.4198,0.425219,32.946643,-0.52684255,32.946643,-0.52684255
1998es,0.00957,32.9165,0.372831,33.006851,-0.090351116,33.006851,-0.090351116
1998es,0.00957,32.8029,0.35789,33.006851,-0.20395112,33.006851,-0.20395112
2021hpr,0.00958,33.0869,0.343916,33.009134,0.07776575,33.009134,0.07776575
2006D,0.00966,32.8914,0.286425,33.027315,-0.13591454,33.027315,-0.13591454
2006D,0.00966,32.9159,0.285505,33.027315,-0.11141454,33.027315,-0.11141454
2006D,0.00966,32.8973,0.282867,33.027315,-0.13001454,33.027315,-0.13001454
1999ac,0.00979,32.9674,0.341878,33.056541,-0.089140921,33.056541,-0.089140921
1999ac,0.00979,32.9182,0.365223,33.056541,-0.13834092,33.056541,-0.13834092
2004S,0.0098,33.1236,0.317227,33.058773,0.064826889,33.058773,0.064826889
1997bq,0.00993,33.0683,0.324016,33.087587,-0.019287483,33.087587,-0.019287483
2008fv_comb,0.00993,33.1809,0.377969,33.087587,0.093312517,33.087587,0.093312517
2002cr,0.00998,33.2469,0.254885,33.09857,0.14832972,33.09857,0.14832972
1999cp,0.00998,33.0399,0.268981,33.09857,-0.058670285,33.09857,-0.058670285
1999cp,0.00998,33.2135,0.253629,33.09857,0.11492972,33.09857,0.11492972
2002cr,0.00998,33.2309,0.251906,33.09857,0.13232972,33.09857,0.13232972
2013cs,0.01029,32.3353,0.401367,33.165468,-0.83016761,33.165468,-0.83016761
ASASSN-16jf,0.0104,33.5709,0.314858,33.188725,0.38217472,33.188725,0.38217472
2006bh,0.01042,33.2788,0.247952,33.192928,0.085872312,33.192928,0.085872312
2013E,0.01042,32.7794,0.348547,33.192928,-0.41352769,33.192928,-0.41352769
1997do,0.01048,33.1081,0.364668,33.205487,-0.097387041,33.205487,-0.097387041
2002dp,0.01049,33.2931,0.27457,33.207573,0.085526677,33.207573,0.085526677
2002dp,0.01049,33.3806,0.309009,33.207573,0.17302668,33.207573,0.17302668
2009Y,0.0105,32.7458,0.360296,33.209658,-0.46385763,33.209658,-0.46385763
2009Y,0.0105,32.9015,0.334006,33.209658,-0.30815763,33.209658,-0.30815763
2009Y,0.0105,32.6457,0.409088,33.209658,-0.56395763,33.209658,-0.56395763
2002dj,0.01051,32.901,0.309548,33.21174,-0.31073997,33.21174,-0.31073997
2002dj,0.01051,32.8654,0.334488,33.21174,-0.34633997,33.21174,-0.34633997
2010ko,0.01096,33.8347,0.353909,33.303465,0.53123464,33.303465,0.53123464
2013ex,0.01096,33.4947,0.325172,33.303465,0.19123464,33.303465,0.19123464
2013ex,0.01096,33.4336,0.283424,33.303465,0.13013464,33.303465,0.13013464
2010Y,0.01142,33.7403,0.254135,33.393444,0.34685595,33.393444,0.34685595
2011ao,0.01168,33.4974,0.301502,33.442724,0.054676301,33.442724,0.054676301
2009ab,0.01189,33.5833,0.281169,33.481738,0.10156155,33.481738,0.10156155
2002ha,0.0122,33.708,0.24076,33.5381,0.16989993,33.5381,0.16989993
2002ha,0.0122,33.7246,0.250097,33.5381,0.18649993,33.5381,0.18649993
AT2017cfd,0.01222,33.5752,0.292564,33.541687,0.033512631,33.541687,0.033512631
2017cfd,0.01222,33.5673,0.284786,33.541687,0.025612631,33.541687,0.025612631
iPTF13ebh,0.01238,33.7337,0.342487,33.570178,0.16352206,33.570178,0.16352206
iPTF13ebh,0.01238,33.6369,0.29522,33.570178,0.066722059,33.570178,0.066722059
2009kk,0.01244,33.7023,0.266666,33.580768,0.12153213,33.580768,0.12153213
2009kq,0.01247,33.5178,0.26619,33.586044,-0.068243858,33.586044,-0.068243858
2009kq,0.01247,33.5874,0.26006,33.586044,0.0013561421,33.586044,0.0013561421
2008R,0.0126,33.8286,0.265115,33.608762,0.21983801,33.608762,0.21983801
2001cz,0.01275,33.8783,0.346381,33.634688,0.24361178,33.634688,0.24361178
2007hj,0.01288,33.9846,0.299399,33.656914,0.32768581,33.656914,0.32768581
2007hj,0.01288,33.9682,0.303693,33.656914,0.31128581,33.656914,0.31128581
2007hj,0.01288,33.9247,0.304606,33.656914,0.26778581,33.656914,0.26778581
2001ep,0.01306,33.6365,0.287379,33.687324,-0.050824272,33.687324,-0.050824272
2001ep,0.01306,33.5028,0.331124,33.687324,-0.18452427,33.687324,-0.18452427
2013gy,0.01309,33.7355,0.239783,33.692352,0.043147803,33.692352,0.043147803
2013gy,0.01309,33.7607,0.28722,33.692352,0.068347803,33.692352,0.068347803
1997E,0.01314,33.7649,0.288791,33.700707,0.064193252,33.700707,0.064193252
1999dq,0.01334,33.52,0.273536,33.733813,-0.21381284,33.733813,-0.21381284
1999dq,0.01334,33.4717,0.261601,33.733813,-0.26211284,33.733813,-0.26211284
2008hv,0.0136,33.797,0.277855,33.776123,0.020877007,33.776123,0.020877007
2008hv,0.0136,33.772,0.235755,33.776123,-0.004122993,33.776123,-0.004122993
2008hv,0.0136,33.7683,0.232778,33.776123,-0.007822993,33.776123,-0.007822993
2007cv,0.01361,33.6741,0.345367,33.777734,-0.10363426,33.777734,-0.10363426
2005kc,0.01386,34.0249,0.352338,33.817639,0.2072608,33.817639,0.2072608
2005kc,0.01386,34.0187,0.307194,33.817639,0.2010608,33.817639,0.2010608
1999dk,0.014,33.8053,0.288803,33.839676,-0.034375634,33.839676,-0.034375634
1999dk,0.014,33.6651,0.296207,33.839676,-0.17457563,33.839676,-0.17457563
2011df,0.01402,33.8524,0.277558,33.842806,0.0095941363,33.842806,0.0095941363
ASASSN-16dn,0.01406,33.8206,0.250873,33.849053,-0.028453076,33.849053,-0.028453076
2001bt,0.01407,33.7492,0.416658,33.850612,-0.10141213,33.850612,-0.10141213
2006N,0.01416,33.9078,0.240515,33.864594,0.043205584,33.864594,0.043205584
2004eo,0.0142,33.8826,0.249316,33.870781,0.011819464,33.870781,0.011819464
2003gt,0.01422,33.9253,0.243928,33.873867,0.051432874,33.873867,0.051432874
ASASSN-16la,0.01424,33.8444,0.265489,33.876949,-0.03254942,33.876949,-0.03254942
2013fa,0.01429,33.7894,0.397352,33.884636,-0.095236438,33.884636,-0.095236438
1992al,0.01434,33.6968,0.233531,33.892297,-0.19549686,33.892297,-0.19549686
2001fe,0.01448,33.8916,0.240694,33.913606,-0.022006164,33.913606,-0.022006164
PSNJ2043531,0.01449,34.1902,0.372674,33.91512,0.27507956,33.91512,0.27507956
2013gq,0.01457,33.7526,0.2163,33.927198,-0.17459753,33.927198,-0.17459753
2000dm,0.01472,34.0109,0.270222,33.949666,0.061233853,33.949666,0.061233853
2005el,0.01483,33.974,0.229564,33.966,0.0080004781,33.966,0.0080004781
2005el,0.01483,33.9261,0.231708,33.966,-0.039899522,33.966,-0.039899522
2011im,0.01493,34.2732,0.34036,33.980744,0.2924557,33.980744,0.2924557
2005de,0.01495,34.1793,0.26677,33.983682,0.19561848,33.983682,0.19561848
2005bo,0.01503,33.7553,0.390506,33.995392,-0.24009163,33.995392,-0.24009163
2005bo,0.01503,33.7189,0.39282,33.995392,-0.27649163,33.995392,-0.27649163
2006td,0.01504,34.1727,0.365029,33.996851,0.17584895,33.996851,0.17584895
2008ec,0.01506,34.1302,0.33431,33.999767,0.13043298,33.999767,0.13043298
2008ec,0.01506,34.1732,0.264363,33.999767,0.17343298,33.999767,0.17343298
2007ca,0.01509,34.3366,0.370715,34.004134,0.3324662,34.004134,0.3324662
2007ca,0.01509,34.1781,0.396908,34.004134,0.1739662,34.004134,0.1739662
2001cn,0.01509,33.8877,0.294985,34.004134,-0.1164338,34.004134,-0.1164338
2007ca,0.01509,34.252,0.397235,34.004134,0.2478662,34.004134,0.2478662
ATLAS16cxr,0.01518,34.3426,0.372888,34.017183,0.32541726,34.017183,0.32541726
ASASSN-16ad,0.01522,34.0334,0.344305,34.022958,0.010442285,34.022958,0.010442285
2009nq,0.01527,34.1657,0.28688,34.030155,0.13554466,34.030155,0.13554466
SN2017jl,0.01529,33.7706,0.30219,34.033028,-0.26242786,34.033028,-0.26242786
1999ej,0.01534,34.2581,0.272528,34.040193,0.21790707,34.040193,0.21790707
1999ej,0.01534,34.2112,0.258071,34.040193,0.17100707,34.040193,0.17100707
2001en,0.01534,33.9994,0.28632,34.040193,-0.040792927,34.040193,-0.040792927
2001en,0.01534,33.8852,0.313932,34.040193,-0.15499293,34.040193,-0.15499293
2002cs,0.01538,34.0329,0.272511,34.045908,-0.013008357,34.045908,-0.013008357
2008eo,0.01539,34.3317,0.278713,34.047335,0.28436508,34.047335,0.28436508
2001bf,0.01556,33.9004,0.218994,34.071447,-0.17104708,34.071447,-0.17104708
2001bf,0.01556,33.9926,0.239289,34.071447,-0.078847076,34.071447,-0.078847076
iPTF16auf,0.01566,34.0744,0.314862,34.085509,-0.011109219,34.085509,-0.011109219
2013fw,0.0157,34.1608,0.218117,34.091109,0.069690787,34.091109,0.069690787
2008bc,0.01572,34.0331,0.226465,34.093904,-0.060803919,34.093904,-0.060803919
1999aa,0.01579,34.1323,0.209471,34.103658,0.028642241,34.103658,0.028642241
ASASSN-15oh,0.01579,34.3916,0.270341,34.103658,0.28794224,34.103658,0.28794224
1999aa,0.01579,34.1663,0.242893,34.103658,0.062642241,34.103658,0.062642241
iPTF13dge,0.01581,34.2793,0.261916,34.106437,0.17286329,34.106437,0.17286329
2001V,0.01592,33.7902,0.290577,34.121659,-0.33145906,34.121659,-0.33145906
2001V,0.01592,33.8072,0.290395,34.121659,-0.31445906,34.121659,-0.31445906
2010kg,0.01595,33.9999,0.334729,34.125793,-0.12589256,34.125793,-0.12589256
PSNJ0107203,0.01601,33.9673,0.284408,34.134037,-0.16673652,34.134037,-0.16673652
1998ef,0.0161,33.841,0.289311,34.146345,-0.30534533,34.146345,-0.30534533
1998ef,0.0161,33.8975,0.264562,34.146345,-0.24884533,34.146345,-0.24884533
2013Q,0.01612,33.9726,0.41528,34.149071,-0.17647137,34.149071,-0.17647137
1994S,0.01619,34.0287,0.224824,34.158586,-0.12988626,34.158586,-0.12988626
2007ss,0.01619,34.4137,0.34637,34.158586,0.25511374,34.158586,0.25511374
2013hn,0.01629,34.0697,0.290382,34.172109,-0.10240861,34.172109,-0.10240861
2005al,0.01629,33.9986,0.219937,34.172109,-0.17350861,34.172109,-0.17350861
SN2016gfr,0.0163,33.8985,0.245383,34.173456,-0.27495632,34.173456,-0.27495632
ASASSN-16ip,0.01632,34.1679,0.246475,34.176149,-0.0082493039,34.176149,-0.0082493039
2007fs,0.01633,34.3408,0.198023,34.177495,0.16330543,34.177495,0.16330543
iPTF14bdn,0.01636,34.1062,0.281582,34.181525,-0.075325486,34.181525,-0.075325486
2007A,0.01646,34.5341,0.341619,34.194909,0.33919073,34.194909,0.33919073
2007A,0.01646,34.4649,0.358327,34.194909,0.26999073,34.194909,0.26999073
2004fz,0.01646,33.7799,0.330633,34.194909,-0.41500927,34.194909,-0.41500927
2000dk,0.01649,34.1517,0.257136,34.198909,-0.047208728,34.198909,-0.047208728
2000dk,0.01649,34.1436,0.28269,34.198909,-0.055308728,34.198909,-0.055308728
2001da,0.01658,34.2003,0.325329,34.210864,-0.010564069,34.210864,-0.010564069
2001da,0.01658,34.022,0.308995,34.210864,-0.18886407,34.210864,-0.18886407
1997Y,0.01661,34.1973,0.214463,34.214835,-0.017534925,34.214835,-0.017534925
ASASSN-15ti,0.01671,34.4894,0.310314,34.22802,0.26137992,34.22802,0.26137992
1996bv,0.01673,34.0755,0.297815,34.230648,-0.15514775,34.230648,-0.15514775
ASASSN-15od,0.01678,34.3409,0.228387,34.237203,0.10369665,34.237203,0.10369665
2007fb,0.0168,34.4009,0.221698,34.23982,0.16107982,34.23982,0.16107982
2007fb,0.0168,34.5101,0.231239,34.23982,0.27027982,34.23982,0.27027982
2006ef,0.01694,34.361,0.220285,34.258052,0.10294777,34.258052,0.10294777
ASASSN-15kx,0.01697,34.6084,0.219814,34.26194,0.34646029,34.26194,0.34646029
2008C,0.01709,34.2669,0.262425,34.277422,-0.010521984,34.277422,-0.010521984
2008C,0.01709,34.31,0.263557,34.277422,0.032578016,34.277422,0.032578016
1998V,0.01718,34.1465,0.231417,34.288963,-0.14246333,34.288963,-0.14246333
2008L,0.01734,34.3364,0.210115,34.309334,0.027065525,34.309334,0.027065525
2008L,0.01734,34.2464,0.213428,34.309334,-0.062934475,34.309334,-0.062934475
2009le,0.01739,34.2939,0.246602,34.315662,-0.021762369,34.315662,-0.021762369
2009le,0.01739,34.2418,0.22287,34.315662,-0.073862369,34.315662,-0.073862369
2013gs,0.01748,34.2221,0.320412,34.327007,-0.1049074,34.327007,-0.1049074
2000dr,0.01765,34.2975,0.318912,34.34828,-0.050780252,34.34828,-0.050780252
2006ax,0.01774,34.3133,0.19782,34.359461,-0.04616052,34.359461,-0.04616052
2006ax,0.01774,34.3228,0.200241,34.359461,-0.03666052,34.359461,-0.03666052
2007as,0.01791,34.2661,0.234211,34.380427,-0.11432672,34.380427,-0.11432672
ASASSN-17co,0.01791,34.2005,0.280568,34.380427,-0.17992672,34.380427,-0.17992672
PS15coh,0.01796,34.4393,0.226901,34.386556,0.05274417,34.386556,0.05274417
1992bo,0.01805,34.6078,0.20147,34.397546,0.21025413,34.397546,0.21025413
2011fs,0.01822,34.5466,0.215514,34.418158,0.12844208,34.418158,0.12844208
2011fs,0.01822,34.4866,0.321023,34.418158,0.068442077,34.418158,0.068442077
2008hs,0.01835,34.7394,0.433516,34.433792,0.30560771,34.433792,0.30560771
2008hs,0.01835,34.757,0.466611,34.433792,0.32320771,34.433792,0.32320771
ASASSN-16cs,0.01839,34.4286,0.281407,34.438581,-0.0099808564,34.438581,-0.0099808564
ATLAS16cpu,0.01851,34.5716,0.239989,34.452885,0.11871493,34.452885,0.11871493
2016ffh,0.01851,34.6171,0.238984,34.452885,0.16421493,34.452885,0.16421493
2016W,0.01855,34.3648,0.295725,34.457633,-0.0928328,34.457633,-0.0928328
2002jy,0.0187,34.9988,0.187715,34.475347,0.52345284,34.475347,0.52345284
2000cu,0.01902,34.6066,0.277471,34.512673,0.093926563,34.512673,0.093926563
2010ai,0.01918,34.9792,0.21848,34.531105,0.44809533,34.531105,0.44809533
2009gf,0.01925,34.492,0.255362,34.539121,-0.047120647,34.539121,-0.047120647
2009gf,0.01925,34.576,0.296243,34.539121,0.036879353,34.539121,0.036879353
2006ej,0.01926,34.5995,0.188309,34.540263,0.059236564,34.540263,0.059236564
2006ej,0.01926,34.6482,0.187832,34.540263,0.10793656,34.540263,0.10793656
2006ej,0.01926,34.5012,0.295566,34.540263,-0.039063436,34.540263,-0.039063436
2006ej,0.01926,34.576,0.189903,34.540263,0.035736564,34.540263,0.035736564
2002kf,0.01948,34.6854,0.204275,34.565258,0.12014228,34.565258,0.12014228
2006kf,0.01955,34.8085,0.195531,34.573152,0.23534796,34.573152,0.23534796
2006kf,0.01955,34.7747,0.195403,34.573152,0.20154796,34.573152,0.20154796
1992bc,0.01976,34.5121,0.199486,34.596669,-0.084568678,34.596669,-0.084568678
SN2016ajf,0.01978,34.7627,0.339971,34.598895,0.16380452,34.598895,0.16380452
2001dl,0.01983,35.1263,0.375783,34.604453,0.52184723,34.604453,0.52184723
2007au,0.01992,34.6865,0.406241,34.614421,0.072078853,34.614421,0.072078853
AT2016eoa,0.01993,34.6693,0.230687,34.615526,0.053774001,34.615526,0.053774001
ASASSN-16lc,0.02001,34.6956,0.216494,34.624345,0.071254825,34.624345,0.071254825
ASASSN-17bs,0.02014,34.5647,0.249505,34.638602,-0.073902397,34.638602,-0.073902397
2018fop,0.02017,34.5899,0.199177,34.64188,-0.051979628,34.64188,-0.051979628
ATLAS16dqf,0.02019,34.5749,0.375822,34.644062,-0.069161778,34.644062,-0.069161778
2016hpw,0.02019,34.8165,0.241825,34.644062,0.17243822,34.644062,0.17243822
2009ds,0.02033,34.5072,0.233893,34.659277,-0.15207738,34.659277,-0.15207738
2009ds,0.02033,34.702,0.19246,34.659277,0.042722625,34.659277,0.042722625
PSNJ1602512,0.02039,34.556,0.333904,34.665767,-0.10976672,34.665767,-0.10976672
2001br,0.02046,34.8118,0.300223,34.673314,0.13848614,34.673314,0.13848614
2007st,0.02061,34.4168,0.217156,34.689401,-0.2726009,34.689401,-0.2726009
2005ki,0.02066,34.5709,0.187708,34.694738,-0.12383759,34.694738,-0.12383759
2005ki,0.02066,34.4931,0.19075,34.694738,-0.20163759,34.694738,-0.20163759
2005ki,0.02066,34.5656,0.177716,34.694738,-0.12913759,34.694738,-0.12913759
2010A,0.02079,34.4863,0.330445,34.708554,-0.22225358,34.708554,-0.22225358
2003W,0.02087,34.6349,0.254511,34.717013,-0.082113445,34.717013,-0.082113445
2003W,0.02087,34.674,0.230899,34.717013,-0.043013445,34.717013,-0.043013445
ASASSN-16lg,0.02093,34.375,0.203089,34.723337,-0.34833738,34.723337,-0.34833738
ASASSN-15uv,0.02104,34.6114,0.393324,34.734885,-0.12348496,34.734885,-0.12348496
ASASSN-15lg,0.02121,34.6552,0.214591,34.752615,-0.097414641,34.752615,-0.097414641
2006et,0.0214,34.7742,0.253646,34.772265,0.0019348981,34.772265,0.0019348981
2006et,0.0214,34.7583,0.283448,34.772265,-0.013965102,34.772265,-0.013965102
2008Z,0.02146,35.118,0.310686,34.778435,0.33956521,34.778435,0.33956521
2008Z,0.02146,35.2056,0.304103,34.778435,0.42716521,34.778435,0.42716521
ASASSN-18da,0.02157,34.7709,0.195863,34.789702,-0.018801831,34.789702,-0.018801831
2006dm,0.02161,34.8059,0.18018,34.793785,0.0121151,34.793785,0.0121151
2006dm,0.02161,34.8234,0.25811,34.793785,0.0296151,34.793785,0.0296151
2009dc,0.02179,34.3468,0.19901,34.812067,-0.46526699,34.812067,-0.46526699
2000fa,0.02181,34.759,0.288719,34.814089,-0.055089136,34.814089,-0.055089136
2000fa,0.02181,34.7997,0.25527,34.814089,-0.014389136,34.814089,-0.014389136
2007bc,0.02187,34.7344,0.177177,34.820145,-0.085744627,34.820145,-0.085744627
2007bc,0.02187,34.7419,0.187753,34.820145,-0.078244627,34.820145,-0.078244627
2007bc,0.02187,34.7561,0.180584,34.820145,-0.064044627,34.820145,-0.064044627
1995ak,0.02193,34.6739,0.247785,34.826184,-0.15228377,34.826184,-0.15228377
ASASSN-18iu,0.02202,34.8847,0.186029,34.835212,0.049487992,34.835212,0.049487992
2004bw,0.02207,34.8194,0.196425,34.840212,-0.020811997,34.840212,-0.020811997
2009na,0.02209,34.7477,0.199095,34.842209,-0.094508867,34.842209,-0.094508867
2004bg,0.02214,34.8704,0.204479,34.847193,0.023206741,34.847193,0.023206741
2004bg,0.02214,34.7727,0.199004,34.847193,-0.074493259,34.847193,-0.074493259
2002cu,0.02217,34.7814,0.224663,34.850179,-0.068778571,34.850179,-0.068778571
ASASSN-15tz,0.0222,34.9543,0.274039,34.85316,0.10114009,34.85316,0.10114009
PS15cku,0.02222,35.0537,0.229702,34.855145,0.19855474,34.855145,0.19855474
2002ef,0.02224,34.6849,0.358325,34.857129,-0.17222885,34.857129,-0.17222885
2006bq,0.02226,34.8693,0.2033,34.859111,0.010189317,34.859111,0.010189317
ATLAS16dpb,0.02238,35.0481,0.288632,34.870965,0.17713503,34.870965,0.17713503
2001cp,0.02245,34.9654,0.216973,34.877851,0.087548925,34.877851,0.087548925
ASASSN-17aj,0.02253,34.7306,0.243141,34.885695,-0.15509506,34.885695,-0.15509506
ASASSN-16bn,0.02253,35.0392,0.214526,34.885695,0.15350494,34.885695,0.15350494
2008ia,0.02257,34.9245,0.169837,34.889607,0.034893237,34.889607,0.034893237
2000cn,0.0226,34.9712,0.237284,34.892536,0.078663937,34.892536,0.078663937
2000cn,0.0226,34.9992,0.267367,34.892536,0.10666394,34.892536,0.10666394
ASASSN-14fa,0.02262,34.883,0.27497,34.894487,-0.011486802,34.894487,-0.011486802
1999dg,0.02263,34.8589,0.246447,34.895462,-0.036561534,34.895462,-0.036561534
2007qe,0.0228,35.0406,0.206572,34.911967,0.12863262,34.911967,0.12863262
2007qe,0.0228,34.9509,0.259128,34.911967,0.038932622,34.911967,0.038932622
2004at,0.02287,34.9168,0.178524,34.918729,-0.0019286903,34.918729,-0.0019286903
SNF20080514-002,0.02292,35.0136,0.216159,34.923546,0.09005427,34.923546,0.09005427
2007ci,0.02295,34.6478,0.266962,34.926431,-0.27863099,34.926431,-0.27863099
2007ci,0.02295,34.4301,0.279423,34.926431,-0.49633099,34.926431,-0.49633099
ASASSN-16em,0.02296,34.994,0.277383,34.927392,0.066608086,34.927392,0.066608086
2006sr,0.02307,34.9949,0.180801,34.937935,0.056965011,34.937935,0.056965011
ASASSN-15nr,0.02309,34.8331,0.263771,34.939847,-0.10674659,34.939847,-0.10674659
2009cz,0.02315,34.8582,0.260273,34.945572,-0.087371626,34.945572,-0.087371626
2009cz,0.02315,34.8582,0.170636,34.945572,-0.087371626,34.945572,-0.087371626
2014ai,0.02317,35.0225,0.271221,34.947477,0.075023276,34.947477,0.075023276
2009jb,0.02324,34.7666,0.340338,34.954132,-0.18753184,34.954132,-0.18753184
2009al,0.02328,34.9851,0.282579,34.957926,0.027174099,34.957926,0.027174099
2009al,0.02328,35.0081,0.221692,34.957926,0.050174099,34.957926,0.050174099
2009al,0.02328,34.9783,0.225403,34.957926,0.020374099,34.957926,0.020374099
ATLAS17bas,0.02331,34.5715,0.261746,34.960767,-0.38926724,34.960767,-0.38926724
2006cp,0.02334,34.8603,0.24312,34.963605,-0.10330498,34.963605,-0.10330498
2006cp,0.02334,34.7714,0.302654,34.963605,-0.19220498,34.963605,-0.19220498
ASASSN-15sf,0.02349,35.2317,0.235205,34.97774,0.25395999,34.97774,0.25395999
2017hoq,0.0235,34.985,0.19074,34.978679,0.0063208212,34.978679,0.0063208212
1998eg,0.02358,35.1018,0.195014,34.986178,0.11562158,34.986178,0.11562158
2010cr,0.02368,35.2685,0.304874,34.995517,0.27298267,34.995517,0.27298267
ASASSN-15il,0.02374,34.8584,0.20127,35.001102,-0.14270205,35.001102,-0.14270205
AT2017cfb,0.02382,34.8438,0.220547,35.008527,-0.16472677,35.008527,-0.16472677
PS16ccn,0.02395,35.1784,0.189112,35.02054,0.15786026,35.02054,0.15786026
2006ac,0.02395,34.9871,0.184147,35.02054,-0.033439743,35.02054,-0.033439743
2006ac,0.02395,34.953,0.198064,35.02054,-0.067539743,35.02054,-0.067539743
ASASSN-15jt,0.02396,34.889,0.403697,35.021461,-0.13246116,35.021461,-0.13246116
2003he,0.02404,35.0862,0.240547,35.028819,0.057381129,35.028819,0.057381129
2004bk,0.02405,34.8391,0.21588,35.029737,-0.19063689,35.029737,-0.19063689
ASASSN-16hz,0.02406,34.8112,0.317595,35.030655,-0.21945453,35.030655,-0.21945453
2003it,0.02413,35.079,0.205996,35.037068,0.041932455,35.037068,0.041932455
2005bg,0.02414,35.0102,0.201948,35.037982,-0.027782194,35.037982,-0.027782194
2007F,0.0242,35.084,0.183555,35.043462,0.040537729,35.043462,0.040537729
2007F,0.0242,34.9421,0.208286,35.043462,-0.10136227,35.043462,-0.10136227
2000bh,0.02421,34.8782,0.224067,35.044374,-0.16617432,35.044374,-0.16617432
2010ao,0.02422,34.943,0.2098,35.045286,-0.10228599,35.045286,-0.10228599
AT2016bln,0.02425,35.0771,0.195416,35.048019,0.029081204,35.048019,0.029081204
2004br,0.02426,34.807,0.18246,35.048929,-0.24192899,35.048929,-0.24192899
1994M,0.02426,34.9528,0.213795,35.048929,-0.096128991,35.048929,-0.096128991
2010gp,0.02436,34.4711,0.398476,35.058011,-0.58691069,35.058011,-0.58691069
PS1-14xw,0.02436,35.1049,0.31033,35.058011,0.046889312,35.058011,0.046889312
2011dn,0.02443,34.4583,0.333265,35.064346,-0.60604607,35.064346,-0.60604607
2018enc,0.0245,34.9998,0.217718,35.070664,-0.070863614,35.070664,-0.070863614
1993H,0.0245,35.1803,0.232251,35.070664,0.10963639,35.070664,0.10963639
2008bf,0.02451,35.0521,0.231261,35.071565,-0.01946467,35.071565,-0.01946467
2008bf,0.02451,34.8898,0.233972,35.071565,-0.18176467,35.071565,-0.18176467
2008bf,0.02451,35.1061,0.235556,35.071565,0.03453533,35.071565,0.03453533
2000ca,0.02454,34.8993,0.190331,35.074266,-0.17496567,35.074266,-0.17496567
2002he,0.02469,35.1139,0.15531,35.087722,0.026177891,35.087722,0.026177891
2002he,0.02469,35.1145,0.174825,35.087722,0.026777891,35.087722,0.026777891
PSNJ0153424,0.02474,35.1828,0.233724,35.09219,0.090610282,35.09219,0.090610282
2009D,0.02476,35.008,0.162015,35.093974,-0.085974274,35.093974,-0.085974274
2009D,0.02476,34.9493,0.170871,35.093974,-0.14467427,35.093974,-0.14467427
2009D,0.02476,35.0746,0.209952,35.093974,-0.019374274,35.093974,-0.019374274
2007cq,0.02481,35.009,0.176889,35.098429,-0.089429468,35.098429,-0.089429468
2007cq,0.02481,34.8369,0.288042,35.098429,-0.26152947,35.098429,-0.26152947
2007cq,0.02481,34.8482,0.181918,35.098429,-0.25022947,35.098429,-0.25022947
2001cj,0.02491,35.1973,0.228493,35.107313,0.089986585,35.107313,0.089986585
SN2017hn,0.02492,35.0621,0.190177,35.1082,-0.046099879,35.1082,-0.046099879
2002bf,0.02494,34.9063,0.269066,35.109972,-0.20367176,35.109972,-0.20367176
2002bf,0.02494,34.9441,0.240723,35.109972,-0.16587176,35.109972,-0.16587176
AT2017cfc,0.02499,35.0276,0.190198,35.114395,-0.086795346,35.114395,-0.086795346
2012bh,0.025,35.1989,0.238281,35.115279,0.083620981,35.115279,0.083620981
2007sw,0.025,34.9117,0.306484,35.115279,-0.20357902,35.115279,-0.20357902
370356,0.025,35.2277,0.204374,35.115279,0.11242098,35.115279,0.11242098
PS15ahs,0.02522,35.1974,0.185937,35.134632,0.062767654,35.134632,0.062767654
PSNJ2352371,0.02525,35.4014,0.200491,35.137259,0.26414144,35.137259,0.26414144
SN2017ms,0.02538,35.1181,0.200181,35.148603,-0.030503468,35.148603,-0.030503468
2018jjd,0.02547,34.9842,0.185284,35.156424,-0.1722242,35.156424,-0.1722242
Gaia16agf,0.02553,35.2152,0.268527,35.161623,0.053577059,35.161623,0.053577059
ASASSN-15uu,0.02579,35.0223,0.372346,35.184013,-0.16171283,35.184013,-0.16171283
ASASSN-16bq,0.02582,35.1882,0.176701,35.186582,0.0016180171,35.186582,0.0016180171
2005M,0.02584,35.2931,0.179545,35.188293,0.10480688,35.188293,0.10480688
2005M,0.02584,34.835,0.348314,35.188293,-0.35329312,35.188293,-0.35329312
2005M,0.02584,35.1081,0.198242,35.188293,-0.080193121,35.188293,-0.080193121
1992ag,0.02592,34.7664,0.344692,35.195125,-0.42872467,35.195125,-0.42872467
2005ms,0.02595,35.308,0.179587,35.197681,0.11031884,35.197681,0.11031884
2005mc,0.02597,35.3429,0.323231,35.199384,0.14351613,35.199384,0.14351613
2005mc,0.02597,35.2855,0.288909,35.199384,0.086116125,35.199384,0.086116125
1999gp,0.02603,35.2892,0.205883,35.204484,0.084715715,35.204484,0.084715715
1999gp,0.02603,35.2688,0.183373,35.204484,0.064315715,35.204484,0.064315715
SN2017mf,0.02618,35.3111,0.17873,35.217185,0.093915084,35.217185,0.093915084
2002eb,0.02633,35.2673,0.172357,35.229814,0.037485793,35.229814,0.037485793
SNF20071021-000,0.0264,35.3224,0.216057,35.235684,0.086716309,35.235684,0.086716309
1992P,0.02643,35.313,0.220137,35.238195,0.074805497,35.238195,0.074805497
ASASSN-17at,0.02643,35.2513,0.18676,35.238195,0.013105497,35.238195,0.013105497
2007co,0.02655,35.227,0.261645,35.24821,-0.021209814,35.24821,-0.021209814
2007co,0.02655,35.1118,0.346591,35.24821,-0.13640981,35.24821,-0.13640981
2007co,0.02655,35.3437,0.230789,35.24821,0.095490186,35.24821,0.095490186
2007su,0.0266,35.3042,0.352852,35.25237,0.051830265,35.25237,0.051830265
ASASSN-16av,0.02676,35.3467,0.289875,35.26563,0.081069974,35.26563,0.081069974
ASASSN-15mf,0.02691,35.1184,0.181369,35.277991,-0.15959097,35.277991,-0.15959097
2010ii,0.02704,35.1306,0.184771,35.288649,-0.15804915,35.288649,-0.15804915
2005na,0.02717,35.1538,0.186856,35.299257,-0.14545709,35.299257,-0.14545709
2005na,0.02717,35.113,0.172724,35.299257,-0.18625709,35.299257,-0.18625709
2005na,0.02717,35.1117,0.170295,35.299257,-0.18755709,35.299257,-0.18755709
ASASSN-15fa,0.02721,35.5236,0.225337,35.302511,0.22108896,35.302511,0.22108896
2013fn,0.02724,35.2892,0.298907,35.304948,-0.015748425,35.304948,-0.015748425
2008ar,0.02732,35.359,0.180243,35.311435,0.047564764,35.311435,0.047564764
2008ar,0.02732,35.4368,0.180322,35.311435,0.12536476,35.311435,0.12536476
2008ar,0.02732,35.2913,0.178243,35.311435,-0.020135236,35.311435,-0.020135236
PSNJ0252467,0.02748,35.3613,0.190628,35.324353,0.036946937,35.324353,0.036946937
2006ev,0.02759,35.6739,0.216353,35.333191,0.34070872,35.333191,0.34070872
2006gj,0.0277,35.7258,0.321699,35.341995,0.38380505,35.341995,0.38380505
2011hb,0.02775,35.2874,0.292934,35.345985,-0.058585275,35.345985,-0.058585275
2002el,0.02778,35.1049,0.181734,35.348376,-0.24347608,35.348376,-0.24347608
SN2017ckx,0.02779,35.6596,0.251383,35.349172,0.31042755,35.349172,0.31042755
2003U,0.02794,35.2665,0.177545,35.361084,-0.094584371,35.361084,-0.094584371
AT2017ns,0.02802,35.1963,0.366604,35.367412,-0.17111174,35.367412,-0.17111174
1998ab,0.02806,34.9487,0.227749,35.370569,-0.42186877,35.370569,-0.42186877
2009aa,0.02827,35.3174,0.173415,35.387071,-0.069671037,35.387071,-0.069671037
1993ah,0.02828,35.2763,0.655117,35.387854,-0.11155385,35.387854,-0.11155385
2004gs,0.02829,35.5996,0.235009,35.388636,0.2109636,35.388636,0.2109636
2005eq,0.02831,35.558,0.160985,35.390201,0.16779933,35.390201,0.16779933
2005eq,0.02831,35.5061,0.163093,35.390201,0.11589933,35.390201,0.11589933
2005eq,0.02831,35.5563,0.160218,35.390201,0.16609933,35.390201,0.16609933
2009ad,0.02834,35.372,0.160301,35.392545,-0.020545053,35.392545,-0.020545053
2009ad,0.02834,35.3421,0.156527,35.392545,-0.050445053,35.392545,-0.050445053
PS16cvc,0.02844,35.6948,0.183345,35.400342,0.29445791,35.400342,0.29445791
ASASSN-15la,0.02845,35.0558,0.218663,35.40112,-0.34532031,35.40112,-0.34532031
ASASSN-15fs,0.0285,35.2391,0.185823,35.405007,-0.1659074,35.405007,-0.1659074
2013bs,0.02859,35.4105,0.201911,35.411987,-0.001487325,35.411987,-0.001487325
2006qo,0.02871,35.4779,0.275376,35.42126,0.056639593,35.42126,0.056639593
PSNJ0859349,0.02874,35.472,0.225755,35.423573,0.048427268,35.423573,0.048427268
1996C,0.02875,35.5152,0.250819,35.424343,0.090857019,35.424343,0.090857019
LSQ12gdj,0.02886,35.0939,0.272694,35.432798,-0.3388984,35.432798,-0.3388984
2003ch,0.02895,35.6024,0.169987,35.439693,0.16270702,35.439693,0.16270702
ASASSN-16ay,0.02895,35.6222,0.299966,35.439693,0.18250702,35.439693,0.18250702
2000cw,0.02896,35.6079,0.224233,35.440458,0.16744226,35.440458,0.16744226
ASASSN-16br,0.029,35.5064,0.190895,35.443514,0.062885788,35.443514,0.062885788
Gaia16bba,0.02934,35.4354,0.185335,35.469328,-0.033928398,35.469328,-0.033928398
ASASSN-16hh,0.02935,35.5015,0.190369,35.470083,0.031416813,35.470083,0.031416813
2007is,0.02953,35.3449,0.211378,35.483626,-0.13872641,35.483626,-0.13872641
1997dg,0.02962,35.861,0.192522,35.490368,0.37063233,35.490368,0.37063233
AT2016cyt,0.02965,35.3586,0.164518,35.49261,-0.1340103,35.49261,-0.1340103
ASASSN-16es,0.02973,35.5345,0.258248,35.49858,0.035920242,35.49858,0.035920242
2004ef,0.02978,35.5195,0.196088,35.502303,0.017197326,35.502303,0.017197326
2004ef,0.02978,35.4838,0.199296,35.502303,-0.018502674,35.502303,-0.018502674
2004ef,0.02978,35.4761,0.233488,35.502303,-0.026202674,35.502303,-0.026202674
ASASSN-16hr,0.0298,35.4648,0.278746,35.50379,-0.038990124,35.50379,-0.038990124
ATLAS17ajn,0.02988,35.5116,0.190788,35.50973,0.0018698541,35.50973,0.0018698541
ASASSN-16fs,0.0299,35.2761,0.180915,35.511213,-0.23511271,35.511213,-0.23511271
ASASSN-16fo,0.02994,35.4803,0.173804,35.514175,-0.033874933,35.514175,-0.033874933
AT2017lm,0.03002,35.5542,0.216273,35.520088,0.034112257,35.520088,0.034112257
ASASSN-15uw,0.03004,35.6084,0.212671,35.521564,0.08683647,35.521564,0.08683647
PS15cwx,0.03007,35.4164,0.184841,35.523775,-0.10737541,35.523775,-0.10737541
SNF20080909-030,0.03013,35.565,0.183722,35.528193,0.03680733,35.528193,0.03680733
ASASSN-15nq,0.03025,35.5185,0.166012,35.537001,-0.018501374,35.537001,-0.018501374
AT2017zd,0.03048,35.2781,0.194122,35.553789,-0.27568934,35.553789,-0.27568934
2002de,0.0305,35.3638,0.283742,35.555243,-0.19144329,35.555243,-0.19144329
ASASSN-16aj,0.03053,35.4654,0.177866,35.557422,-0.092022461,35.557422,-0.092022461
2009fv,0.03072,35.3374,0.375292,35.571175,-0.2337753,35.571175,-0.2337753
2009fv,0.03072,35.406,0.332119,35.571175,-0.1651753,35.571175,-0.1651753
2009eu,0.03072,35.9224,0.399302,35.571175,0.3512247,35.571175,0.3512247
2006bw,0.03075,35.6231,0.320886,35.573339,0.049760832,35.573339,0.049760832
2006en,0.03081,35.6474,0.19424,35.577661,0.069739289,35.577661,0.069739289
2000dn,0.03081,35.707,0.22057,35.577661,0.12933929,35.577661,0.12933929
CSS160428,0.03081,35.7017,0.164289,35.577661,0.12403929,35.577661,0.12403929
2006en,0.03081,35.6847,0.188076,35.577661,0.10703929,35.577661,0.10703929
1990O,0.03093,35.4926,0.166476,35.586279,-0.093679098,35.586279,-0.093679098
AT2017wb,0.03093,35.5304,0.283582,35.586279,-0.055879098,35.586279,-0.055879098
2013fy,0.03099,35.3522,0.343157,35.590576,-0.23837601,35.590576,-0.23837601
2008gg,0.03107,35.67,0.236835,35.596293,0.073707453,35.596293,0.073707453
2008gg,0.03107,35.5409,0.184896,35.596293,-0.055392547,35.596293,-0.055392547
ASASSN-15hg,0.03107,35.6461,0.196214,35.596293,0.049807453,35.596293,0.049807453
2010gn,0.03123,35.9119,0.273901,35.607682,0.30421753,35.607682,0.30421753
1999cc,0.03132,35.5877,0.169094,35.614064,-0.026364191,35.614064,-0.026364191
2001ba,0.03136,35.6481,0.206672,35.616895,0.031205257,35.616895,0.031205257
2007bd,0.03141,35.5793,0.14868,35.620428,-0.041127962,35.620428,-0.041127962
2007bd,0.03141,35.4841,0.153803,35.620428,-0.13632796,35.620428,-0.13632796
2007bd,0.03141,35.4957,0.175954,35.620428,-0.12472796,35.620428,-0.12472796
MASTEROTJ08,0.03156,35.6675,0.174531,35.630995,0.036505362,35.630995,0.036505362
2006az,0.03158,35.4896,0.148675,35.6324,-0.14279981,35.6324,-0.14279981
010026,0.03174,35.6746,0.20211,35.64361,0.03099013,35.64361,0.03099013
2007ux,0.03183,35.6656,0.274525,35.649891,0.01570878,35.649891,0.01570878
2007ux,0.03183,35.8808,0.19004,35.649891,0.23090878,35.649891,0.23090878
ASASSN-15pr,0.03189,35.9082,0.198168,35.654069,0.25413087,35.654069,0.25413087
AT2017po,0.03201,35.576,0.196814,35.662402,-0.086401879,35.662402,-0.086401879
ASASSN-16oz,0.03207,35.4592,0.276064,35.666557,-0.20735679,35.666557,-0.20735679
2006os,0.03212,35.7992,0.326022,35.670013,0.12918661,35.670013,0.12918661
2006te,0.03212,35.7248,0.15355,35.670013,0.054786607,35.670013,0.054786607
2007ai,0.03212,35.8577,0.294619,35.670013,0.18768661,35.670013,0.18768661
2007ai,0.03212,35.8562,0.258808,35.670013,0.18618661,35.670013,0.18618661
2006bt,0.03241,35.772,0.224228,35.689958,0.082041646,35.689958,0.082041646
2006bt,0.03241,35.7428,0.226764,35.689958,0.052841646,35.689958,0.052841646
2006bt,0.03241,35.7867,0.216659,35.689958,0.096741646,35.689958,0.096741646
2008gp,0.03245,35.7268,0.162633,35.692696,0.034104346,35.692696,0.034104346
2008gp,0.03245,35.6643,0.150947,35.692696,-0.028395654,35.692696,-0.028395654
2008gl,0.03246,35.6431,0.148421,35.693379,-0.050279462,35.693379,-0.050279462
2008gl,0.03246,35.6366,0.169859,35.693379,-0.056779462,35.693379,-0.056779462
2008gl,0.03246,35.6638,0.156049,35.693379,-0.029579462,35.693379,-0.029579462
2004as,0.0325,35.7324,0.22019,35.696113,0.036287366,35.696113,0.036287366
2004as,0.0325,35.8907,0.225741,35.696113,0.19458737,35.696113,0.19458737
ATLAS17axb,0.03264,35.5602,0.185563,35.705653,-0.14545285,35.705653,-0.14545285
2008bq,0.03279,35.7279,0.17805,35.71583,0.012069853,35.71583,0.012069853
2005iq,0.03292,35.8516,0.143619,35.724614,0.12698635,35.724614,0.12698635
2005iq,0.03292,35.8647,0.150987,35.724614,0.14008635,35.724614,0.14008635
PS15bsq,0.03309,35.7797,0.159699,35.736049,0.043651337,35.736049,0.043651337
2006S,0.0331,35.9089,0.177213,35.73672,0.17218048,35.73672,0.17218048
ASASSN-16bc,0.03314,35.6164,0.168015,35.739401,-0.12300095,35.739401,-0.12300095
2003gn,0.03316,36.0229,0.243018,35.74074,0.28215951,35.74074,0.28215951
2003cq,0.03323,35.8276,0.259126,35.745423,0.082177381,35.745423,0.082177381
2010ag,0.03336,35.8159,0.198961,35.754092,0.061807553,35.754092,0.061807553
SN2017cii,0.03337,35.8381,0.178659,35.754758,0.083342014,35.754758,0.083342014
2004L,0.03344,35.829,0.273673,35.759411,0.0695887,35.759411,0.0695887
2003iv,0.03351,35.9118,0.165632,35.764055,0.14774491,35.764055,0.14774491
2006gr,0.03352,35.9188,0.207416,35.764718,0.15408229,35.764718,0.15408229
2006gr,0.03352,35.9378,0.211316,35.764718,0.17308229,35.764718,0.17308229
2005eu,0.03369,35.8038,0.482057,35.775953,0.027847212,35.775953,0.027847212
2005eu,0.03369,35.8012,0.48333,35.775953,0.025247212,35.775953,0.025247212
SN2016hpx,0.0337,35.6329,0.204026,35.776612,-0.14371195,35.776612,-0.14371195
ATLAS17ajs,0.0337,35.9757,0.358083,35.776612,0.19908805,35.776612,0.19908805
2003kc,0.0341,35.8566,0.205773,35.802822,0.05377753,35.802822,0.05377753
2011dl,0.03432,35.7587,0.312966,35.81711,-0.058410288,35.81711,-0.058410288
ASASSN-15tg,0.03445,35.861,0.1686,35.825511,0.035488977,35.825511,0.035488977
1996bl,0.03481,35.7348,0.155656,35.848614,-0.11381373,35.848614,-0.11381373
ASASSN-15jl,0.03492,35.8816,0.169326,35.855626,0.025973723,35.855626,0.025973723
AT2016fbk,0.03495,36.1545,0.230318,35.857535,0.29696496,35.857535,0.29696496
2016fbk,0.03495,35.9591,0.225173,35.857535,0.10156496,35.857535,0.10156496
2008at,0.03497,35.8349,0.334212,35.858807,-0.023906661,35.858807,-0.023906661
ASASSN-15mi,0.03501,35.5515,0.204326,35.861348,-0.30984777,35.861348,-0.30984777
2007hu,0.03518,35.9905,0.374822,35.872116,0.11838412,35.872116,0.11838412
2007ba,0.03533,35.825,0.340606,35.881575,-0.056574974,35.881575,-0.056574974
PTSS-16efw,0.03542,36.234,0.188455,35.887232,0.3467684,35.887232,0.3467684
2001ck,0.03544,35.8586,0.223482,35.888487,-0.029886715,35.888487,-0.029886715
1994T,0.03564,35.9325,0.204232,35.901,0.031500059,35.901,0.031500059
ASASSN-16dw,0.03565,35.7837,0.217075,35.901624,-0.1179238,35.901624,-0.1179238
1992bg,0.03574,35.8937,0.211664,35.907231,-0.013530828,35.907231,-0.013530828
ASASSN-15lu,0.03577,36.0035,0.185251,35.909097,0.09440323,35.909097,0.09440323
ASASSN-16db,0.03589,35.8698,0.18969,35.916545,-0.04674527,35.916545,-0.04674527
2002hu,0.03591,35.9637,0.166565,35.917784,0.045915681,35.917784,0.045915681
ASASSN-15ss,0.03592,35.9909,0.187185,35.918404,0.072496409,35.918404,0.072496409
PS15bbn,0.03602,36.1845,0.187245,35.924587,0.25991295,35.924587,0.25991295
2006mo,0.03616,36.0695,0.175025,35.933216,0.13628424,35.933216,0.13628424
2001eh,0.03627,36.0067,0.135213,35.939973,0.066727415,35.939973,0.066727415
2001eh,0.03627,35.9927,0.149174,35.939973,0.052727415,35.939973,0.052727415
2002G,0.03631,35.8056,0.308166,35.942425,-0.13682465,35.942425,-0.13682465
2002G,0.03631,35.9287,0.318471,35.942425,-0.013724646,35.942425,-0.013724646
ASASSN-15bc,0.03639,35.949,0.262609,35.947321,0.0016791434,35.947321,0.0016791434
2008gb,0.03641,36.0889,0.198876,35.948543,0.14035673,35.948543,0.14035673
2008hj,0.03643,35.8836,0.185109,35.949765,-0.066165018,35.949765,-0.066165018
2008hj,0.03643,35.9282,0.1566,35.949765,-0.021565018,35.949765,-0.021565018
2000cf,0.03646,36.0475,0.166339,35.951596,0.095903581,35.951596,0.095903581
2007jg,0.03652,36.3333,0.171248,35.955255,0.37804519,35.955255,0.37804519
2007jg,0.03652,36.2185,0.171341,35.955255,0.26324519,35.955255,0.26324519
2008ei,0.03654,36.08,0.336812,35.956473,0.12352704,35.956473,0.12352704
2002eu,0.03672,36.0624,0.163008,35.967407,0.094992856,35.967407,0.094992856
AT2016hns,0.03704,35.9789,0.163683,35.986717,-0.0078169943,35.986717,-0.0078169943
2000dg,0.03725,36.0748,0.289284,35.999301,0.075499301,35.999301,0.075499301
2007O,0.03732,35.8617,0.152703,36.00348,-0.14177987,36.00348,-0.14177987
2007O,0.03732,35.8938,0.151724,36.00348,-0.10967987,36.00348,-0.10967987
2009bv,0.03748,36.2564,0.149974,36.013004,0.24339642,36.013004,0.24339642
AT2016cvw,0.03761,36.0063,0.206656,36.020712,-0.014412392,36.020712,-0.014412392
SN2017ciy,0.03762,36.5177,0.245806,36.021304,0.4963957,36.021304,0.4963957
2008fr,0.0379,36.1141,0.236153,36.037816,0.076284387,36.037816,0.076284387
ASASSN-15pn,0.038,36.1962,0.220822,36.043684,0.15251635,36.043684,0.15251635
ASASSN-15np,0.03832,36.026,0.219507,36.062361,-0.036360561,36.062361,-0.036360561
2008051,0.03835,36.0125,0.17035,36.064104,-0.051603706,36.064104,-0.051603706
2010dw,0.03871,36.0125,0.204712,36.084918,-0.072418229,36.084918,-0.072418229
PS15cze,0.03891,36.5486,0.234635,36.0964,0.45219965,36.0964,0.45219965
1999aw,0.03928,36.2125,0.18352,36.117491,0.095008779,36.117491,0.095008779
2008O,0.0394,36.2254,0.311188,36.12429,0.10111012,36.12429,0.10111012
SN2016glz,0.03975,35.9918,0.210464,36.144005,-0.15220452,36.144005,-0.15220452
2008dr,0.03996,36.284,0.147901,36.155752,0.12824783,36.155752,0.12824783
2003fa,0.04015,36.0818,0.14498,36.166329,-0.084529209,36.166329,-0.084529209
2003fa,0.04015,36.0167,0.143473,36.166329,-0.14962921,36.166329,-0.14962921
2007jh,0.04023,36.5601,0.280122,36.170768,0.3893319,36.170768,0.3893319
2009do,0.04027,36.0403,0.147245,36.172984,-0.13268432,36.172984,-0.13268432
SN2017coa,0.04045,36.4104,0.307187,36.182931,0.22746919,36.182931,0.22746919
PS16axi,0.04056,36.1263,0.168835,36.188988,-0.062687988,36.188988,-0.062687988
2001az,0.04059,36.3153,0.150794,36.190637,0.12466283,36.190637,0.12466283
2007kk,0.0413,36.2071,0.166515,36.229325,-0.022224694,36.229325,-0.022224694
2007kk,0.0413,36.2521,0.175538,36.229325,0.022775306,36.229325,0.022775306
2006cf,0.04223,36.2931,0.151018,36.279031,0.014069419,36.279031,0.014069419
2014bj,0.04239,36.5106,0.426487,36.287474,0.22312555,36.287474,0.22312555
2006cz,0.04251,35.9138,0.29449,36.293787,-0.37998699,36.293787,-0.37998699
ASASSN-16ct,0.04252,36.2457,0.207056,36.294312,-0.048612252,36.294312,-0.048612252
AT2016htm,0.04265,36.2018,0.162522,36.30113,-0.099329722,36.30113,-0.099329722
2007nq,0.04275,36.2882,0.166626,36.30636,-0.018160169,36.30636,-0.018160169
2007nq,0.04275,36.2137,0.152187,36.30636,-0.092660169,36.30636,-0.092660169
1992bl,0.0428,36.2101,0.208042,36.308971,-0.098870925,36.308971,-0.098870925
ASASSN-15mg,0.04307,36.3298,0.181208,36.323018,0.0067821244,36.323018,0.0067821244
SN2016ayg,0.04328,36.4165,0.166064,36.333884,0.082615886,36.333884,0.082615886
2006gt,0.04366,36.5114,0.286272,36.353417,0.15798304,36.353417,0.15798304
MASTERJ0134,0.04391,36.2594,0.177777,36.366177,-0.10677745,36.366177,-0.10677745
2005ku,0.04397,36.2916,0.249078,36.369229,-0.077629446,36.369229,-0.077629446
AT2016cvv,0.04404,36.5469,0.231201,36.372785,0.17411502,36.372785,0.17411502
2006hx,0.04429,36.4565,0.162334,36.385439,0.071061417,36.385439,0.071061417
PS16cqa,0.04433,36.6866,0.304921,36.387457,0.2991433,36.387457,0.2991433
SN2016esh,0.04488,36.1579,0.182756,36.415028,-0.25712759,36.415028,-0.25712759
2005hc,0.04496,36.5139,0.151933,36.41901,0.094889514,36.41901,0.094889514
2005hc,0.04496,36.4634,0.173532,36.41901,0.044389514,36.41901,0.044389514
PSNJ1204051,0.04502,36.4541,0.196266,36.421993,0.032106865,36.421993,0.032106865
1992bh,0.0451,36.551,0.270525,36.425964,0.12503601,36.425964,0.12503601
2005lz,0.04541,36.3247,0.195021,36.441287,-0.1165866,36.441287,-0.1165866
PS17tn,0.04549,36.3811,0.196005,36.445224,-0.064124302,36.445224,-0.064124302
AT2016ews,0.04612,36.5394,0.159223,36.476,0.063399604,36.476,0.063399604
2008050,0.04627,36.2636,0.218105,36.483268,-0.21966777,36.483268,-0.21966777
2004gu,0.0467,36.4713,0.19409,36.503975,-0.032674639,36.503975,-0.032674639
360156,0.04673,36.5081,0.209562,36.505412,0.0026876206,36.505412,0.0026876206
2016afk,0.04677,36.5642,0.229149,36.507328,0.056872028,36.507328,0.056872028
2008cf,0.04692,36.4786,0.148197,36.514497,-0.035897286,36.514497,-0.035897286
2008cf,0.04692,36.4857,0.182928,36.514497,-0.028797286,36.514497,-0.028797286
PS16fa,0.04734,36.6009,0.161688,36.534453,0.066446519,36.534453,0.066446519
AT2017yk,0.04764,36.7582,0.280677,36.548603,0.20959716,36.548603,0.20959716
PS15aii,0.04768,36.5946,0.145385,36.550483,0.044117126,36.550483,0.044117126
ASASSN-15pm,0.04777,36.3735,0.154741,36.554707,-0.18120736,36.554707,-0.18120736
ATLAS16agv,0.04777,36.4976,0.165873,36.554707,-0.057107358,36.554707,-0.057107358
PS17akj,0.0478,36.5627,0.208806,36.556114,0.0065861987,36.556114,0.0065861987
AT2016gmg,0.04839,36.641,0.181462,36.583601,0.057399041,36.583601,0.057399041
1995ac,0.04867,36.3303,0.135835,36.596532,-0.266232,36.596532,-0.266232
PS16el,0.04896,36.4691,0.176995,36.609849,-0.14074892,36.609849,-0.14074892
2006cq,0.04928,36.5828,0.168097,36.624455,-0.041654862,36.624455,-0.041654862
2007kh,0.04944,36.5403,0.453411,36.631723,-0.091423336,36.631723,-0.091423336
PS15asb,0.04952,36.4714,0.18553,36.635349,-0.16394901,36.635349,-0.16394901
ASASSN-17eb,0.0497,36.4621,0.201896,36.643486,-0.18138604,36.643486,-0.18138604
1998dx,0.0498,36.5693,0.155812,36.647994,-0.078694263,36.647994,-0.078694263
AT2016cor,0.04995,36.8523,0.302557,36.65474,0.19755985,36.65474,0.19755985
PS16dnp,0.04998,36.8583,0.163226,36.656087,0.20221304,36.656087,0.20221304
1990af,0.05018,36.5997,0.202684,36.665046,-0.065345741,36.665046,-0.065345741
1993ag,0.05019,36.6402,0.244395,36.665493,-0.02529277,36.665493,-0.02529277
PS15brr,0.05063,36.5461,0.190961,36.685077,-0.13897696,36.685077,-0.13897696
2008hu,0.05071,36.7036,0.133364,36.68862,0.014980025,36.68862,0.014980025
PS16fbb,0.05139,36.8804,0.16836,36.718519,0.16188149,36.718519,0.16188149
1993O,0.05148,36.7759,0.228182,36.722447,0.053453122,36.722447,0.053453122
ASASSN-16hc,0.05165,36.5862,0.156832,36.729849,-0.143649,36.729849,-0.143649
2003ic,0.05196,36.393,0.201448,36.743286,-0.35028636,36.743286,-0.35028636
AT2016htn,0.05229,36.8411,0.218249,36.757506,0.083594497,36.757506,0.083594497
2006ot,0.05232,36.8679,0.208308,36.758794,0.10910616,36.758794,0.10910616
2006ot,0.05232,36.5433,0.298829,36.758794,-0.21549384,36.758794,-0.21549384
PS16n,0.05268,36.7752,0.161766,36.774198,0.0010017859,36.774198,0.0010017859
2010dt,0.05291,36.8474,0.172204,36.783987,0.063413428,36.783987,0.063413428
PS16evk,0.0532,36.9144,0.207509,36.79627,0.11813019,36.79627,0.11813019
PS16bby,0.0543,36.8327,0.178902,36.842279,-0.0095789966,36.842279,-0.0095789966
2006lu,0.05449,36.8631,0.133817,36.850134,0.012965511,36.850134,0.012965511
PS16ayd,0.05485,36.8581,0.149593,36.864946,-0.0068461098,36.864946,-0.0068461098
490007,0.05513,36.8676,0.194374,36.876401,-0.0088013267,36.876401,-0.0088013267
SN2017cpu,0.05529,36.6433,0.175423,36.882922,-0.2396219,36.882922,-0.2396219
2005hj,0.05631,36.9903,0.171451,36.924066,0.066233862,36.924066,0.066233862
AT2017oz,0.05641,36.8109,0.193162,36.928061,-0.11716099,36.928061,-0.11716099
2006py,0.05658,36.9098,0.185051,36.934837,-0.025036539,36.934837,-0.025036539
PS16aer,0.05668,37.0393,0.176308,36.938813,0.10048704,36.938813,0.10048704
2008eq,0.0568,37.0687,0.221323,36.943576,0.12512428,36.943576,0.12512428
SN2016gmb,0.05708,36.9545,0.182842,36.954651,-0.00015107897,36.954651,-0.00015107897
2006ob,0.0576,36.9821,0.138149,36.975081,0.0070190965,36.975081,0.0070190965
2006ob,0.0576,36.9324,0.14674,36.975081,-0.042680903,36.975081,-0.042680903
2001ah,0.05837,36.9802,0.215566,37.005008,-0.024807533,37.005008,-0.024807533
2001ah,0.05837,37.146,0.252804,37.005008,0.14099247,37.005008,0.14099247
LSQ13crf,0.05934,36.3001,0.617516,37.042169,-0.74206878,37.042169,-0.74206878
SN2016hhv,0.06067,37.1383,0.198009,37.092179,0.046121088,37.092179,0.046121088
SN2017cjv,0.06079,37.032,0.17759,37.096639,-0.064638896,37.096639,-0.064638896
2008go,0.06116,36.9608,0.196145,37.110337,-0.1495372,37.110337,-0.1495372
2008go,0.06116,36.9691,0.141986,37.110337,-0.1412372,37.110337,-0.1412372
2008bz,0.0613,37.1925,0.16057,37.115499,0.077000518,37.115499,0.077000518
2008bz,0.0613,37.1631,0.123921,37.115499,0.047600518,37.115499,0.047600518
2006oa,0.06142,37.0747,0.183316,37.119915,-0.045215248,37.119915,-0.045215248
1992bs,0.0637,37.3517,0.206518,37.20227,0.1494301,37.20227,0.1494301
PS16bnz,0.06398,37.0786,0.154429,37.212187,-0.13358693,37.212187,-0.13358693
SN2016aqb,0.06419,37.0197,0.155855,37.219597,-0.19989727,37.219597,-0.19989727
2007ae,0.06485,37.0851,0.153034,37.242736,-0.15763571,37.242736,-0.15763571
PS15cms,0.06603,37.3617,0.203312,37.283544,0.078155518,37.283544,0.078155518
6057,0.06652,37.1627,0.296189,37.300284,-0.1375844,37.300284,-0.1375844
SN2016ixf,0.06723,37.4237,0.194412,37.324331,0.099369328,37.324331,0.099369328
AT2016aj,0.06731,37.2344,0.203006,37.327025,-0.092624767,37.327025,-0.092624767
PS15bjg,0.06758,37.4935,0.190499,37.336095,0.15740537,37.336095,0.15740537
CSS160129,0.06841,37.2381,0.191221,37.363759,-0.12565922,37.363759,-0.12565922
2006al,0.06908,37.4213,0.159324,37.385856,0.035443731,37.385856,0.035443731
PTSS17-niq,0.0691,37.2817,0.174144,37.386513,-0.10481271,37.386513,-0.10481271
2008Y,0.07028,37.2775,0.212322,37.424923,-0.14742267,37.424923,-0.14742267
2008Y,0.07028,37.2961,0.226908,37.424923,-0.12882267,37.424923,-0.12882267
PS17yt,0.07046,37.4787,0.176182,37.430727,0.047972774,37.430727,0.047972774
470043,0.07061,37.7291,0.501827,37.435553,0.29354652,37.435553,0.29354652
2006on,0.07068,37.4543,0.24781,37.437802,0.016497647,37.437802,0.016497647
ATLAS16bwu,0.07074,37.3712,0.228257,37.439728,-0.068528259,37.439728,-0.068528259
1993B,0.07076,37.2944,0.277681,37.44037,-0.14596988,37.44037,-0.14596988
PS15bdr,0.07094,37.3552,0.196012,37.446137,-0.090936621,37.446137,-0.090936621
PS16em,0.07113,37.4814,0.447068,37.452208,0.029191502,37.452208,0.029191502
370566,0.07134,37.4155,0.208957,37.458901,-0.043401407,37.458901,-0.043401407
PS15bwh,0.07149,37.2494,0.16107,37.46367,-0.21427047,37.46367,-0.21427047
PS15mt,0.07193,37.5618,0.180815,37.477604,0.084195544,37.477604,0.084195544
2007jd,0.07196,37.6319,0.199695,37.478552,0.15334849,37.478552,0.15334849
PS15atx,0.07301,37.6225,0.304764,37.511462,0.11103817,37.511462,0.11103817
Gaia16aki,0.07398,37.5535,0.176502,37.541463,0.012036808,37.541463,0.012036808
PS17bii,0.07467,37.4501,0.192118,37.562575,-0.11247534,37.562575,-0.11247534
1992ae,0.07478,37.4346,0.222054,37.565924,-0.13132373,37.565924,-0.13132373
2005ir,0.0749,37.5656,0.154994,37.569571,-0.0039711232,37.569571,-0.0039711232
7876,0.0749,37.4763,0.179761,37.569571,-0.093271123,37.569571,-0.093271123
2010hs,0.07514,37.8142,0.289148,37.576849,0.23735088,37.576849,0.23735088
AT2016gsu,0.07529,37.5461,0.217171,37.581387,-0.035286553,37.581387,-0.035286553
370333,0.07557,37.6342,0.198325,37.589833,0.04436674,37.589833,0.04436674
Gaia16acv,0.07833,37.8315,0.146078,37.671524,0.15997639,37.671524,0.15997639
2007hx,0.07849,38.0942,0.180119,37.676174,0.41802577,37.676174,0.41802577
17186,0.07849,38.0154,0.239252,37.676174,0.33922577,37.676174,0.33922577
PS15bif,0.07855,37.5715,0.150392,37.677916,-0.10641588,37.677916,-0.10641588
560033,0.07869,37.5988,0.503338,37.681975,-0.083174759,37.681975,-0.083174759
12779,0.07891,37.7843,0.238199,37.688339,0.09596096,37.688339,0.09596096
PS15bzz,0.07901,37.53,0.147217,37.691226,-0.16122628,37.691226,-0.16122628
350316,0.07966,37.6003,0.157805,37.709908,-0.1096084,37.709908,-0.1096084
2005ag,0.08024,37.6668,0.119289,37.726456,-0.059655728,37.726456,-0.059655728
12950,0.08141,37.7215,0.219648,37.75949,-0.037989924,37.75949,-0.037989924
130308,0.08221,37.8192,0.217606,37.781817,0.037383218,37.781817,0.037383218
12898,0.08255,37.6774,0.265638,37.791243,-0.11384279,37.791243,-0.11384279
12781,0.08282,37.9939,0.195118,37.798702,0.19519828,37.798702,0.19519828
SN2016glp,0.08366,37.9686,0.221594,37.821759,0.14684059,37.821759,0.14684059
3592,0.08544,37.8406,0.128563,37.869897,-0.029296741,37.869897,-0.029296741
SN2016grz,0.08656,37.8484,0.21681,37.899696,-0.051296395,37.899696,-0.051296395
1241,0.08848,37.7772,0.253181,37.949935,-0.17273476,37.949935,-0.17273476
590194,0.09015,37.9202,0.21704,37.992792,-0.072592304,37.992792,-0.072592304
370066,0.09066,38.0269,0.167553,38.00573,0.02117043,38.00573,0.02117043
300105,0.09181,38.1602,0.266341,38.034649,0.12555112,38.034649,0.12555112
iPTF17dz,0.09284,38.2226,0.493293,38.060259,0.16234126,38.060259,0.16234126
010010,0.09968,38.4377,0.194713,38.22376,0.21393966,38.22376,0.21393966
160099,0.10142,38.2982,0.165557,38.263648,0.034552462,38.263648,0.034552462
140181,0.10231,38.2511,0.199553,38.283799,-0.032698784,38.283799,-0.032698784
000190,0.10237,38.4085,0.187412,38.285151,0.12334871,38.285151,0.12334871
100405,0.10298,38.1815,0.18625,38.298859,-0.11735921,38.298859,-0.11735921
13135,0.10338,38.3338,0.12638,38.307806,0.02599382,38.307806,0.02599382
20064,0.10351,38.2079,0.196456,38.310707,-0.10280687,38.310707,-0.10280687
13038,0.10485,38.4295,0.236183,38.340406,0.089093788,38.340406,0.089093788
18697,0.10638,38.2611,0.195537,38.373879,-0.11277911,38.373879,-0.11277911
20625,0.10684,38.4624,0.151122,38.383854,0.078546475,38.383854,0.078546475
3256,0.10694,38.4295,0.210466,38.386016,0.043483517,38.386016,0.043483517
120225,0.10728,38.7801,0.468541,38.393356,0.38674379,38.393356,0.38674379
21034,0.10751,38.4984,0.180059,38.398309,0.10009119,38.398309,0.10009119
500038,0.1081,38.4017,0.187108,38.410967,-0.0092674946,38.410967,-0.0092674946
7147,0.10886,38.4016,0.133183,38.427177,-0.02557735,38.427177,-0.02557735
020027,0.10988,38.5701,0.179741,38.448765,0.12133519,38.448765,0.12133519
18650,0.11243,38.6214,0.163201,38.501913,0.11948671,38.501913,0.11948671
18612,0.11365,38.3876,0.194923,38.526938,-0.13933844,38.526938,-0.13933844
8719,0.11628,38.5408,0.159897,38.580032,-0.039231939,38.580032,-0.039231939
5395,0.11635,38.6302,0.185742,38.581429,0.048770514,38.581429,0.048770514
2561,0.11741,38.5727,0.239635,38.602496,-0.029795666,38.602496,-0.029795666
16259,0.11771,38.6088,0.214419,38.608425,0.00037487804,38.608425,0.00037487804
1371,0.11797,38.4157,0.127058,38.613552,-0.19785243,38.613552,-0.19785243
000137,0.11878,38.5629,0.212381,38.629458,-0.066557725,38.629458,-0.066557725
5549,0.11992,38.5958,0.200195,38.65167,-0.055870045,38.65167,-0.055870045
12860,0.12042,38.7926,0.252257,38.661349,0.13125063,38.661349,0.13125063
490008,0.12067,38.6348,0.302627,38.666175,-0.031374791,38.666175,-0.031374791
19953,0.1219,38.5945,0.157915,38.689779,-0.095279113,38.689779,-0.095279113
390259,0.12208,38.6119,0.231142,38.693215,-0.081314509,38.693215,-0.081314509
18835,0.12262,38.6853,0.144584,38.703492,-0.018192054,38.703492,-0.018192054
2916,0.12303,38.5967,0.274641,38.711267,-0.11456685,38.711267,-0.11456685
16021,0.12336,38.6164,0.162163,38.717507,-0.10110686,38.717507,-0.10110686
13894,0.12356,38.8009,0.333367,38.721281,0.079618983,38.721281,0.079618983
570062,0.12363,38.8242,0.150324,38.722601,0.10159939,38.722601,0.10159939
6406,0.12377,38.6504,0.145797,38.725238,-0.074837673,38.725238,-0.074837673
19543,0.12384,38.835,0.221531,38.726555,0.10844485,38.726555,0.10844485
13044,0.12455,38.7616,0.12587,38.739879,0.021721476,38.739879,0.021721476
15459,0.12542,39.1417,0.298944,38.756107,0.38559309,38.756107,0.38559309
2992,0.12608,38.4956,0.293348,38.768347,-0.27274735,38.768347,-0.27274735
16069,0.12688,38.8125,0.259679,38.783103,0.029396572,38.783103,0.029396572
744,0.12694,38.6849,0.280884,38.784207,-0.099306591,38.784207,-0.099306591
14871,0.12705,38.7429,0.159508,38.786228,-0.043327779,38.786228,-0.043327779
18855,0.12716,38.7841,0.176913,38.788247,-0.0041473156,38.788247,-0.0041473156
22075,0.129,38.7547,0.150979,38.821786,-0.067086494,38.821786,-0.067086494
1032,0.12904,38.8403,0.212795,38.822511,0.017789417,38.822511,0.017789417
5751,0.12929,38.833,0.250442,38.827031,0.0059686528,38.827031,0.0059686528
18415,0.1294,38.8429,0.142748,38.829018,0.013882128,38.829018,0.013882128
18809,0.13153,38.802,0.134576,38.867174,-0.065173513,38.867174,-0.065173513
151034,0.13269,38.7841,0.122177,38.887709,-0.1036088,38.887709,-0.1036088
1334084,0.13349,38.8266,0.283718,38.901773,-0.075172721,38.901773,-0.075172721
15508,0.13353,38.8434,0.157696,38.902474,-0.059073831,38.902474,-0.059073831
14108,0.13463,39.2366,0.199357,38.921677,0.31492279,38.921677,0.31492279
15234,0.13514,39.0775,0.31333,38.93053,0.14696951,38.93053,0.14696951
000014,0.13599,38.9771,0.206627,38.945216,0.031883723,38.945216,0.031883723
17629,0.1364,38.8475,0.195569,38.952269,-0.10476913,38.952269,-0.10476913
19775,0.13687,39.0095,0.224296,38.96033,0.049170408,38.96033,0.049170408
18602,0.13696,38.9616,0.259136,38.96187,-0.00027011134,38.96187,-0.00027011134
21062,0.13729,39.3511,0.230391,38.967511,0.38358946,38.967511,0.38358946
17366,0.13811,38.8857,0.128482,38.981471,-0.095771082,38.981471,-0.095771082
15171,0.13818,38.9503,0.15974,38.982659,-0.032359218,38.982659,-0.032359218
190340,0.13824,39.0229,0.12425,38.983677,0.03922283,38.983677,0.03922283
20084,0.13834,39.0401,0.319084,38.985373,0.054727167,38.985373,0.054727167
190230,0.13864,39.0467,0.130742,38.990453,0.056247091,38.990453,0.056247091
12928,0.13868,38.9999,0.176022,38.991129,0.0087705296,38.991129,0.0087705296
090275,0.13959,39.0213,0.145767,39.006472,0.014828157,39.006472,0.014828157
1794,0.1407,39.1775,0.184019,39.025059,0.15244073,39.025059,0.15244073
17208,0.14084,39.2835,0.203514,39.027394,0.25610618,39.027394,0.25610618
340229,0.14108,39.0407,0.212429,39.031391,0.0093091564,39.031391,0.0093091564
1317666,0.1412,39.1237,0.260864,39.033387,0.090313044,39.033387,0.090313044
2635,0.14311,39.047,0.160602,39.064945,-0.017945461,39.064945,-0.017945461
17568,0.14335,39.5154,0.37065,39.068883,0.44651712,39.068883,0.44651712
190260,0.14344,39.1135,0.129494,39.070358,0.043142183,39.070358,0.043142183
17497,0.14388,39.0756,0.170594,39.077556,-0.0019561116,39.077556,-0.0019561116
8921,0.1441,39.016,0.24096,39.081148,-0.065147502,39.081148,-0.065147502
17605,0.14533,39.1518,0.210163,39.101132,0.050667818,39.101132,0.050667818
1296657,0.14624,39.1857,0.207408,39.115816,0.069884448,39.115816,0.069884448
440008,0.14656,39.158,0.187578,39.120959,0.037041462,39.120959,0.037041462
13796,0.14729,38.9672,0.171803,39.132652,-0.1654516,39.132652,-0.1654516
1316385,0.14741,39.0154,0.197495,39.134569,-0.11916854,39.134569,-0.11916854
180166,0.14757,39.161,0.170177,39.137122,0.023877826,39.137122,0.023877826
14024,0.14759,39.134,0.188785,39.137441,-0.0034411953,39.137441,-0.0034411953
14437,0.14792,39.0382,0.157931,39.142699,-0.1044992,39.142699,-0.1044992
1293758,0.14812,39.2285,0.184985,39.145881,0.082619497,39.145881,0.082619497
1255502,0.14819,39.0239,0.142683,39.146993,-0.12309301,39.146993,-0.12309301
13736,0.14882,39.1606,0.17494,39.156983,0.0036166019,39.156983,0.0036166019
2308,0.14923,39.1104,0.175216,39.163464,-0.053063768,39.163464,-0.053063768
000038,0.15036,39.1058,0.170038,39.181238,-0.075438148,39.181238,-0.075438148
460003,0.15067,39.1687,0.134119,39.186092,-0.017392383,39.186092,-0.017392383
2031,0.15186,39.0477,0.158769,39.20464,-0.15693973,39.20464,-0.15693973
18323,0.15272,39.3239,0.173198,39.217959,0.10594103,39.217959,0.10594103
15132,0.15304,39.2175,0.127754,39.222897,-0.0053970059,39.222897,-0.0053970059
18740,0.15317,39.0991,0.159928,39.2249,-0.12580032,39.2249,-0.12580032
19353,0.15325,39.2564,0.179373,39.226132,0.03026767,39.226132,0.03026767
16073,0.15339,39.3639,0.175468,39.228287,0.1356131,39.228287,0.1356131
5550,0.15493,39.2076,0.167881,39.251866,-0.044266203,39.251866,-0.044266203
16116,0.15509,39.278,0.157843,39.254303,0.023696621,39.254303,0.023696621
18030,0.15518,39.3994,0.175858,39.255673,0.14372675,39.255673,0.14372675
19940,0.15591,38.9704,0.179204,39.266757,-0.29635701,39.266757,-0.29635701
13354,0.15654,39.2087,0.210288,39.276283,-0.067583389,39.276283,-0.067583389
16206,0.15838,39.0794,0.163715,39.303902,-0.22450205,39.303902,-0.22450205
440042,0.15906,39.4267,0.283686,39.314033,0.11266712,39.314033,0.11266712
14782,0.15922,38.9503,0.143914,39.316411,-0.36611071,39.316411,-0.36611071
15425,0.15935,39.0908,0.143045,39.318341,-0.22754104,39.318341,-0.22754104
3317,0.15991,39.2286,0.167715,39.326639,-0.098039488,39.326639,-0.098039488
1299775,0.16009,39.0428,0.270648,39.329301,-0.28650106,39.329301,-0.28650106
2689,0.16036,39.2057,0.217053,39.333288,-0.12758817,39.333288,-0.12758817
390627,0.16045,39.4242,0.26036,39.334616,0.089584189,39.334616,0.089584189
5103,0.1606,39.2162,0.20927,39.336827,-0.12062699,39.336827,-0.12062699
120336,0.16134,39.3106,0.246322,39.347707,-0.037107244,39.347707,-0.037107244
17825,0.1622,39.3252,0.224064,39.360293,-0.035093274,39.360293,-0.035093274
19174,0.16357,39.2807,0.200998,39.380215,-0.099514586,39.380215,-0.099514586
3087,0.16431,39.2634,0.199319,39.39091,-0.1275101,39.39091,-0.1275101
19616,0.16455,39.3293,0.139452,39.394369,-0.065069224,39.394369,-0.065069224
20764,0.16478,39.3182,0.150918,39.39768,-0.079479792,39.39768,-0.079479792
20430,0.16593,39.4938,0.241887,39.414168,0.079631992,39.414168,0.079631992
12843,0.16595,39.1817,0.193496,39.414454,-0.23275381,39.414454,-0.23275381
12853,0.16817,39.2757,0.165826,39.445979,-0.17027935,39.445979,-0.17027935
350233,0.16935,39.5155,0.182871,39.462578,0.052922014,39.462578,0.052922014
17389,0.1696,39.6721,0.274897,39.466081,0.20601925,39.466081,0.20601925
12856,0.17029,39.4742,0.132684,39.475723,-0.0015233692,39.475723,-0.0015233692
590005,0.17137,39.5424,0.275502,39.490743,0.051656965,39.490743,0.051656965
310039,0.17156,39.4603,0.214715,39.493376,-0.033076222,39.493376,-0.033076222
19282,0.17239,39.5021,0.177409,39.504847,-0.0027472002,39.504847,-0.0027472002
1303279,0.17274,39.2676,0.152344,39.509669,-0.24206888,39.509669,-0.24206888
100090,0.17282,39.7263,0.252568,39.51077,0.2155303,39.51077,0.2155303
3080,0.17315,39.3871,0.131849,39.515306,-0.12820554,39.515306,-0.12820554
15897,0.17357,39.5403,0.18318,39.521067,0.019233257,39.521067,0.019233257
120143,0.1736,39.3493,0.151501,39.521478,-0.17217776,39.521478,-0.17217776
15648,0.17383,39.5986,0.318528,39.524627,0.073973326,39.524627,0.073973326
14421,0.174,39.5734,0.137128,39.526952,0.046448369,39.526952,0.046448369
16165,0.17405,39.3317,0.154309,39.527635,-0.19593504,39.527635,-0.19593504
15583,0.17427,39.5546,0.230974,39.53064,0.023960152,39.53064,0.023960152
19969,0.17428,39.4849,0.162645,39.530776,-0.045876346,39.530776,-0.045876346
5350,0.17431,39.5053,0.183971,39.531186,-0.025885797,39.531186,-0.025885797
18604,0.17483,39.7434,0.182014,39.538272,0.20512752,39.538272,0.20512752
14979,0.17654,39.5164,0.135467,39.561439,-0.045038642,39.561439,-0.045038642
17218,0.17697,39.5095,0.175623,39.567231,-0.057731044,39.567231,-0.057731044
14451,0.17729,39.4771,0.138264,39.571533,-0.094433139,39.571533,-0.094433139
17220,0.17769,39.3394,0.257355,39.576901,-0.23750056,39.576901,-0.23750056
370428,0.1778,39.6477,0.131546,39.578375,0.069325374,39.578375,0.069325374
5635,0.17839,39.9669,0.207864,39.586266,0.38063355,39.586266,0.38063355
6936,0.1789,39.641,0.157339,39.593069,0.047931437,39.593069,0.047931437
300179,0.17896,39.7672,0.201468,39.593868,0.17333238,39.593868,0.17333238
13045,0.17916,39.5355,0.229828,39.596529,-0.061029339,39.596529,-0.061029339
1347120,0.17955,39.5509,0.280575,39.601712,-0.050811715,39.601712,-0.050811715
2372,0.17959,39.5519,0.174634,39.602243,-0.050342645,39.602243,-0.050342645
1303496,0.17979,39.5962,0.208929,39.604896,-0.0086956444,39.604896,-0.0086956444
13254,0.1799,39.9979,0.268081,39.606354,0.39154638,39.606354,0.39154638
14284,0.18037,39.3688,0.13762,39.612574,-0.24377378,39.612574,-0.24377378
420159,0.18059,39.5035,0.133745,39.61548,-0.11198014,39.61548,-0.11198014
330023,0.18064,39.7166,0.179158,39.61614,0.10045978,39.61614,0.10045978
350548,0.18067,39.6391,0.133983,39.616536,0.022563816,39.616536,0.022563816
360112,0.18071,39.6151,0.246207,39.617064,-0.0019640399,39.617064,-0.0019640399
17215,0.1808,39.6213,0.207991,39.618251,0.0030486828,39.618251,0.0030486828
15443,0.18123,39.4868,0.134057,39.623916,-0.13711626,39.623916,-0.13711626
370595,0.18138,39.6585,0.225961,39.625889,0.032610556,39.625889,0.032610556
1339392,0.18148,39.3953,0.235174,39.627204,-0.23190406,39.627204,-0.23190406
17332,0.18203,39.5863,0.201062,39.634422,-0.048122353,39.634422,-0.048122353
1580,0.18216,39.5259,0.149858,39.636126,-0.11022552,39.636126,-0.11022552
1250017,0.18217,39.6885,0.152439,39.636256,0.052243515,39.636256,0.052243515
15453,0.18243,39.7821,0.177319,39.639659,0.14244076,39.639659,0.14244076
17391,0.18345,39.5995,0.294191,39.652965,-0.053464927,39.652965,-0.053464927
17168,0.18376,39.752,0.19743,39.656995,0.095004875,39.656995,0.095004875
1257695,0.18383,39.68,0.151568,39.657904,0.022095709,39.657904,0.022095709
20048,0.18388,39.796,0.218377,39.658553,0.1374465,39.658553,0.1374465
15421,0.18443,39.7891,0.142656,39.665684,0.12341609,39.665684,0.12341609
1296321,0.18444,39.9384,0.282465,39.665813,0.27258663,39.665813,0.27258663
8213,0.18468,39.6548,0.27682,39.668918,-0.014118449,39.668918,-0.014118449
15461,0.18482,39.613,0.134864,39.670728,-0.057728004,39.670728,-0.057728004
1336453,0.18492,39.7435,0.159325,39.67202,0.071480239,39.67202,0.071480239
6422,0.18501,39.6347,0.160441,39.673182,-0.038481784,39.673182,-0.038481784
16281,0.18507,39.5427,0.172189,39.673956,-0.13125617,39.673956,-0.13125617
370563,0.18538,39.7882,0.139358,39.677953,0.11024655,39.677953,0.11024655
15365,0.18651,39.7559,0.144508,39.692472,0.063428451,39.692472,0.063428451
18807,0.18714,39.7694,0.13671,39.70053,0.068869898,39.70053,0.068869898
5994,0.18801,39.7451,0.191467,39.711617,0.033482945,39.711617,0.033482945
12927,0.18892,39.4384,0.149571,39.723163,-0.28476264,39.723163,-0.28476264
16100,0.18893,39.8089,0.256269,39.723289,0.085610772,39.723289,0.085610772
18787,0.18915,40.1408,0.200523,39.726073,0.41472746,39.726073,0.41472746
18749,0.18931,39.7413,0.209197,39.728095,0.013205127,39.728095,0.013205127
1273127,0.18937,39.9359,0.228953,39.728853,0.20704716,39.728853,0.20704716
440643,0.18955,39.7624,0.238646,39.731125,0.031274619,39.731125,0.031274619
6304,0.18979,39.7286,0.224725,39.734152,-0.0055523119,39.734152,-0.0055523119
762,0.19009,39.8807,0.15799,39.737931,0.14276904,39.737931,0.14276904
20687,0.19026,39.6892,0.294972,39.74007,-0.050869721,39.74007,-0.050869721
2440,0.1903,39.9182,0.154841,39.740573,0.1776273,39.740573,0.1776273
16276,0.19397,39.7983,0.218857,39.786307,0.011993429,39.786307,0.011993429
2246,0.19422,39.8787,0.222002,39.789393,0.089307477,39.789393,0.089307477
20821,0.19534,40.1343,0.403955,39.803172,0.33112772,39.803172,0.33112772
14984,0.19549,39.9082,0.195934,39.805012,0.10318782,39.805012,0.10318782
15674,0.19555,39.958,0.212325,39.805748,0.15225223,39.805748,0.15225223
1253920,0.19556,39.7111,0.156617,39.80587,-0.094770353,39.80587,-0.094770353
000236,0.19602,39.7288,0.124812,39.811503,-0.082702657,39.811503,-0.082702657
15129,0.19611,39.7747,0.157962,39.812603,-0.037903187,39.812603,-0.037903187
1298893,0.19616,39.8397,0.254651,39.813214,0.02648561,39.813214,0.02648561
1334620,0.19624,39.8927,0.29342,39.814192,0.078507988,39.814192,0.078507988
13070,0.19719,39.8018,0.14158,39.825773,-0.023972958,39.825773,-0.023972958
18804,0.19726,39.6932,0.130873,39.826624,-0.13342423,39.826624,-0.13342423
1302058,0.19786,39.492,0.189171,39.833909,-0.34190934,39.833909,-0.34190934
15222,0.19801,39.7561,0.182544,39.835727,-0.079627397,39.835727,-0.079627397
1316431,0.19815,39.8879,0.174409,39.837423,0.050476906,39.837423,0.050476906
13370,0.19846,40.3246,0.238597,39.841174,0.48342612,39.841174,0.48342612
360145,0.1986,39.8881,0.211487,39.842866,0.045234004,39.842866,0.045234004
19658,0.19863,39.889,0.174502,39.843228,0.045771553,39.843228,0.045771553
18768,0.19892,40.0216,0.217638,39.84673,0.17487049,39.84673,0.17487049
500504,0.19948,39.6764,0.246154,39.853477,-0.17707675,39.853477,-0.17707675
110460,0.19956,39.8511,0.254227,39.854439,-0.0033392046,39.854439,-0.0033392046
560150,0.19957,39.8965,0.17155,39.854559,0.041940514,39.854559,0.041940514
19101,0.20062,39.6837,0.194976,39.867158,-0.18345784,39.867158,-0.18345784
470232,0.20068,39.9838,0.252956,39.867876,0.11592412,39.867876,0.11592412
370308,0.20074,39.7672,0.316127,39.868594,-0.10139373,39.868594,-0.10139373
590002,0.20139,39.8575,0.216953,39.876358,-0.018857635,39.876358,-0.018857635
13152,0.20216,39.6184,0.198124,39.885525,-0.26712472,39.885525,-0.26712472
19913,0.20237,39.9949,0.159703,39.888019,0.10688082,39.888019,0.10688082
6780,0.20268,39.8373,0.184965,39.891697,-0.054397088,39.891697,-0.054397088
14212,0.20308,39.9658,0.146626,39.896435,0.069364965,39.896435,0.069364965
15203,0.20314,39.8822,0.166845,39.897145,-0.014944977,39.897145,-0.014944977
16032,0.20318,39.9277,0.173799,39.897618,0.030081837,39.897618,0.030081837
7243,0.20323,39.9335,0.216127,39.89821,0.035290476,39.89821,0.035290476
15901,0.20368,39.9041,0.171481,39.903526,0.00057432121,39.903526,0.00057432121
18965,0.20454,39.8809,0.160012,39.913655,-0.032755076,39.913655,-0.032755076
110033,0.20471,39.8427,0.202322,39.915653,-0.072952702,39.915653,-0.072952702
17801,0.20515,40.1661,0.227714,39.920816,0.24528414,39.920816,0.24528414
15872,0.20549,39.8126,0.174944,39.924799,-0.11219851,39.924799,-0.11219851
1327978,0.20699,39.9225,0.279831,39.942296,-0.019796098,39.942296,-0.019796098
15201,0.20736,40.316,0.333666,39.946594,0.36940599,39.946594,0.36940599
1283373,0.20754,40.0725,0.148972,39.948682,0.1238177,39.948682,0.1238177
20376,0.20831,39.7299,0.272182,39.957597,-0.22769656,39.957597,-0.22769656
15467,0.20847,39.8758,0.146778,39.959445,-0.083645028,39.959445,-0.083645028
200132,0.20856,40.1034,0.239508,39.960484,0.14291579,39.960484,0.14291579
15259,0.20857,39.8639,0.197696,39.9606,-0.096699647,39.9606,-0.096699647
140152,0.20864,39.8798,0.15965,39.961408,-0.081607573,39.961408,-0.081607573
16482,0.20937,39.8413,0.262138,39.969818,-0.12851808,39.969818,-0.12851808
550154,0.21003,40.1479,0.148877,39.977399,0.17050136,39.977399,0.17050136
19149,0.21023,39.4543,0.186032,39.979691,-0.5253914,39.979691,-0.5253914
460105,0.21071,39.9632,0.223017,39.985186,-0.021985747,39.985186,-0.021985747
14157,0.21083,39.806,0.155718,39.986558,-0.18055751,39.986558,-0.18055751
18940,0.21099,39.9552,0.163264,39.988385,-0.033185405,39.988385,-0.033185405
1257366,0.21137,40.1415,0.266119,39.992721,0.14877852,39.992721,0.14877852
7847,0.2116,39.9676,0.230498,39.995342,-0.027742424,39.995342,-0.027742424
17811,0.21186,39.9136,0.194498,39.998302,-0.084702037,39.998302,-0.084702037
18927,0.21214,39.9374,0.243726,40.001486,-0.064085535,40.001486,-0.064085535
13305,0.21339,40.0218,0.16528,40.01565,0.0061499592,40.01565,0.0061499592
8495,0.21353,40.0084,0.19033,40.017232,-0.0088316533,40.017232,-0.0088316533
6933,0.21383,39.8874,0.197488,40.020618,-0.13321758,40.020618,-0.13321758
110567,0.21442,40.0179,0.298904,40.027264,-0.0093636773,40.027264,-0.0093636773
1249851,0.21511,39.8825,0.477887,40.035015,-0.15251468,40.035015,-0.15251468
14019,0.21513,40.4641,0.22943,40.035239,0.428861,40.035239,0.428861
1316,0.21566,40.2253,0.258716,40.041176,0.18412354,40.041176,0.18412354
100206,0.21653,39.8253,0.141535,40.050893,-0.22559348,40.050893,-0.22559348
17435,0.21674,40.0672,0.190384,40.053234,0.013966474,40.053234,0.013966474
7473,0.21677,40.0932,0.185301,40.053568,0.039632354,40.053568,0.039632354
20364,0.21729,40.1395,0.269611,40.059352,0.08014777,40.059352,0.08014777
13641,0.21781,39.9942,0.174837,40.065124,-0.070923947,40.065124,-0.070923947
1290816,0.21848,40.2216,0.204417,40.072542,0.14905829,40.072542,0.14905829
1304678,0.21884,40.1416,0.247596,40.076519,0.065081361,40.076519,0.065081361
9467,0.21885,40.1925,0.240729,40.076629,0.11587098,40.076629,0.11587098
1342255,0.21886,40.0296,0.130815,40.076739,-0.047139401,40.076739,-0.047139401
5533,0.21887,40.1292,0.218822,40.07685,0.052350225,40.07685,0.052350225
15433,0.21935,40.1098,0.160031,40.082142,0.027657787,40.082142,0.027657787
1302187,0.21943,40.0048,0.208962,40.083023,-0.078223239,40.083023,-0.078223239
18466,0.21967,40.0882,0.173376,40.085665,0.0025354767,40.085665,0.0025354767
14331,0.21976,40.2387,0.220195,40.086654,0.15204569,40.086654,0.15204569
000220,0.21982,40.0616,0.124319,40.087314,-0.025713963,40.087314,-0.025713963
19230,0.22005,39.9228,0.242946,40.089841,-0.16704107,40.089841,-0.16704107
7512,0.22055,40.1876,0.225274,40.095326,0.09227368,40.095326,0.09227368
15354,0.22069,40.0798,0.266821,40.09686,-0.017060117,40.09686,-0.017060117
370098,0.22141,40.0441,0.143254,40.104734,-0.060633945,40.104734,-0.060633945
480464,0.22141,40.0588,0.204756,40.104734,-0.045933945,40.104734,-0.045933945
1331123,0.22157,40.1937,0.166162,40.10648,0.08721955,40.10648,0.08721955
13025,0.22287,40.3257,0.281229,40.120627,0.20507253,40.120627,0.20507253
14846,0.22335,40.1511,0.167278,40.125832,0.025268406,40.125832,0.025268406
330083,0.22373,40.0162,0.172818,40.129944,-0.11374415,40.129944,-0.11374415
1304442,0.22451,40.1293,0.19721,40.138365,-0.0090654044,40.138365,-0.0090654044
550096,0.22451,39.9449,0.245775,40.138365,-0.1934654,40.138365,-0.1934654
1292560,0.22482,40.1126,0.160616,40.141705,-0.029104759,40.141705,-0.029104759
13727,0.22534,40.1329,0.188923,40.147297,-0.014396653,40.147297,-0.014396653
15229,0.22536,40.1856,0.197444,40.147511,0.038088514,40.147511,0.038088514
030066,0.22552,40.1491,0.174035,40.14923,-0.00012951273,40.14923,-0.00012951273
020096,0.22563,39.9865,0.175963,40.15041,-0.16391,40.15041,-0.16391
19992,0.22632,40.3912,0.201078,40.157803,0.23339732,40.157803,0.23339732
1315192,0.22714,40.097,0.228488,40.166561,-0.069560986,40.166561,-0.069560986
1315259,0.22806,40.2236,0.183395,40.176352,0.047247552,40.176352,0.047247552
180561,0.22853,40.1604,0.308241,40.18134,-0.020940443,40.18134,-0.020940443
13072,0.22917,40.2229,0.202405,40.188117,0.034782707,40.188117,0.034782707
3452,0.22967,40.1351,0.188066,40.193399,-0.058299475,40.193399,-0.058299475
21033,0.23006,40.1283,0.227444,40.197512,-0.069212161,40.197512,-0.069212161
000006,0.23044,40.3062,0.260109,40.201513,0.10468684,40.201513,0.10468684
040780,0.23066,40.0717,0.296847,40.203827,-0.13212673,40.203827,-0.13212673
19008,0.23075,40.1049,0.204707,40.204773,-0.099872599,40.204773,-0.099872599
360140,0.23083,40.2958,0.226289,40.205613,0.090186917,40.205613,0.090186917
17875,0.23111,40.3169,0.189753,40.208553,0.10834735,40.208553,0.10834735
430004,0.2315,40.201,0.226906,40.212642,-0.011641525,40.212642,-0.011641525
1302648,0.23171,40.0875,0.237265,40.214841,-0.12734058,40.214841,-0.12734058
1275946,0.23212,40.2045,0.159507,40.219129,-0.014628631,40.219129,-0.014628631
15369,0.23269,39.8341,0.180906,40.225078,-0.39097839,40.225078,-0.39097839
1292336,0.23356,40.1857,0.255059,40.234134,-0.048433531,40.234134,-0.048433531
350047,0.23364,40.4148,0.19637,40.234965,0.17983539,40.234965,0.17983539
12971,0.23381,40.1389,0.214099,40.23673,-0.097829785,40.23673,-0.097829785
1336687,0.23381,40.1788,0.292139,40.23673,-0.057929785,40.23673,-0.057929785
1279500,0.23471,40.2784,0.167703,40.246055,0.032345017,40.246055,0.032345017
110536,0.23475,40.1912,0.32799,40.246469,-0.055268664,40.246469,-0.055268664
1319366,0.23483,40.158,0.183242,40.247296,-0.089295831,40.247296,-0.089295831
1298281,0.23508,40.1629,0.275154,40.249879,-0.086979039,40.249879,-0.086979039
19341,0.23543,40.2336,0.214202,40.253491,-0.019891244,40.253491,-0.019891244
15287,0.2363,40.3805,0.155735,40.262449,0.11805142,40.262449,0.11805142
310574,0.23649,40.2636,0.156727,40.264401,-0.00080069993,40.264401,-0.00080069993
13511,0.23653,40.4674,0.193131,40.264811,0.20258851,40.264811,0.20258851
12881,0.23671,40.119,0.236651,40.266659,-0.14765923,40.266659,-0.14765923
16350,0.23684,40.2279,0.210237,40.267993,-0.040092901,40.267993,-0.040092901
1317277,0.23711,40.2245,0.203948,40.270761,-0.046260658,40.270761,-0.046260658
20768,0.23735,40.7365,0.305716,40.273218,0.46328157,40.273218,0.46328157
17884,0.23776,40.2317,0.172272,40.277412,-0.045711783,40.277412,-0.045711783
470008,0.23954,39.9059,0.208409,40.29554,-0.38963952,40.29554,-0.38963952
18486,0.23971,40.13,0.180786,40.297264,-0.16726426,40.297264,-0.16726426
510251,0.24004,40.3847,0.264226,40.300609,0.084090942,40.300609,0.084090942
580300,0.24072,40.4016,0.166736,40.307488,0.094112088,40.307488,0.094112088
510550,0.24106,40.3291,0.130654,40.310921,0.018179428,40.310921,0.018179428
17223,0.24151,40.172,0.261675,40.315457,-0.14345689,40.315457,-0.14345689
460064,0.24153,40.1214,0.184136,40.315658,-0.19425832,40.315658,-0.19425832
14481,0.24207,40.564,0.221356,40.321091,0.24290887,40.321091,0.24290887
20111,0.24267,40.4217,0.219858,40.327114,0.094585613,40.327114,0.094585613
480064,0.24271,40.5734,0.259119,40.327515,0.24588455,40.327515,0.24588455
20088,0.24316,40.2516,0.143114,40.332023,-0.080423129,40.332023,-0.080423129
13506,0.24341,40.538,0.306318,40.334524,0.20347595,40.334524,0.20347595
19023,0.24405,40.2956,0.242814,40.340916,-0.04531555,40.340916,-0.04531555
15466,0.24436,40.2064,0.221704,40.344006,-0.13760584,40.344006,-0.13760584
3377,0.24449,40.1263,0.186144,40.345301,-0.21900068,40.345301,-0.21900068
000174,0.24497,40.3336,0.209543,40.350076,-0.016476105,40.350076,-0.016476105
420407,0.24512,40.4957,0.181643,40.351567,0.14413336,40.351567,0.14413336
20039,0.24539,40.3582,0.219468,40.354247,0.0039525238,40.354247,0.0039525238
000010,0.24594,40.4318,0.167359,40.3597,0.072100031,40.3597,0.072100031
13835,0.24604,40.3473,0.149416,40.36069,-0.013390114,40.36069,-0.013390114
15219,0.24637,40.378,0.17135,40.363955,0.014045057,40.363955,0.014045057
12977,0.24643,40.2829,0.214739,40.364548,-0.081648112,40.364548,-0.081648112
05D3mq,0.24649,40.3907,0.15515,40.365141,0.025558853,40.365141,0.025558853
1334645,0.24701,40.1983,0.137434,40.370275,-0.17197517,40.370275,-0.17197517
3451,0.24835,40.203,0.17717,40.383459,-0.18045903,40.383459,-0.18045903
450082,0.24848,40.4276,0.195634,40.384735,0.042865456,40.384735,0.042865456
420087,0.24848,40.4912,0.215929,40.384735,0.10646546,40.384735,0.10646546
560152,0.24851,40.3657,0.261564,40.385029,-0.019328805,40.385029,-0.019328805
15161,0.24853,40.3256,0.178325,40.385225,-0.059624961,40.385225,-0.059624961
19990,0.24883,40.427,0.180619,40.388166,0.038834461,40.388166,0.038834461
120585,0.24899,40.3167,0.167358,40.389733,-0.073032502,40.389733,-0.073032502
3199,0.24961,40.6733,0.220606,40.395796,0.27750434,40.395796,0.27750434
16106,0.24973,40.2961,0.206796,40.396968,-0.10086756,40.396968,-0.10086756
15868,0.24974,40.3915,0.163714,40.397065,-0.005565193,40.397065,-0.005565193
520077,0.25004,40.5965,0.224495,40.399993,0.19650746,40.399993,0.19650746
390449,0.25008,40.3764,0.218218,40.400383,-0.023982611,40.400383,-0.023982611
13689,0.2503,40.4145,0.179616,40.402527,0.011973056,40.402527,0.011973056
5717,0.25037,40.5692,0.188725,40.403209,0.16599114,40.403209,0.16599114
500004,0.25052,40.3009,0.188277,40.40467,-0.10376953,40.40467,-0.10376953
16213,0.25077,40.3873,0.202604,40.407102,-0.019802161,40.407102,-0.019802161
17552,0.25191,40.4698,0.207347,40.418166,0.051633504,40.418166,0.051633504
310161,0.25247,40.4622,0.166497,40.423585,0.038615414,40.423585,0.038615414
9032,0.25249,40.4066,0.259149,40.423778,-0.017177882,40.423778,-0.017177882
000034,0.25319,40.3688,0.15705,40.430534,-0.061734325,40.430534,-0.061734325
17464,0.25345,40.0303,0.262822,40.433039,-0.40273944,40.433039,-0.40273944
5736,0.25394,40.4546,0.167762,40.437754,0.016845853,40.437754,0.016845853
1336480,0.25605,40.6458,0.194176,40.45796,0.1878398,40.45796,0.1878398
1112,0.25609,40.5593,0.271675,40.458342,0.10095824,40.458342,0.10095824
17340,0.25625,40.3729,0.207312,40.459867,-0.086967438,40.459867,-0.086967438
9457,0.25672,40.5023,0.251739,40.464344,0.037955994,40.464344,0.037955994
19207,0.25721,40.5776,0.249962,40.469003,0.10859703,40.469003,0.10859703
18325,0.25723,40.4941,0.193606,40.469193,0.024907044,40.469193,0.024907044
8046,0.2576,40.6088,0.22531,40.472705,0.13609476,40.472705,0.13609476
6108,0.258,40.528,0.231214,40.476497,0.051502966,40.476497,0.051502966
550041,0.25847,40.4663,0.209281,40.480945,-0.014645425,40.480945,-0.014645425
1297026,0.25855,40.51,0.149785,40.481702,0.028298151,40.481702,0.028298151
1289664,0.25908,40.2879,0.178603,40.486708,-0.19880768,40.486708,-0.19880768
1303883,0.25911,40.5418,0.163699,40.486991,0.054809254,40.486991,0.054809254
1335694,0.25912,40.4255,0.162943,40.487085,-0.061585094,40.487085,-0.061585094
12972,0.25935,40.5238,0.233841,40.489254,0.034545833,40.489254,0.034545833
1330426,0.25954,40.442,0.169977,40.491045,-0.049044664,40.491045,-0.049044664
020176,0.26051,40.5033,0.171288,40.500167,0.0031333052,40.500167,0.0031333052
370498,0.26086,40.6128,0.185932,40.50345,0.10934959,40.50345,0.10934959
15440,0.2613,40.447,0.207526,40.507573,-0.060572706,40.507573,-0.060572706
1337649,0.26151,40.4182,0.225542,40.509538,-0.091337895,40.509538,-0.091337895
2017,0.26162,40.6874,0.258941,40.510567,0.17683331,40.510567,0.17683331
19702,0.26162,40.681,0.233293,40.510567,0.17043331,40.510567,0.17043331
1253,0.26166,40.392,0.226027,40.510941,-0.1189407,40.510941,-0.1189407
13655,0.26173,40.6935,0.249126,40.511595,0.18190491,40.511595,0.18190491
18945,0.26187,40.7216,0.216893,40.512903,0.20869662,40.512903,0.20869662
13956,0.2629,41.2641,0.514634,40.522509,0.74159125,40.522509,0.74159125
520019,0.26309,40.6388,0.170092,40.524277,0.11452321,40.524277,0.11452321
04D3ez,0.26348,40.3997,0.177345,40.527902,-0.12820223,40.527902,-0.12820223
350235,0.26384,40.5588,0.167704,40.531244,0.027555639,40.531244,0.027555639
330022,0.26386,40.3035,0.205843,40.53143,-0.22792991,40.53143,-0.22792991
12983,0.26395,40.6342,0.381046,40.532265,0.10193528,40.532265,0.10193528
2943,0.26405,40.5074,0.238455,40.533192,-0.025791985,40.533192,-0.025791985
13099,0.26451,40.6719,0.256474,40.537453,0.13444681,40.537453,0.13444681
110478,0.26462,40.5153,0.197965,40.538471,-0.023171153,40.538471,-0.023171153
2422,0.2657,40.6087,0.219728,40.548445,0.060255101,40.548445,0.060255101
6315,0.26576,40.3244,0.206109,40.548998,-0.22459789,40.548998,-0.22459789
1334087,0.26629,40.2901,0.264978,40.553878,-0.26377763,40.553878,-0.26377763
18463,0.26687,40.5463,0.204902,40.559207,-0.012907406,40.559207,-0.012907406
1309288,0.26794,40.5103,0.202065,40.569012,-0.05871176,40.569012,-0.05871176
520023,0.26804,40.4623,0.232043,40.569926,-0.1076262,40.569926,-0.1076262
06D3fp,0.26848,40.4553,0.240404,40.573946,-0.11864596,40.573946,-0.11864596
530037,0.2685,40.579,0.191142,40.574129,0.0048714705,40.574129,0.0048714705
14298,0.26879,40.6039,0.217156,40.576774,0.027125607,40.576774,0.027125607
510638,0.27006,40.6363,0.197002,40.58833,0.047969679,40.58833,0.047969679
19002,0.2701,40.5089,0.164866,40.588693,-0.079793468,40.588693,-0.079793468
310051,0.27045,40.5139,0.20931,40.591869,-0.077968868,40.591869,-0.077968868
160039,0.27085,40.4887,0.166124,40.595493,-0.10679323,40.595493,-0.10679323
380378,0.27129,40.5677,0.123404,40.599474,-0.031774293,40.599474,-0.031774293
1292332,0.27265,40.5415,0.173203,40.611742,-0.07024161,40.611742,-0.07024161
15356,0.2734,40.4721,0.208686,40.618482,-0.1463824,40.618482,-0.1463824
420258,0.27444,40.7399,0.293068,40.627801,0.11209873,40.627801,0.11209873
150254,0.27508,40.5286,0.241865,40.63352,-0.10491968,40.63352,-0.10491968
100213,0.27511,40.7769,0.239421,40.633787,0.14311257,40.633787,0.14311257
20227,0.27574,40.6631,0.213576,40.639404,0.023696133,40.639404,0.023696133
19051,0.27619,40.6749,0.180061,40.643408,0.031491677,40.643408,0.031491677
4000,0.27656,40.8504,0.272235,40.646696,0.20370366,40.646696,0.20370366
4046,0.27764,40.6186,0.24474,40.65627,-0.037670496,40.65627,-0.037670496
1297465,0.27784,40.9187,0.17803,40.65804,0.26066031,40.65804,0.26066031
5957,0.27924,40.7037,0.164335,40.670391,0.033308929,40.670391,0.033308929
6196,0.2798,40.5056,0.19932,40.675316,-0.16971553,40.675316,-0.16971553
040201,0.27987,40.5664,0.153331,40.67593,-0.10953045,40.67593,-0.10953045
520188,0.28049,40.6663,0.153096,40.681371,-0.015070608,40.681371,-0.015070608
18485,0.28122,40.6224,0.174763,40.687762,-0.065361668,40.687762,-0.065361668
1317286,0.28198,40.5986,0.166629,40.694399,-0.095799032,40.694399,-0.095799032
06D3dt,0.28256,40.744,0.297355,40.699453,0.044546775,40.699453,0.044546775
15584,0.28333,40.6596,0.184378,40.706148,-0.046548245,40.706148,-0.046548245
310238,0.28395,40.5735,0.154134,40.711527,-0.13802678,40.711527,-0.13802678
16072,0.28434,40.6919,0.20709,40.714904,-0.023004462,40.714904,-0.023004462
14261,0.28436,40.5431,0.186562,40.715078,-0.17197756,40.715078,-0.17197756
17791,0.28468,41.1135,0.351325,40.717846,0.39565439,40.717846,0.39565439
440050,0.28547,40.7046,0.185989,40.724667,-0.020066867,40.724667,-0.020066867
350080,0.28577,40.671,0.173206,40.727253,-0.056252629,40.727253,-0.056252629
20040,0.28655,40.6389,0.217509,40.733964,-0.095063838,40.733964,-0.095063838
20245,0.28723,40.5691,0.250397,40.739801,-0.17070081,40.739801,-0.17070081
17809,0.28746,40.5379,0.238886,40.741772,-0.20387218,40.741772,-0.20387218
19128,0.28763,40.8753,0.227224,40.743228,0.13207166,40.743228,0.13207166
1334644,0.28806,40.7075,0.188011,40.746908,-0.039407997,40.746908,-0.039407997
1313594,0.28835,40.749,0.137848,40.749387,-0.00038674957,40.749387,-0.00038674957
091869,0.28843,40.7458,0.165419,40.75007,-0.004270136,40.75007,-0.004270136
2165,0.28882,40.9433,0.226038,40.753399,0.18990087,40.753399,0.18990087
2789,0.2889,40.7428,0.228497,40.754081,-0.011281482,40.754081,-0.011281482
1334597,0.28896,40.6763,0.168052,40.754593,-0.078293132,40.754593,-0.078293132
1310395,0.28899,40.702,0.277224,40.754849,-0.052848921,40.754849,-0.052848921
350180,0.28952,40.9765,0.256114,40.759364,0.21713621,40.759364,0.21713621
570056,0.28998,40.7298,0.234493,40.763276,-0.033476136,40.763276,-0.033476136
1289288,0.29001,40.7393,0.271437,40.763531,-0.024231089,40.763531,-0.024231089
19596,0.29036,40.7861,0.23085,40.766504,0.019596266,40.766504,0.019596266
19027,0.29114,40.484,0.219145,40.773117,-0.28911654,40.773117,-0.28911654
1263715,0.29186,40.7653,0.172199,40.779206,-0.013906079,40.779206,-0.013906079
1291090,0.29199,40.7606,0.177707,40.780304,-0.019704093,40.780304,-0.019704093
390264,0.29208,40.4229,0.292471,40.781064,-0.35816399,40.781064,-0.35816399
12841,0.29208,40.7505,0.483728,40.781064,-0.030563991,40.781064,-0.030563991
21006,0.29241,40.6378,0.228825,40.783848,-0.14604843,40.783848,-0.14604843
420414,0.29246,40.6952,0.224836,40.78427,-0.089070054,40.78427,-0.089070054
150509,0.2928,40.7458,0.174302,40.787135,-0.041335361,40.787135,-0.041335361
130755,0.29291,40.8268,0.203556,40.788062,0.038738289,40.788062,0.038738289
6249,0.29354,40.857,0.204834,40.793361,0.063639044,40.793361,0.063639044
1303004,0.29496,40.762,0.173778,40.805267,-0.043266672,40.805267,-0.043266672
19794,0.29568,41.0209,0.307913,40.811283,0.20961694,40.811283,0.20961694
580270,0.29576,40.9989,0.165779,40.811951,0.18694929,40.811951,0.18694929
1119,0.29639,40.9938,0.366054,40.817203,0.17659742,40.817203,0.17659742
13610,0.29683,40.6595,0.202621,40.820864,-0.16136441,40.820864,-0.16136441
1293319,0.29687,40.7505,0.210501,40.821197,-0.070697055,40.821197,-0.070697055
420196,0.29842,41.2705,0.232731,40.834055,0.43644493,40.834055,0.43644493
570025,0.29845,40.6539,0.272883,40.834303,-0.18040332,40.834303,-0.18040332
6137,0.29888,40.9195,0.25505,40.837859,0.081640936,40.837859,0.081640936
10550,0.29923,41.0113,0.341681,40.84075,0.17055023,40.84075,0.17055023
14735,0.29936,40.7335,0.186464,40.841823,-0.10832266,40.841823,-0.10832266
120444,0.29947,41.0213,0.195981,40.84273,0.17856985,40.84273,0.17856985
170428,0.30007,40.9837,0.198158,40.847675,0.13602532,40.847675,0.13602532
5391,0.30022,40.8795,0.247188,40.848909,0.030590628,40.848909,0.030590628
350078,0.30078,41.1729,0.294726,40.853514,0.31938615,40.853514,0.31938615
570022,0.30141,41.1086,0.206046,40.858684,0.24991562,40.858684,0.24991562
350192,0.3015,40.8585,0.191702,40.859422,-0.00092221261,40.859422,-0.00092221261
460037,0.30254,40.8894,0.22475,40.867933,0.021466572,40.867933,0.021466572
1339002,0.30296,40.8204,0.274703,40.871363,-0.050962952,40.871363,-0.050962952
150457,0.30339,40.9204,0.142521,40.87487,0.045530439,40.87487,0.045530439
7143,0.30354,41.0778,0.197526,40.876092,0.20170829,40.876092,0.20170829
19818,0.30395,40.7052,0.182517,40.879429,-0.1742294,40.879429,-0.1742294
1287626,0.30396,40.719,0.22209,40.879511,-0.16051075,40.879511,-0.16051075
1259412,0.30477,40.9018,0.140115,40.886092,0.015707756,40.886092,0.015707756
1335717,0.30478,41.0411,0.242802,40.886173,0.1549266,40.886173,0.1549266
12883,0.30519,40.5924,0.306711,40.889498,-0.29709848,40.889498,-0.29709848
350630,0.30525,40.9054,0.133839,40.889985,0.015415271,40.889985,0.015415271
440005,0.30551,41.0041,0.226225,40.892091,0.11200921,40.892091,0.11200921
350027,0.30568,40.9451,0.165493,40.893467,0.051633077,40.893467,0.051633077
560087,0.30641,40.8959,0.201565,40.899368,-0.0034681544,40.899368,-0.0034681544
340334,0.30668,41.16,0.239095,40.901547,0.25845251,40.901547,0.25845251
1281668,0.30697,40.9573,0.150058,40.903886,0.053413715,40.903886,0.053413715
520062,0.30805,41.2018,0.139651,40.912578,0.28922175,40.912578,0.28922175
5966,0.30822,40.9533,0.254065,40.913944,0.039356148,40.913944,0.039356148
1319821,0.30881,40.9954,0.152417,40.918678,0.076722126,40.918678,0.076722126
6699,0.30915,41.046,0.250639,40.921402,0.12459786,40.921402,0.12459786
5844,0.3093,40.9757,0.270379,40.922603,0.053096861,40.922603,0.053096861
16211,0.30939,41.0177,0.300429,40.923323,0.094376521,40.923323,0.094376521
21042,0.30955,40.72,0.257177,40.924604,-0.2046036,40.924604,-0.2046036
1300516,0.31043,40.6197,0.336421,40.931633,-0.31193331,40.931633,-0.31193331
15213,0.31053,40.9962,0.221391,40.932431,0.063769026,40.932431,0.063769026
500100,0.31077,41.046,0.182638,40.934344,0.11165562,40.934344,0.11165562
000420,0.31152,41.0123,0.141744,40.940315,0.071985038,40.940315,0.071985038
1338128,0.31185,41.0377,0.210925,40.942938,0.094762212,40.942938,0.094762212
1337838,0.31195,40.9503,0.160446,40.943732,0.0065679252,40.943732,0.0065679252
1263369,0.31252,40.9565,0.149709,40.948255,0.0082449995,40.948255,0.0082449995
1294743,0.31258,41.0352,0.279475,40.948731,0.086469348,40.948731,0.086469348
20142,0.31259,40.6239,0.2062,40.94881,-0.32490992,40.94881,-0.32490992
1283878,0.31287,41.0195,0.203499,40.951028,0.068471559,40.951028,0.068471559
1341894,0.31294,41.0061,0.176794,40.951583,0.054517217,40.951583,0.054517217
19632,0.31377,41.0228,0.214434,40.958147,0.064653063,40.958147,0.064653063
530112,0.31444,41.1251,0.155711,40.963434,0.16166604,40.963434,0.16166604
15383,0.31495,41.0194,0.227804,40.967451,0.051948599,40.967451,0.051948599
6649,0.31509,40.8837,0.219964,40.968553,-0.084853172,40.968553,-0.084853172
110716,0.31577,41.2033,0.233304,40.973898,0.22940183,40.973898,0.22940183
15776,0.31582,40.933,0.227638,40.974291,-0.041290762,40.974291,-0.041290762
6100,0.31613,41.1979,0.274091,40.976724,0.22117645,40.976724,0.22117645
100163,0.31773,41.0738,0.195921,40.989245,0.084555259,40.989245,0.084555259
1345553,0.31795,41.0772,0.167213,40.990962,0.086238177,40.990962,0.086238177
080646,0.31813,41.0199,0.153489,40.992366,0.027534112,40.992366,0.027534112
550059,0.31839,41.3345,0.327925,40.994393,0.34010732,40.994393,0.34010732
440509,0.31892,40.8941,0.203876,40.998519,-0.10441946,40.998519,-0.10441946
310188,0.31893,41.141,0.177674,40.998597,0.14240274,40.998597,0.14240274
170078,0.32089,41.2315,0.207296,41.013803,0.21769701,41.013803,0.21769701
330128,0.32095,40.9546,0.156373,41.014267,-0.059667108,41.014267,-0.059667108
1266657,0.32108,41.1921,0.293444,41.015272,0.17682758,41.015272,0.17682758
1261579,0.32214,40.8774,0.138773,41.023456,-0.14605553,41.023456,-0.14605553
580104,0.32214,40.8628,0.158186,41.023456,-0.16065553,41.023456,-0.16065553
120085,0.32214,40.7271,0.199265,41.023456,-0.29635553,41.023456,-0.29635553
7475,0.32265,40.9316,0.211904,41.027384,-0.095783774,41.027384,-0.095783774
05D2ab,0.32454,41.0699,0.126468,41.041891,0.028008729,41.041891,0.028008729
050291,0.32535,41.2273,0.193265,41.048085,0.17921524,41.048085,0.17921524
500301,0.3255,41.2625,0.255286,41.04923,0.21326987,41.04923,0.21326987
18617,0.3257,41.1639,0.271274,41.050757,0.11314348,41.050757,0.11314348
1305626,0.32573,41.0478,0.141716,41.050985,-0.003185408,41.050985,-0.003185408
1308326,0.32622,41.0504,0.157201,41.054721,-0.0043210844,41.054721,-0.0043210844
14456,0.32794,41.0002,0.171833,41.067793,-0.067592934,41.067793,-0.067592934
050303,0.32829,41.3079,0.308428,41.070445,0.2374549,41.070445,0.2374549
530219,0.32838,41.351,0.278699,41.071127,0.27987334,41.071127,0.27987334
430003,0.32843,40.934,0.295651,41.071505,-0.13750523,41.071505,-0.13750523
1306073,0.32859,41.1,0.144172,41.072716,0.027283702,41.072716,0.027283702
6924,0.3286,40.9276,0.222195,41.072792,-0.14519197,41.072792,-0.14519197
1337687,0.3287,41.0716,0.150485,41.073549,-0.0019485873,41.073549,-0.0019485873
1316465,0.3291,41.0566,0.165152,41.076573,-0.019972914,41.076573,-0.019972914
13934,0.32931,41.4109,0.310571,41.078159,0.33274068,41.078159,0.33274068
540163,0.32943,41.2391,0.162498,41.079065,0.16003459,41.079065,0.16003459
1301933,0.3296,41.1031,0.114803,41.080349,0.022751476,41.080349,0.022751476
13830,0.32985,40.8444,0.209813,41.082234,-0.23783433,41.082234,-0.23783433
1338675,0.33048,41.1674,0.214426,41.086981,0.080419311,41.086981,0.080419311
4241,0.33052,41.1689,0.23109,41.087282,0.081618239,41.087282,0.081618239
120369,0.33055,41.2306,0.131607,41.087508,0.14309246,41.087508,0.14309246
370394,0.3308,40.996,0.212048,41.089388,-0.093388318,41.089388,-0.093388318
480184,0.3308,41.1586,0.239453,41.089388,0.069211682,41.089388,0.069211682
03D1fc,0.33094,41.0098,0.137116,41.090441,-0.080640975,41.090441,-0.080640975
20106,0.33137,41.2335,0.285481,41.093672,0.13982845,41.093672,0.13982845
580235,0.33154,41.0301,0.218692,41.094948,-0.064847681,41.094948,-0.064847681
370344,0.33155,41.1012,0.166036,41.095023,0.0061772711,41.095023,0.0061772711
470041,0.33179,41.0149,0.143999,41.096823,-0.081923239,41.096823,-0.081923239
1306141,0.3324,40.977,0.159233,41.101394,-0.1243941,41.101394,-0.1243941
130862,0.3329,41.3299,0.201675,41.105135,0.22476511,41.105135,0.22476511
1346956,0.33353,41.0366,0.176123,41.109841,-0.073240862,41.109841,-0.073240862
1309492,0.33353,41.0025,0.141896,41.109841,-0.10734086,41.109841,-0.10734086
16093,0.33439,41.1204,0.23572,41.116252,0.0041484276,41.116252,0.0041484276
500511,0.3349,41.0251,0.171864,41.120046,-0.094946039,41.120046,-0.094946039
1346966,0.33513,41.0242,0.177927,41.121756,-0.097555512,41.121756,-0.097555512
1314897,0.33663,41.0367,0.18424,41.132878,-0.096177582,41.132878,-0.096177582
040782,0.33739,41.0098,0.23724,41.138495,-0.12869519,41.138495,-0.12869519
470015,0.33752,41.1678,0.278653,41.139455,0.028345076,41.139455,0.028345076
04D3kr,0.33753,41.1477,0.176101,41.139529,0.0081712649,41.139529,0.0081712649
1300912,0.3378,41.1537,0.233862,41.141521,0.012179133,41.141521,0.012179133
380318,0.33825,41.145,0.211242,41.144838,0.00016219989,41.144838,0.00016219989
580276,0.33851,41.1131,0.200412,41.146752,-0.033652381,41.146752,-0.033652381
1343337,0.339,41.0555,0.356511,41.150357,-0.094856918,41.150357,-0.094856918
04D3nh,0.34051,41.1737,0.192422,41.161434,0.012265601,41.161434,0.012265601
320258,0.3409,41.0587,0.1943,41.164288,-0.10558805,41.164288,-0.10558805
2533,0.34101,41.0641,0.255103,41.165092,-0.10099238,41.165092,-0.10099238
1336009,0.34176,41.2122,0.321008,41.17057,0.041629993,41.17057,0.041629993
1346387,0.34448,41.3081,0.152468,41.190342,0.11775777,41.190342,0.11775777
350606,0.3445,41.2914,0.299203,41.190487,0.10091293,41.190487,0.10091293
1329312,0.34479,41.2333,0.171671,41.192586,0.040713541,41.192586,0.040713541
470110,0.34547,41.2033,0.23021,41.197503,0.0057972773,41.197503,0.0057972773
03D1bp,0.34594,41.3318,0.136683,41.200895,0.13090453,41.200895,0.13090453
310090,0.34686,41.4163,0.370346,41.207524,0.20877579,41.207524,0.20877579
050301,0.34704,41.1174,0.244272,41.208819,-0.091419228,41.208819,-0.091419228
330089,0.34872,41.3721,0.218415,41.220876,0.15122399,41.220876,0.15122399
160198,0.34899,41.2499,0.158604,41.222809,0.027091336,41.222809,0.027091336
1258906,0.34918,41.282,0.206036,41.224168,0.057832152,41.224168,0.057832152
070955,0.3492,41.1406,0.157954,41.224311,-0.083710881,41.224311,-0.083710881
380279,0.34946,41.2033,0.168604,41.22617,-0.022869604,41.22617,-0.022869604
440185,0.34952,41.1526,0.205831,41.226598,-0.073998358,41.226598,-0.073998358
05D2ie,0.34956,41.3756,0.171432,41.226884,0.14871584,41.226884,0.14871584
20186,0.34957,41.4873,0.287684,41.226956,0.2603444,41.226956,0.2603444
04D2mc,0.34957,41.005,0.226318,41.226956,-0.2219556,41.226956,-0.2219556
1248677,0.35017,41.1867,0.147015,41.231239,-0.044538806,41.231239,-0.044538806
000196,0.35066,41.2342,0.163121,41.234732,-0.00053169691,41.234732,-0.00053169691
050296,0.35087,41.2532,0.161378,41.236227,0.016972739,41.236227,0.016972739
120400,0.35156,41.3343,0.138963,41.241135,0.093164598,41.241135,0.093164598
05D2hc,0.35157,41.4798,0.209505,41.241206,0.23859353,41.241206,0.23859353
160197,0.35361,41.3657,0.191944,41.255665,0.11003511,41.255665,0.11003511
05D2mp,0.35527,41.4647,0.223042,41.267373,0.19732707,41.267373,0.19732707
1688,0.35767,41.3574,0.291964,41.284211,0.073189436,41.284211,0.073189436
1334423,0.35791,41.3539,0.215252,41.285889,0.068011458,41.285889,0.068011458
04D3fk,0.35833,41.2423,0.215992,41.288822,-0.046522485,41.288822,-0.046522485
04D2fs,0.35858,41.1484,0.288995,41.290567,-0.14216736,41.290567,-0.14216736
160070,0.35897,41.4429,0.171109,41.293287,0.14961289,41.293287,0.14961289
1280217,0.35901,41.1532,0.305677,41.293566,-0.1403659,41.293566,-0.1403659
1307830,0.35949,41.4213,0.15447,41.296909,0.12439083,41.296909,0.12439083
050293,0.36005,41.187,0.191161,41.300804,-0.1138044,41.300804,-0.1138044
160126,0.36023,41.0791,0.230289,41.302055,-0.22295524,41.302055,-0.22295524
470244,0.36081,41.4328,0.197529,41.306082,0.12671823,41.306082,0.12671823
420417,0.36138,41.1159,0.288022,41.310033,-0.19413302,41.310033,-0.19413302
1294014,0.36272,41.2452,0.209997,41.319299,-0.074099123,41.319299,-0.074099123
1346137,0.36326,41.364,0.215101,41.323024,0.040975779,41.323024,0.040975779
560121,0.36491,41.4626,0.291566,41.334375,0.12822538,41.334375,0.12822538
100358,0.36613,41.136,0.226225,41.342736,-0.20673636,41.342736,-0.20673636
190209,0.36648,41.2327,0.155657,41.34513,-0.11243043,41.34513,-0.11243043
1308582,0.36705,41.2088,0.151911,41.349025,-0.1402248,41.349025,-0.1402248
350083,0.3678,41.2627,0.165575,41.35414,-0.091440395,41.35414,-0.091440395
04D1hd,0.36791,41.4699,0.158375,41.35489,0.11501013,41.35489,0.11501013
1343533,0.36844,41.5479,0.336428,41.358498,0.18940197,41.358498,0.18940197
1283936,0.36862,41.463,0.345551,41.359722,0.10327765,41.359722,0.10327765
15704,0.36952,41.4498,0.244353,41.365836,0.083964409,41.365836,0.083964409
18091,0.36977,41.2185,0.255045,41.367531,-0.14903125,41.367531,-0.14903125
510578,0.37012,41.3794,0.188778,41.369903,0.0094966098,41.369903,0.0094966098
13136,0.37046,41.6395,0.256631,41.372206,0.26729425,41.372206,0.26729425
05D4bm,0.37051,41.3833,0.160025,41.372544,0.010755832,41.372544,0.010755832
05D3jr,0.37053,41.273,0.282407,41.37268,-0.099679523,41.37268,-0.099679523
390471,0.37053,41.0698,0.135854,41.37268,-0.30287952,41.37268,-0.30287952
04D2cf,0.37059,41.3759,0.163241,41.373086,0.0028144534,41.373086,0.0028144534
320469,0.37087,41.4098,0.39052,41.37498,0.034820486,41.37498,0.034820486
1291957,0.37143,41.334,0.168104,41.378763,-0.044763457,41.378763,-0.044763457
05D4fo,0.3715,41.4289,0.165418,41.379236,0.049663923,41.379236,0.049663923
000199,0.3716,41.3842,0.116639,41.379911,0.0042888964,41.379911,0.0042888964
05D4cw,0.37351,41.3114,0.133039,41.392772,-0.081371751,41.392772,-0.081371751
16232,0.37426,41.4722,0.234786,41.397805,0.074394996,41.397805,0.074394996
1299643,0.37678,41.4155,0.15471,41.414648,0.0008517983,41.414648,0.0008517983
1282736,0.37798,41.3598,0.223183,41.422632,-0.062831925,41.422632,-0.062831925
590031,0.37859,41.4271,0.182401,41.426681,0.00041872915,41.426681,0.00041872915
7779,0.37986,41.2959,0.219919,41.435092,-0.13919241,41.435092,-0.13919241
320099,0.37989,41.4154,0.163795,41.435291,-0.019890784,41.435291,-0.019890784
500057,0.38052,41.4614,0.188044,41.439453,0.021946783,41.439453,0.021946783
110425,0.38083,41.4511,0.201434,41.441499,0.0096009575,41.441499,0.0096009575
1299785,0.38131,41.4549,0.20413,41.444664,0.010236287,41.444664,0.010236287
000011,0.3816,41.6775,0.218983,41.446574,0.2309261,41.446574,0.2309261
040150,0.38174,41.5615,0.198898,41.447496,0.11400442,41.447496,0.11400442
580275,0.3825,41.3726,0.265174,41.452493,-0.079893478,41.452493,-0.079893478
1343401,0.38284,41.3678,0.206585,41.454726,-0.086926385,41.454726,-0.086926385
1281886,0.38394,41.5182,0.20184,41.461938,0.056262143,41.461938,0.056262143
360139,0.38594,41.5217,0.152114,41.475,0.046699563,41.475,0.046699563
1338170,0.38677,41.3791,0.270807,41.480403,-0.10130289,41.480403,-0.10130289
550218,0.38735,41.5567,0.273474,41.484172,0.072528308,41.484172,0.072528308
050251,0.38772,41.6302,0.283892,41.486573,0.14362682,41.486573,0.14362682
420352,0.38886,41.383,0.199578,41.493959,-0.11095895,41.493959,-0.11095895
1290779,0.38951,41.544,0.192176,41.498161,0.045838897,41.498161,0.045838897
120086,0.39262,41.4742,0.237288,41.518177,-0.04397676,41.518177,-0.04397676
1291794,0.39512,41.4677,0.203648,41.53416,-0.066459619,41.53416,-0.066459619
1296273,0.39698,41.259,0.168535,41.54599,-0.2869898,41.54599,-0.2869898
1333438,0.39946,41.7119,0.28782,41.561683,0.1502168,41.561683,0.1502168
05D4ff,0.40048,41.4918,0.158339,41.568111,-0.076311379,41.568111,-0.076311379
110734,0.40212,41.4795,0.199524,41.578415,-0.098914929,41.578415,-0.098914929
580312,0.40286,41.5478,0.290402,41.583051,-0.035251261,41.583051,-0.035251261
1329615,0.40361,41.616,0.213828,41.587742,0.028257857,41.587742,0.028257857
06D3ed,0.40454,41.6747,0.166047,41.593548,0.081152447,41.593548,0.081152447
350050,0.40472,41.3373,0.202033,41.59467,-0.25736974,41.59467,-0.25736974
05D4dt,0.40547,41.7807,0.135518,41.599341,0.18135948,41.599341,0.18135948
1308314,0.40648,41.6914,0.168815,41.605618,0.085782222,41.605618,0.085782222
1341370,0.409,41.7002,0.240024,41.621217,0.07898341,41.621217,0.07898341
1306390,0.40911,41.7405,0.363654,41.621895,0.11860456,41.621895,0.11860456
450339,0.40927,41.7061,0.274957,41.622883,0.083217434,41.622883,0.083217434
06D4cq,0.40947,41.6784,0.172193,41.624116,0.054284039,41.624116,0.054284039
020090,0.40995,41.6836,0.279968,41.627074,0.056526185,41.627074,0.056526185
1307277,0.41114,41.662,0.318089,41.634393,0.027607093,41.634393,0.027607093
530251,0.41131,41.8335,0.242677,41.635437,0.19806312,41.635437,0.19806312
520071,0.41152,41.8131,0.149106,41.636726,0.17637407,41.636726,0.17637407
1315296,0.41258,41.7893,0.330128,41.643223,0.14607678,41.643223,0.14607678
04D2fp,0.41664,41.7295,0.149208,41.667966,0.061534306,41.667966,0.061534306
05D2dw,0.41864,41.6174,0.202099,41.680071,-0.062671418,41.680071,-0.062671418
440162,0.41927,41.6863,0.192599,41.683874,0.0024264688,41.683874,0.0024264688
550137,0.41931,41.4604,0.22264,41.684115,-0.22371475,41.684115,-0.22371475
05D3cf,0.41956,41.7981,0.235757,41.685622,0.11247808,41.685622,0.11247808
1289600,0.41962,41.8662,0.224621,41.685984,0.18021649,41.685984,0.18021649
1340454,0.41997,41.4394,0.294415,41.688092,-0.24869185,41.688092,-0.24869185
550202,0.42027,41.8343,0.344188,41.689898,0.14440232,41.689898,0.14440232
110430,0.42085,41.728,0.250117,41.693386,0.034614441,41.693386,0.034614441
1306626,0.4209,41.6178,0.17643,41.693686,-0.075886028,41.693686,-0.075886028
1306991,0.42199,41.5336,0.270821,41.700228,-0.16662797,41.700228,-0.16662797
1345594,0.42242,41.6796,0.275449,41.702804,-0.023204387,41.702804,-0.023204387
04D4gg,0.42245,41.6483,0.231707,41.702984,-0.054684046,41.702984,-0.054684046
160200,0.42349,41.8403,0.400817,41.709205,0.13109514,41.709205,0.13109514
490037,0.42355,41.5955,0.186465,41.709563,-0.11406332,41.709563,-0.11406332
1302523,0.42392,41.7264,0.13417,41.711773,0.014627245,41.711773,0.014627245
1312274,0.42451,41.7483,0.195831,41.715292,0.033007813,41.715292,0.033007813
1295027,0.42562,41.7039,0.195468,41.721901,-0.018001117,41.721901,-0.018001117
1258940,0.42594,41.7517,0.175449,41.723803,0.027896598,41.723803,0.027896598
050003,0.42689,41.813,0.229539,41.729443,0.08355705,41.729443,0.08355705
110542,0.42694,41.8348,0.198324,41.729739,0.10506056,41.729739,0.10506056
110719,0.42784,42.2757,0.23861,41.735071,0.54062922,41.735071,0.54062922
05D2cb,0.42865,41.8825,0.403543,41.73986,0.14263998,41.73986,0.14263998
440236,0.42888,41.6443,0.193398,41.741218,-0.096918383,41.741218,-0.096918383
1306029,0.42895,41.8266,0.250757,41.741632,0.084968337,41.741632,0.084968337
100101,0.42967,41.9219,0.19807,41.745879,0.17602111,41.745879,0.17602111
080723,0.43013,41.8354,0.165783,41.748589,0.086811087,41.748589,0.086811087
04D1rh,0.43487,41.7828,0.183674,41.776357,0.0064428616,41.776357,0.0064428616
06D4co,0.43544,41.5839,0.13365,41.779677,-0.19577726,41.779677,-0.19577726
000142,0.43673,42.0051,0.1818,41.787176,0.21792376,41.787176,0.21792376
1336008,0.43765,41.6253,0.16614,41.792512,-0.16721169,41.792512,-0.16721169
1333246,0.43774,41.882,0.356877,41.793033,0.088966922,41.793033,0.088966922
560027,0.43883,41.6682,0.279961,41.79934,-0.13113965,41.79934,-0.13113965
1310338,0.43883,41.4679,0.211194,41.79934,-0.33143965,41.79934,-0.33143965
050607,0.43926,41.8262,0.202784,41.801824,0.024376464,41.801824,0.024376464
040166,0.44004,42.1401,0.441915,41.806323,0.33377662,41.806323,0.33377662
510266,0.44059,41.6364,0.160177,41.809492,-0.17309186,41.809492,-0.17309186
1328105,0.44154,41.6823,0.183572,41.814956,-0.13265599,41.814956,-0.13265599
1295256,0.44246,41.8523,0.172891,41.820237,0.032062921,41.820237,0.032062921
06D3df,0.44254,41.9039,0.139699,41.820696,0.083204181,41.820696,0.083204181
06D2gb,0.44368,41.793,0.182219,41.827224,-0.034224433,41.827224,-0.034224433
1291080,0.44384,41.8069,0.290347,41.828139,-0.021239473,41.828139,-0.021239473
040137,0.44756,41.8552,0.223954,41.849328,0.0058724714,41.849328,0.0058724714
1328066,0.4489,41.8853,0.221814,41.856919,0.028380604,41.856919,0.028380604
1320166,0.44896,41.9875,0.215648,41.857259,0.13024117,41.857259,0.13024117
050580,0.4506,41.6446,0.157686,41.86652,-0.22192038,41.86652,-0.22192038
520016,0.451,41.9281,0.213431,41.868775,0.0593255,41.868775,0.0593255
04D3gt,0.45155,41.7162,0.305385,41.871871,-0.15567086,41.871871,-0.15567086
120094,0.45169,41.9923,0.154715,41.872658,0.11964154,41.872658,0.11964154
04D2gb,0.45169,41.5892,0.225346,41.872658,-0.28345846,41.872658,-0.28345846
1290127,0.45223,41.9959,0.320076,41.875694,0.12020579,41.875694,0.12020579
1253101,0.45333,41.7953,0.207786,41.881868,-0.086567645,41.881868,-0.086567645
1253039,0.45347,41.8863,0.14411,41.882652,0.0036476518,41.882652,0.0036476518
1334302,0.45463,41.7873,0.209236,41.889145,-0.10184545,41.889145,-0.10184545
1306360,0.45478,41.8839,0.284149,41.889984,-0.0060839427,41.889984,-0.0060839427
1345582,0.45878,41.9679,0.252185,41.912249,0.055651381,41.912249,0.055651381
380199,0.46055,42.0021,0.190943,41.922043,0.080057291,41.922043,0.080057291
510597,0.46098,42.0162,0.230251,41.924417,0.091783266,41.924417,0.091783266
05D3lc,0.46156,41.9839,0.138441,41.927616,0.056284379,41.927616,0.056284379
03D4au,0.46641,42.3424,0.396492,41.954218,0.38818169,41.954218,0.38818169
000215,0.4666,42.048,0.135922,41.955255,0.092744814,41.955255,0.092744814
04D4jr,0.4684,41.9733,0.206146,41.965059,0.0082413817,41.965059,0.0082413817
1339149,0.4688,41.7631,0.234035,41.967232,-0.20413236,41.967232,-0.20413236
04D4ju,0.47039,42.2151,0.404516,41.975856,0.23924421,41.975856,0.23924421
05D3mx,0.47057,42.0135,0.180637,41.97683,0.036669694,41.97683,0.036669694
370367,0.4717,41.9798,0.210913,41.98294,-0.0031401039,41.98294,-0.0031401039
1316437,0.47196,42.0374,0.25691,41.984344,0.053056046,41.984344,0.053056046
05D2bv,0.47572,41.938,0.177112,42.004565,-0.066565012,42.004565,-0.066565012
370329,0.47793,42.2269,0.228278,42.01638,0.21051966,42.01638,0.21051966
310146,0.47943,41.8695,0.203883,42.024371,-0.1548706,42.024371,-0.1548706
1306537,0.47948,42.0107,0.198987,42.024637,-0.013936534,42.024637,-0.013936534
560054,0.4798,41.8956,0.237796,42.026338,-0.13073792,42.026338,-0.13073792
05D3dd,0.48056,42.0041,0.160362,42.030374,-0.026274428,42.030374,-0.026274428
05D2ac,0.48071,41.9748,0.139221,42.03117,-0.056370399,42.03117,-0.056370399
120044,0.48171,42.3055,0.210887,42.036471,0.26902908,42.036471,0.26902908
05D1ix,0.48881,42.0842,0.199732,42.07381,0.010390069,42.07381,0.010390069
1292145,0.49246,42.2783,0.335403,42.092807,0.18549267,42.092807,0.18549267
1343208,0.49501,42.0821,0.165011,42.106001,-0.023901068,42.106001,-0.023901068
1305504,0.4956,42.1453,0.120919,42.109045,0.036255374,42.109045,0.036255374
03D1ax,0.49572,42.0817,0.153945,42.109663,-0.027963238,42.109663,-0.027963238
05D4af,0.49737,42.1268,0.225856,42.118155,0.0086451139,42.118155,0.0086451139
06D2bk,0.50073,42.257,0.253816,42.135365,0.12163469,42.135365,0.12163469
350374,0.5009,42.1165,0.283133,42.136233,-0.019733187,42.136233,-0.019733187
030006,0.50276,42.0703,0.312874,42.145711,-0.075410674,42.145711,-0.075410674
1337272,0.50276,42.161,0.218549,42.145711,0.015289326,42.145711,0.015289326
510457,0.503,42.1484,0.311282,42.146931,0.0014688298,42.146931,0.0014688298
03D1au,0.50309,42.1444,0.228687,42.147389,-0.0029887149,42.147389,-0.0029887149
1335472,0.50598,42.079,0.166703,42.16204,-0.083040154,42.16204,-0.083040154
1343759,0.50617,42.1043,0.151709,42.163001,-0.058700634,42.163001,-0.058700634
310091,0.50716,42.2358,0.180974,42.168,0.067800247,42.168,0.067800247
05D4av,0.50737,42.2419,0.288822,42.169059,0.07284101,42.169059,0.07284101
090201,0.50817,42.0193,0.184312,42.17309,-0.1537904,42.17309,-0.1537904
180313,0.51006,42.0945,0.144405,42.182591,-0.088090907,42.182591,-0.088090907
110484,0.51087,42.0583,0.239085,42.186652,-0.1283524,42.186652,-0.1283524
05D2dy,0.51175,42.3885,0.227281,42.191058,0.19744198,42.191058,0.19744198
04D1pg,0.5138,42.2567,0.35966,42.201293,0.055406526,42.201293,0.055406526
04D4in,0.51435,42.2259,0.196162,42.204033,0.021866977,42.204033,0.021866977
04D2mj,0.51475,42.3259,0.402924,42.206024,0.11987631,42.206024,0.11987631
1338430,0.51718,42.0932,0.190441,42.218086,-0.12488573,42.218086,-0.12488573
1334470,0.51876,42.1949,0.250421,42.2259,-0.030999898,42.2259,-0.030999898
310260,0.51879,42.1824,0.209558,42.226048,-0.043648051,42.226048,-0.043648051
450175,0.51943,42.2438,0.315111,42.229207,0.014593273,42.229207,0.014593273
06D3el,0.5196,42.2905,0.196455,42.230045,0.060454866,42.230045,0.060454866
04D2gc,0.52277,42.3496,0.273927,42.245632,0.10396827,42.245632,0.10396827
1295921,0.52393,42.1774,0.369236,42.251313,-0.073913066,42.251313,-0.073913066
1322229,0.52613,42.1702,0.223271,42.262055,-0.091855485,42.262055,-0.091855485
050005,0.52851,42.0855,0.188829,42.273629,-0.18812919,42.273629,-0.18812919
1322979,0.52939,42.2913,0.141023,42.277896,0.01340391,42.277896,0.01340391
330106,0.53091,41.8802,0.23431,42.28525,-0.40505044,42.28525,-0.40505044
160066,0.53105,42.5109,0.289268,42.285927,0.22497319,42.285927,0.22497319
1338471,0.53117,42.5253,0.38093,42.286506,0.23879357,42.286506,0.23879357
1337703,0.53226,41.9821,0.221979,42.291766,-0.30966561,42.291766,-0.30966561
06D2ca,0.53277,42.2472,0.294354,42.294223,-0.047022833,42.294223,-0.047022833
06D2cc,0.53377,42.1649,0.273819,42.299034,-0.13413448,42.299034,-0.13413448
05D4ek,0.53433,42.1433,0.225295,42.301725,-0.15842529,42.301725,-0.15842529
05D4be,0.53532,42.3205,0.204703,42.306476,0.014024268,42.306476,0.014024268
05D2eb,0.53578,42.2134,0.209507,42.30868,-0.095280187,42.30868,-0.095280187
1289656,0.53944,42.3338,0.244476,42.326157,0.007643469,42.326157,0.007643469
110426,0.54089,42.2791,0.233447,42.333049,-0.053949244,42.333049,-0.053949244
1324542,0.54154,42.53,0.24247,42.336133,0.19386659,42.336133,0.19386659
520041,0.5454,42.5633,0.191404,42.354377,0.20892316,42.354377,0.20892316
04D4bq,0.54832,42.0235,0.363222,42.368097,-0.34459663,42.368097,-0.34459663
1306980,0.54886,42.1695,0.378555,42.370626,-0.20112628,42.370626,-0.20112628
050201,0.55011,42.3253,0.19588,42.376473,-0.051172918,42.376473,-0.051172918
06D4bo,0.55031,42.3728,0.208456,42.377407,-0.0046072141,42.377407,-0.0046072141
1339450,0.55048,42.4104,0.376261,42.378201,0.032198887,42.378201,0.032198887
04D3hn,0.5526,42.1938,0.244151,42.388082,-0.19428206,42.388082,-0.19428206
06D2ck,0.5538,42.49,0.207133,42.393659,0.09634084,42.393659,0.09634084
1337117,0.55389,42.0827,0.177409,42.394077,-0.31137698,42.394077,-0.31137698
05D1ee,0.55775,42.4389,0.195189,42.411937,0.02696335,42.411937,0.02696335
04D1hx,0.55875,42.2975,0.356215,42.416544,-0.11904442,42.416544,-0.11904442
05D1kl,0.55875,42.7331,0.3833,42.416544,0.31655558,42.416544,0.31655558
1289555,0.56174,42.2937,0.227829,42.430275,-0.13657521,42.430275,-0.13657521
1303952,0.56263,42.6016,0.265242,42.434349,0.16725107,42.434349,0.16725107
05D1cc,0.56276,42.4296,0.234712,42.434943,-0.0053434531,42.434943,-0.0053434531
1330903,0.5643,42.4881,0.207587,42.441976,0.046123575,42.441976,0.046123575
1338278,0.56431,42.3969,0.296515,42.442022,-0.045122034,42.442022,-0.045122034
1285317,0.56441,42.3928,0.221111,42.442478,-0.049678084,42.442478,-0.049678084
05D1dn,0.56475,42.4873,0.19275,42.444028,0.04327192,42.444028,0.04327192
1317454,0.56883,42.2407,0.262337,42.462559,-0.22185937,42.462559,-0.22185937
1306785,0.57535,42.1912,0.452867,42.491913,-0.30071309,42.491913,-0.30071309
05D2dt,0.57583,42.5915,0.213158,42.494062,0.097438386,42.494062,0.097438386
050203,0.57609,42.4887,0.202103,42.495225,-0.0065246874,42.495225,-0.0065246874
06D3et,0.57661,42.4263,0.166843,42.497549,-0.071249342,42.497549,-0.071249342
1337228,0.57741,42.645,0.290949,42.501122,0.14387815,42.501122,0.14387815
110721,0.57823,42.4512,0.241176,42.504779,-0.053578803,42.504779,-0.053578803
03D4gf,0.57829,42.4174,0.24485,42.505046,-0.087646192,42.505046,-0.087646192
05D1dx,0.57875,42.4272,0.214391,42.507095,-0.079895297,42.507095,-0.079895297
1332059,0.57884,42.5317,0.231686,42.507496,0.024203972,42.507496,0.024203972
05D3jq,0.57959,42.3923,0.23116,42.510833,-0.11853315,42.510833,-0.11853315
05D3gp,0.5806,42.573,0.262496,42.515321,0.057679318,42.515321,0.057679318
03D1aw,0.58073,42.7061,0.239821,42.515898,0.19020225,42.515898,0.19020225
04D1jg,0.58294,42.5408,0.168029,42.525689,0.01511088,42.525689,0.01511088
05D4ej,0.58328,42.7974,0.186201,42.527192,0.27020764,42.527192,0.27020764
04D1sa,0.58375,42.6489,0.184752,42.529269,0.11963101,42.529269,0.11963101
04D1kj,0.58375,42.4765,0.198486,42.529269,-0.052768991,42.529269,-0.052768991
1338387,0.58382,42.4199,0.199369,42.529578,-0.10967814,42.529578,-0.10967814
05D1hm,0.58575,42.707,0.37297,42.538088,0.16891199,42.538088,0.16891199
05D4bf,0.58728,42.6241,0.203038,42.544815,0.07928472,42.544815,0.07928472
04D1oh,0.58873,42.5021,0.220032,42.551175,-0.049075446,42.551175,-0.049075446
03D4gg,0.59028,42.5156,0.248253,42.557958,-0.042357808,42.557958,-0.042357808
04D2mh,0.59184,42.4508,0.255828,42.564767,-0.11396686,42.564767,-0.11396686
05D3lr,0.6006,42.6116,0.278838,42.602688,0.0089117049,42.602688,0.0089117049
1338233,0.60149,42.7562,0.394779,42.606512,0.14968844,42.606512,0.14968844
05D4ef,0.60327,42.7503,0.2001,42.614142,0.13615802,42.614142,0.13615802
1335564,0.6062,42.6158,0.275076,42.626656,-0.010855617,42.626656,-0.010855617
03D4dy,0.60826,42.5904,0.228388,42.635419,-0.045019185,42.635419,-0.045019185
1332413,0.60873,42.6179,0.230751,42.637415,-0.019514681,42.637415,-0.019514681
1302141,0.6088,42.4282,0.350327,42.637712,-0.20951176,42.637712,-0.20951176
05D2he,0.60987,42.6876,0.321483,42.642249,0.045351267,42.642249,0.045351267
04D3do,0.61064,42.6686,0.184238,42.645509,0.023091028,42.645509,0.023091028
04D4an,0.61125,42.9049,0.247686,42.648089,0.25681102,42.648089,0.25681102
1295305,0.61171,42.701,0.16444,42.650033,0.05096706,42.650033,0.05096706
05D1ck,0.61571,42.7085,0.347272,42.666878,0.041621522,42.666878,0.041621522
1308957,0.61869,42.7164,0.388756,42.679361,0.037039235,42.679361,0.037039235
1335868,0.61942,42.6948,0.2753,42.68241,0.012390232,42.68241,0.012390232
000202,0.61988,42.7557,0.154862,42.684329,0.071370701,42.684329,0.071370701
04D3co,0.62063,42.6988,0.268136,42.687456,0.01134394,42.687456,0.01134394
04D2an,0.62188,42.5894,0.275623,42.692659,-0.10325933,42.692659,-0.10325933
03D4dh,0.62523,42.6577,0.215148,42.706555,-0.048855082,42.706555,-0.048855082
04D4fx,0.62723,42.585,0.244041,42.714817,-0.12981724,42.714817,-0.12981724
05D1cb,0.63071,42.6632,0.202856,42.729134,-0.065933666,42.729134,-0.065933666
05D2ci,0.63189,42.3111,0.32695,42.733971,-0.42287098,42.733971,-0.42287098
03D4at,0.63223,42.8493,0.323662,42.735363,0.11393682,42.735363,0.11393682
1330642,0.63392,42.5972,0.147609,42.742273,-0.14507265,42.742273,-0.14507265
04D1pu,0.63771,42.5298,0.442879,42.757704,-0.22790415,42.757704,-0.22790415
1343871,0.63787,42.8637,0.31082,42.758354,0.10534632,42.758354,0.10534632
05D4ag,0.63823,42.6594,0.367516,42.759815,-0.10041456,42.759815,-0.10041456
1337325,0.63866,42.7804,0.261646,42.761558,0.01884153,42.761558,0.01884153
1334879,0.63936,42.79,0.171844,42.764395,0.025605004,42.764395,0.025605004
05D2ec,0.6419,42.8476,0.256941,42.774663,0.072937321,42.774663,0.072937321
1308568,0.64305,42.3609,0.407842,42.779299,-0.41839867,42.779299,-0.41839867
05D3ax,0.64363,42.8034,0.316528,42.781634,0.021766176,42.781634,0.021766176
04D3cy,0.64364,42.7992,0.309841,42.781674,0.017525933,42.781674,0.017525933
05D3lb,0.64763,42.819,0.288435,42.797684,0.021316246,42.797684,0.021316246
1338266,0.64846,43.0397,0.272369,42.801002,0.23869776,42.801002,0.23869776
05D3kt,0.64863,42.7335,0.310678,42.801681,-0.068181429,42.801681,-0.068181429
1334707,0.64964,42.7805,0.149571,42.805713,-0.025213104,42.805713,-0.025213104
04D1sk,0.66207,42.9793,0.279772,42.854846,0.12445442,42.854846,0.12445442
05D3hs,0.66463,42.8698,0.233989,42.864855,0.0049451445,42.864855,0.0049451445
05D3mh,0.67065,43.0677,0.274795,42.888248,0.17945248,42.888248,0.17945248
03D1co,0.67767,43.2251,0.311797,42.915273,0.30982681,42.915273,0.30982681
05D2bt,0.68195,42.8376,0.239367,42.931619,-0.09401894,42.931619,-0.09401894
06D3cc,0.68365,43.1716,0.407734,42.938084,0.23351588,42.938084,0.23351588
04D4ic,0.68517,43.0166,0.366173,42.943852,0.072748303,42.943852,0.072748303
05D1ke,0.68867,42.8137,0.226508,42.957086,-0.14338575,42.957086,-0.14338575
1262214,0.68937,43.0444,0.271991,42.959725,0.084675192,42.959725,0.084675192
1262715,0.68937,42.8535,0.15677,42.959725,-0.10622481,42.959725,-0.10622481
06D3em,0.69065,42.9143,0.425857,42.964544,-0.05024387,42.964544,-0.05024387
03D4cz,0.69316,42.9162,0.318024,42.973969,-0.0577689,42.973969,-0.0577689
04D4ib,0.69716,42.9692,0.212738,42.988921,-0.019721325,42.988921,-0.019721325
06D4ba,0.69816,42.9671,0.342807,42.992647,-0.025546551,42.992647,-0.025546551
05D4cq,0.69916,43.0691,0.215345,42.996367,0.072733348,42.996367,0.072733348
05D4bj,0.69916,42.9402,0.338462,42.996367,-0.056166652,42.996367,-0.056166652
1335718,0.69933,43.1107,0.155898,42.996999,0.11370144,42.996999,0.11370144
05D2ck,0.69997,43.1147,0.29538,42.999376,0.11532381,42.999376,0.11532381
04D1si,0.70064,42.917,0.223194,43.001863,-0.084863027,43.001863,-0.084863027
04D4hu,0.70115,43.0968,0.261582,43.003754,0.093045538,43.003754,0.093045538
04D2iu,0.70197,42.8962,0.462713,43.006793,-0.11059282,43.006793,-0.11059282
05D2le,0.70198,43.0433,0.252753,43.00683,0.036470145,43.00683,0.036470145
05D3gv,0.71565,42.9944,0.245932,43.056984,-0.06258425,43.056984,-0.06258425
05D3jh,0.71867,42.8739,0.18843,43.06794,-0.19404003,43.06794,-0.19404003
1331993,0.71962,43.1638,0.204549,43.071377,0.092422787,43.071377,0.092422787
04D1aj,0.71964,42.97,0.342226,43.07145,-0.10144953,43.07145,-0.10144953
05D4ev,0.72013,43.1612,0.243162,43.073221,0.087979363,43.073221,0.087979363
06D3gh,0.72067,43.0459,0.305174,43.075171,-0.029271129,43.075171,-0.029271129
06D3do,0.72667,43.0811,0.248363,43.096749,-0.015649012,43.096749,-0.015649012
06D3bz,0.72767,43.008,0.257091,43.100329,-0.092328624,43.100329,-0.092328624
1304127,0.72861,43.005,0.283498,43.103689,-0.098689139,43.103689,-0.098689139
06D4bw,0.73012,42.9186,0.321961,43.109079,-0.19047867,43.109079,-0.19047867
1329166,0.73163,43.1799,0.196424,43.114457,0.065442531,43.114457,0.065442531
04D1pp,0.73362,42.9845,0.195902,43.12153,-0.13702975,43.12153,-0.13702975
04D2gp,0.734,43.22,0.388289,43.122878,0.097121863,43.122878,0.097121863
05D2fq,0.73501,43.2537,0.224615,43.126459,0.12724128,43.126459,0.12724128
05D1eo,0.73562,43.1807,0.25711,43.128619,0.05208104,43.128619,0.05208104
05D2ct,0.73602,43.1675,0.425639,43.130035,0.03746543,43.130035,0.03746543
05D3jk,0.73668,42.992,0.21489,43.132369,-0.1403687,43.132369,-0.1403687
04D2ja,0.74202,43.4813,0.32514,43.15118,0.3301199,43.15118,0.3301199
04D3fq,0.74269,43.0825,0.327179,43.153531,-0.071031095,43.153531,-0.071031095
05D3jb,0.74566,43.1675,0.195179,43.163928,0.0035719081,43.163928,0.0035719081
04D2kr,0.74613,42.9817,0.25474,43.16557,-0.18386974,43.16557,-0.18386974
04D4im,0.7491,42.9396,0.262488,43.175921,-0.23632054,43.175921,-0.23632054
1285160,0.74932,43.1772,0.163225,43.176686,0.00051431626,43.176686,0.00051431626
04D3ks,0.75068,42.9012,0.318716,43.181411,-0.28021088,43.181411,-0.28021088
05D2nt,0.75904,43.2469,0.233153,43.210276,0.036623558,43.210276,0.036623558
05D3mn,0.76069,43.0667,0.201161,43.215937,-0.14923726,43.215937,-0.14923726
05D4cn,0.76108,43.1767,0.236628,43.217274,-0.040573535,43.217274,-0.040573535
05D1if,0.76159,43.131,0.239872,43.21902,-0.088019974,43.21902,-0.088019974
04D1qd,0.7656,43.2369,0.225434,43.232712,0.0041875075,43.232712,0.0041875075
04D1de,0.7666,43.4224,0.250162,43.236116,0.18628372,43.236116,0.18628372
05D3hh,0.76668,43.3623,0.27025,43.236388,0.12591161,43.236388,0.12591161
04D4id,0.76707,43.5587,0.25715,43.237715,0.32098543,43.237715,0.32098543
04D1pc,0.7686,43.2929,0.311675,43.242911,0.049989028,43.242911,0.049989028
1329196,0.76933,43.2168,0.162741,43.245387,-0.028586774,43.245387,-0.028586774
05D4bi,0.77308,43.3568,0.295081,43.258069,0.098730804,43.258069,0.098730804
1325358,0.77931,43.0395,0.311092,43.279008,-0.23950781,43.279008,-0.23950781
05D4cs,0.78806,43.3042,0.232049,43.308144,-0.0039437392,43.308144,-0.0039437392
03D4fd,0.78905,43.3837,0.271177,43.31142,0.07227951,43.31142,0.07227951
1309749,0.78929,43.1995,0.165559,43.312214,-0.11271425,43.312214,-0.11271425
04D1ks,0.79656,42.9026,0.372096,43.336148,-0.43354837,43.336148,-0.43354837
03D1fq,0.79858,43.4338,0.288144,43.342761,0.091039055,43.342761,0.091039055
Elvis,0.83973,43.36,0.211845,43.474043,-0.11404303,43.474043,-0.11404303
Spock,0.83973,43.2012,0.390423,43.474043,-0.27284303,43.474043,-0.27284303
Manipogo,0.85474,43.6168,0.299913,43.520376,0.096424164,43.520376,0.096424164
Vilas,0.93577,43.5331,0.239939,43.757527,-0.2244271,43.757527,-0.2244271
Ombo,0.97424,44.1111,0.201519,43.863145,0.24795452,43.863145,0.24795452
SCP05D0,1.01236,44.1177,0.367085,43.963825,0.1538753,43.963825,0.1538753
Eagle,1.0198,44.2757,0.225903,43.983037,0.29266274,43.983037,0.29266274
Ferguson,1.02081,43.9706,0.47547,43.985635,-0.015034732,43.985635,-0.015034732
Strolger,1.02781,44.5364,0.353385,44.003567,0.53283256,44.003567,0.53283256
SCP06U4,1.04819,44.4229,0.488758,44.055097,0.36780284,44.055097,0.36780284
Gabi,1.12085,44.4405,0.22363,44.231055,0.20944459,44.231055,0.20944459
SCP06H5,1.23223,44.3207,0.610496,44.479855,-0.15915456,44.479855,-0.15915456
Lancaster,1.23589,44.905,0.273735,44.487643,0.41735666,44.487643,0.41735666
Aphrodite,1.29912,44.8641,0.275291,44.618668,0.24543248,44.618668,0.24543248
Thoth,1.30412,44.7206,0.316517,44.628754,0.091846404,44.628754,0.091846404
Inanna,1.30612,45.0197,0.445162,44.632777,0.38692286,44.632777,0.38692286
SCP05D6,1.31311,44.7867,0.316349,44.646791,0.13990907,44.646791,0.13990907
washington,1.32911,44.8745,0.238344,44.678588,0.19591226,44.678588,0.19591226
Borg,1.34093,44.7541,0.306395,44.701831,0.052268902,44.701831,0.052268902
SCP06G4,1.35134,44.5492,0.31846,44.722131,-0.17293148,44.722131,-0.17293148
Mcguire,1.3561,44.8094,0.238282,44.731361,0.078038572,44.731361,0.078038572
Sasquatch,1.39096,44.7944,0.374345,44.797978,-0.0035776476,44.797978,-0.0035776476
SCP06K0,1.41631,44.4579,0.735776,44.845371,-0.38747061,44.845371,-0.38747061
carter,1.54295,45.0902,0.371014,45.069962,0.020238211,45.069962,0.020238211
Primo,1.54903,45.293,0.233771,45.080269,0.21273112,45.080269,0.21273112
rutledge,1.61499,45.1595,0.333024,45.189516,-0.030016475,45.189516,-0.030016475
geta,1.69702,45.2863,0.38048,45.319212,-0.032911616,45.319212,-0.032911616
stone,1.80111,45.4865,0.281981,45.474871,0.011628933,45.474871,0.011628933
wilson,1.9116,45.4233,0.358642,45.630341,-0.20704108,45.630341,-0.20704108
colfax,2.2613,46.1828,0.281309,46.06772,0.11507989,46.06772,0.11507989
