Name,zcmb,mu_obs,e_mu_obs,mu_model_lcdm,residual_lcdm,mu_model_LambdaCDM,residual_LambdaCDM
2011fe,0.00122,28.9987,1.51645,28.48445,0.51425028,28.48445,0.51425028
2011fe,0.00122,29.0559,1.51747,28.48445,0.57145028,28.48445,0.57145028
2012cg,0.00256,30.7233,0.782372,30.096132,0.62716844,30.096132,0.62716844
2012cg,0.00256,30.7449,0.799068,30.096132,0.64876844,30.096132,0.64876844
2013dy,0.00293,31.5611,0.530838,30.389899,1.1712011,30.389899,1.1712011
2013dy,0.00293,31.499,0.514259,30.389899,1.1091011,30.389899,1.1091011
1994DRichmond,0.00299,30.7757,0.881212,30.434019,0.34168125,30.434019,0.34168125
1981B,0.0035,30.7946,0.614535,30.77687,0.017730481,30.77687,0.017730481
2001el,0.00357,31.5011,0.591006,30.819989,0.68111074,30.819989,0.68111074
2021pit,0.00366,30.9999,0.566505,30.874206,0.12569357,30.874206,0.12569357
2011by,0.00369,31.7933,0.55272,30.891984,0.90131623,30.891984,0.90131623
1998aq,0.00369,31.4967,0.545492,30.891984,0.60471623,30.891984,0.60471623
2005df_ANU,0.00435,31.3779,0.479276,31.250418,0.1274817,31.250418,0.1274817
2005df,0.00435,31.3933,0.476404,31.250418,0.1428817,31.250418,0.1428817
2011B,0.00458,31.6512,0.514401,31.362689,0.28851051,31.362689,0.28851051
1980N,0.0046,31.2476,0.558603,31.372185,-0.12458517,31.372185,-0.12458517
2012fr,0.0046,31.2234,0.410577,31.372185,-0.14878517,31.372185,-0.14878517
1992A,0.0046,31.34,0.562589,31.372185,-0.032185167,31.372185,-0.032185167
2007on,0.0046,31.7635,0.574442,31.372185,0.39131483,31.372185,0.39131483
2007on,0.0046,31.6525,0.564724,31.372185,0.28031483,31.372185,0.28031483
2012fr,0.0046,31.1331,0.446882,31.372185,-0.23908517,31.372185,-0.23908517
1990N,0.00462,31.6969,0.550993,31.38164,0.3152602,31.38164,0.3152602
2012ht,0.00465,32.033,0.420403,31.395746,0.63725445,31.395746,0.63725445
2012ht,0.00465,31.9309,0.442017,31.395746,0.53515445,31.395746,0.53515445
2017cbv,0.00478,30.4013,0.578445,31.455841,-1.0545407,31.455841,-1.0545407
2017cbv,0.00478,30.5107,0.578546,31.455841,-0.94514067,31.455841,-0.94514067
2013aa,0.00478,30.5528,0.580251,31.455841,-0.90304067,31.455841,-0.90304067
2013aa,0.00478,30.4604,0.594683,31.455841,-0.99544067,31.455841,-0.99544067
2016coj,0.00489,31.9117,0.469628,31.505432,0.40626806,31.505432,0.40626806
SN2016coj,0.00489,31.8985,0.483668,31.505432,0.39306806,31.505432,0.39306806
2007gi,0.00505,31.7403,0.491367,31.575616,0.16468431,31.575616,0.16468431
2015F,0.00515,31.539,0.407028,31.618364,-0.079364389,31.618364,-0.079364389
2015F,0.00515,31.4473,0.448264,31.618364,-0.17106439,31.618364,-0.17106439
1994ae,0.0054,32.1822,0.339643,31.721721,0.46047946,31.721721,0.46047946
2014bv,0.00548,32.4001,0.482567,31.75379,0.64630998,31.75379,0.64630998
2019np,0.0055,32.4608,0.318474,31.761735,0.69906546,31.761735,0.69906546
2019np,0.0055,32.4338,0.32229,31.761735,0.67206546,31.761735,0.67206546
2006dd,0.00551,31.1857,0.452235,31.765696,-0.57999602,31.765696,-0.57999602
1981D,0.00551,30.9079,0.524992,31.765696,-0.85779602,31.765696,-0.85779602
2007le,0.00552,32.0203,0.538159,31.76965,0.25064965,31.76965,0.25064965
2007le,0.00552,32.0754,0.533991,31.76965,0.30574965,31.76965,0.30574965
2007le,0.00552,32.0843,0.537335,31.76965,0.31464965,31.76965,0.31464965
1998dm,0.00567,32.8333,0.562902,31.828124,1.0051758,31.828124,1.0051758
1995al,0.00592,32.3593,0.359446,31.922241,0.43705935,31.922241,0.43705935
2011iv,0.00594,31.2217,0.420706,31.929598,-0.70789819,31.929598,-0.70789819
2018gv,0.00596,31.9404,0.344335,31.936931,0.0034688896,31.936931,0.0034688896
2018gv,0.00596,31.9102,0.350249,31.936931,-0.02673111,31.936931,-0.02673111
2018gv,0.00596,32.0666,0.343707,31.936931,0.12966889,31.936931,0.12966889
2015bp,0.00603,32.4685,0.487055,31.962405,0.50609517,31.962405,0.50609517
1992G,0.00611,32.4405,0.439634,31.99116,0.44934032,31.99116,0.44934032
2007af,0.00635,32.0999,0.322811,32.075228,0.024671754,32.075228,0.024671754
2007af,0.00635,32.0667,0.32593,32.075228,-0.008528246,32.075228,-0.008528246
2007af,0.00635,32.0023,0.36156,32.075228,-0.072928246,32.075228,-0.072928246
2007af,0.00635,32.0337,0.339166,32.075228,-0.041528246,32.075228,-0.041528246
2007sr,0.0066,31.6799,0.375913,32.159502,-0.47960205,32.159502,-0.47960205
2007sr,0.0066,31.6292,0.385756,32.159502,-0.53030205,32.159502,-0.53030205
2003du,0.00664,32.7685,0.292411,32.17269,0.5958096,32.17269,0.5958096
2003du,0.00664,32.7943,0.289134,32.17269,0.6216096,32.17269,0.6216096
2003du,0.00664,32.7423,0.294759,32.17269,0.5696096,32.17269,0.5696096
2002fk,0.00668,32.4423,0.300309,32.1858,0.25650006,32.1858,0.25650006
2002fk,0.00668,32.4642,0.300269,32.1858,0.27840006,32.1858,0.27840006
2018aoz,0.00701,31.7282,0.501431,32.291065,-0.56286545,32.291065,-0.56286545
2005cf,0.00703,32.3327,0.348317,32.297286,0.035414217,32.297286,0.035414217
2005cf,0.00703,32.3221,0.322655,32.297286,0.024814217,32.297286,0.024814217
2005cf,0.00703,32.3193,0.325586,32.297286,0.022014217,32.297286,0.022014217
2008Q,0.00722,32.3312,0.373843,32.355516,-0.024316138,32.355516,-0.024316138
2008Q,0.00722,32.2998,0.396652,32.355516,-0.055716138,32.355516,-0.055716138
2017erp,0.00727,32.1729,0.371125,32.370587,-0.19768666,32.370587,-0.19768666
2017erp,0.00727,32.2048,0.34795,32.370587,-0.16578666,32.370587,-0.16578666
2017erp,0.00727,32.1951,0.34053,32.370587,-0.17548666,32.370587,-0.17548666
1991M,0.00758,33.2138,0.462834,32.461784,0.75201587,32.461784,0.75201587
2003kf,0.00769,32.6418,0.362719,32.493255,0.1485445,32.493255,0.1485445
1998dh,0.00769,32.6151,0.317457,32.493255,0.1218445,32.493255,0.1218445
1998dh,0.00769,32.7164,0.317031,32.493255,0.2231445,32.493255,0.2231445
ASASSN-15so,0.00773,32.7527,0.26758,32.504589,0.24811121,32.504589,0.24811121
2013gh,0.00775,32.6922,0.484865,32.510234,0.18196641,32.510234,0.18196641
2013gh,0.00775,32.521,0.465611,32.510234,0.01076641,32.510234,0.01076641
1995D,0.0078,32.484,0.342662,32.524282,-0.040282483,32.524282,-0.040282483
2012hr,0.00788,32.7092,0.367554,32.546576,0.16262443,32.546576,0.16262443
2001bg,0.00796,32.6928,0.359218,32.568645,0.12415518,32.568645,0.12415518
2009ig,0.00801,32.6707,0.286975,32.582326,0.088373573,32.582326,0.088373573
1997br,0.00801,31.7321,0.531169,32.582326,-0.85022643,32.582326,-0.85022643
2009ig,0.00801,32.7434,0.280148,32.582326,0.16107357,32.582326,0.16107357
2009ig,0.00801,32.3711,0.371926,32.582326,-0.21122643,32.582326,-0.21122643
1996X,0.00812,31.9733,0.415464,32.61213,-0.63882958,32.61213,-0.63882958
PSNJ0717457,0.00812,32.7223,0.383433,32.61213,0.11017042,32.61213,0.11017042
2019ein,0.00837,32.8616,0.327035,32.678398,0.18320161,32.678398,0.18320161
2005am,0.00841,32.335,0.337879,32.688819,-0.35381853,32.688819,-0.35381853
2005am,0.00841,32.3945,0.331296,32.688819,-0.29431853,32.688819,-0.29431853
2005am,0.00841,32.3744,0.338325,32.688819,-0.31441853,32.688819,-0.31441853
2002er,0.00853,32.799,0.368859,32.719786,0.079213957,32.719786,0.079213957
2002er,0.00853,32.7498,0.409525,32.719786,0.030013957,32.719786,0.030013957
2005W,0.00861,32.852,0.318032,32.740192,0.11180849,32.740192,0.11180849
1996Z,0.00867,32.4455,0.490787,32.755372,-0.30987239,32.755372,-0.30987239
PTF10icb,0.009,33.4753,0.372879,32.837046,0.63825443,32.837046,0.63825443
2009an,0.00921,33.2253,0.299086,32.887485,0.33781506,32.887485,0.33781506
2009an,0.00921,33.3378,0.306294,32.887485,0.45031506,32.887485,0.45031506
1997bp,0.00931,32.4198,0.425219,32.911104,-0.49130361,32.911104,-0.49130361
1998es,0.00957,32.9165,0.372831,32.971353,-0.054852669,32.971353,-0.054852669
1998es,0.00957,32.8029,0.35789,32.971353,-0.16845267,32.971353,-0.16845267
2021hpr,0.00958,33.0869,0.343916,32.973637,0.11326264,32.973637,0.11326264
2006D,0.00966,32.8914,0.286425,32.99183,-0.10043011,32.99183,-0.10043011
2006D,0.00966,32.9159,0.285505,32.99183,-0.075930111,32.99183,-0.075930111
2006D,0.00966,32.8973,0.282867,32.99183,-0.094530111,32.99183,-0.094530111
1999ac,0.00979,32.9674,0.341878,33.021077,-0.053676735,33.021077,-0.053676735
1999ac,0.00979,32.9182,0.365223,33.021077,-0.10287673,33.021077,-0.10287673
2004S,0.0098,33.1236,0.317227,33.02331,0.10028952,33.02331,0.10028952
1997bq,0.00993,33.0683,0.324016,33.052145,0.016154901,33.052145,0.016154901
2008fv_comb,0.00993,33.1809,0.377969,33.052145,0.1287549,33.052145,0.1287549
2002cr,0.00998,33.2469,0.254885,33.063136,0.18376431,33.063136,0.18376431
1999cp,0.00998,33.0399,0.268981,33.063136,-0.023235688,33.063136,-0.023235688
1999cp,0.00998,33.2135,0.253629,33.063136,0.15036431,33.063136,0.15036431
2002cr,0.00998,33.2309,0.251906,33.063136,0.16776431,33.063136,0.16776431
2013cs,0.01029,32.3353,0.401367,33.130081,-0.79478129,33.130081,-0.79478129
ASASSN-16jf,0.0104,33.5709,0.314858,33.153356,0.41754392,33.153356,0.41754392
2006bh,0.01042,33.2788,0.247952,33.157562,0.12123839,33.157562,0.12123839
2013E,0.01042,32.7794,0.348547,33.157562,-0.37816161,33.157562,-0.37816161
1997do,0.01048,33.1081,0.364668,33.17013,-0.062030303,33.17013,-0.062030303
2002dp,0.01049,33.2931,0.27457,33.172218,0.12088186,33.172218,0.12088186
2002dp,0.01049,33.3806,0.309009,33.172218,0.20838186,33.172218,0.20838186
2009Y,0.0105,32.7458,0.360296,33.174304,-0.42850401,33.174304,-0.42850401
2009Y,0.0105,32.9015,0.334006,33.174304,-0.27280401,33.174304,-0.27280401
2009Y,0.0105,32.6457,0.409088,33.174304,-0.52860401,33.174304,-0.52860401
2002dj,0.01051,32.901,0.309548,33.176388,-0.27538791,33.176388,-0.27538791
2002dj,0.01051,32.8654,0.334488,33.176388,-0.31098791,33.176388,-0.31098791
2010ko,0.01096,33.8347,0.353909,33.268183,0.56651664,33.268183,0.56651664
2013ex,0.01096,33.4947,0.325172,33.268183,0.22651664,33.268183,0.22651664
2013ex,0.01096,33.4336,0.283424,33.268183,0.16541664,33.268183,0.16541664
2010Y,0.01142,33.7403,0.254135,33.358234,0.38206634,33.358234,0.38206634
2011ao,0.01168,33.4974,0.301502,33.407554,0.089846206,33.407554,0.089846206
2009ab,0.01189,33.5833,0.281169,33.446601,0.13669876,33.446601,0.13669876
2002ha,0.0122,33.708,0.24076,33.503011,0.20498889,33.503011,0.20498889
2002ha,0.0122,33.7246,0.250097,33.503011,0.22158889,33.503011,0.22158889
AT2017cfd,0.01222,33.5752,0.292564,33.506602,0.068598475,33.506602,0.068598475
2017cfd,0.01222,33.5673,0.284786,33.506602,0.060698475,33.506602,0.060698475
iPTF13ebh,0.01238,33.7337,0.342487,33.535117,0.198583,33.535117,0.198583
iPTF13ebh,0.01238,33.6369,0.29522,33.535117,0.101783,33.535117,0.101783
2009kk,0.01244,33.7023,0.266666,33.545716,0.15658373,33.545716,0.15658373
2009kq,0.01247,33.5178,0.26619,33.550997,-0.033196928,33.550997,-0.033196928
2009kq,0.01247,33.5874,0.26006,33.550997,0.036403072,33.550997,0.036403072
2008R,0.0126,33.8286,0.265115,33.573735,0.25486471,33.573735,0.25486471
2001cz,0.01275,33.8783,0.346381,33.599685,0.27861513,33.599685,0.27861513
2007hj,0.01288,33.9846,0.299399,33.621931,0.36266892,33.621931,0.36266892
2007hj,0.01288,33.9682,0.303693,33.621931,0.34626892,33.621931,0.34626892
2007hj,0.01288,33.9247,0.304606,33.621931,0.30276892,33.621931,0.30276892
2001ep,0.01306,33.6365,0.287379,33.652369,-0.015869171,33.652369,-0.015869171
2001ep,0.01306,33.5028,0.331124,33.652369,-0.14956917,33.652369,-0.14956917
2013gy,0.01309,33.7355,0.239783,33.657402,0.078098234,33.657402,0.078098234
2013gy,0.01309,33.7607,0.28722,33.657402,0.10329823,33.657402,0.10329823
1997E,0.01314,33.7649,0.288791,33.665764,0.099135902,33.665764,0.099135902
1999dq,0.01334,33.52,0.273536,33.698901,-0.17890132,33.698901,-0.17890132
1999dq,0.01334,33.4717,0.261601,33.698901,-0.22720132,33.698901,-0.22720132
2008hv,0.0136,33.797,0.277855,33.741252,0.055748069,33.741252,0.055748069
2008hv,0.0136,33.772,0.235755,33.741252,0.030748069,33.741252,0.030748069
2008hv,0.0136,33.7683,0.232778,33.741252,0.027048069,33.741252,0.027048069
2007cv,0.01361,33.6741,0.345367,33.742865,-0.068764751,33.742865,-0.068764751
2005kc,0.01386,34.0249,0.352338,33.782809,0.2420914,33.782809,0.2420914
2005kc,0.01386,34.0187,0.307194,33.782809,0.2358914,33.782809,0.2358914
1999dk,0.014,33.8053,0.288803,33.804867,0.00043318327,33.804867,0.00043318327
1999dk,0.014,33.6651,0.296207,33.804867,-0.13976682,33.804867,-0.13976682
2011df,0.01402,33.8524,0.277558,33.808,0.044399841,33.808,0.044399841
ASASSN-16dn,0.01406,33.8206,0.250873,33.814254,0.0063464044,33.814254,0.0063464044
2001bt,0.01407,33.7492,0.416658,33.815814,-0.066614204,33.815814,-0.066614204
2006N,0.01416,33.9078,0.240515,33.82981,0.077989504,33.82981,0.077989504
2004eo,0.0142,33.8826,0.249316,33.836003,0.046597161,33.836003,0.046597161
2003gt,0.01422,33.9253,0.243928,33.839093,0.086207458,33.839093,0.086207458
ASASSN-16la,0.01424,33.8444,0.265489,33.842178,0.002222052,33.842178,0.002222052
2013fa,0.01429,33.7894,0.397352,33.849873,-0.060472745,33.849873,-0.060472745
1992al,0.01434,33.6968,0.233531,33.857541,-0.16074095,33.857541,-0.16074095
2001fe,0.01448,33.8916,0.240694,33.878872,0.012727966,33.878872,0.012727966
PSNJ2043531,0.01449,34.1902,0.372674,33.880388,0.30981213,33.880388,0.30981213
2013gq,0.01457,33.7526,0.2163,33.892477,-0.13987741,33.892477,-0.13987741
2000dm,0.01472,34.0109,0.270222,33.914969,0.095930641,33.914969,0.095930641
2005el,0.01483,33.974,0.229564,33.93132,0.042680153,33.93132,0.042680153
2005el,0.01483,33.9261,0.231708,33.93132,-0.0052198475,33.93132,-0.0052198475
2011im,0.01493,34.2732,0.34036,33.94608,0.32711982,33.94608,0.32711982
2005de,0.01495,34.1793,0.26677,33.949021,0.23027949,33.949021,0.23027949
2005bo,0.01503,33.7553,0.390506,33.960743,-0.20544307,33.960743,-0.20544307
2005bo,0.01503,33.7189,0.39282,33.960743,-0.24184307,33.960743,-0.24184307
2006td,0.01504,34.1727,0.365029,33.962204,0.21049595,33.962204,0.21049595
2008ec,0.01506,34.1302,0.33431,33.965123,0.16507687,33.965123,0.16507687
2008ec,0.01506,34.1732,0.264363,33.965123,0.20807687,33.965123,0.20807687
2007ca,0.01509,34.3366,0.370715,33.969495,0.36710543,33.969495,0.36710543
2007ca,0.01509,34.1781,0.396908,33.969495,0.20860543,33.969495,0.20860543
2001cn,0.01509,33.8877,0.294985,33.969495,-0.081794572,33.969495,-0.081794572
2007ca,0.01509,34.252,0.397235,33.969495,0.28250543,33.969495,0.28250543
ATLAS16cxr,0.01518,34.3426,0.372888,33.982558,0.36004248,33.982558,0.36004248
ASASSN-16ad,0.01522,34.0334,0.344305,33.988339,0.045061286,33.988339,0.045061286
2009nq,0.01527,34.1657,0.28688,33.995544,0.17015588,33.995544,0.17015588
SN2017jl,0.01529,33.7706,0.30219,33.99842,-0.22781975,33.99842,-0.22781975
1999ej,0.01534,34.2581,0.272528,34.005593,0.25250741,34.005593,0.25250741
1999ej,0.01534,34.2112,0.258071,34.005593,0.20560741,34.005593,0.20560741
2001en,0.01534,33.9994,0.28632,34.005593,-0.0061925945,34.005593,-0.0061925945
2001en,0.01534,33.8852,0.313932,34.005593,-0.12039259,34.005593,-0.12039259
2002cs,0.01538,34.0329,0.272511,34.011314,0.021585753,34.011314,0.021585753
2008eo,0.01539,34.3317,0.278713,34.012742,0.31895764,34.012742,0.31895764
2001bf,0.01556,33.9004,0.218994,34.036881,-0.13648097,34.036881,-0.13648097
2001bf,0.01556,33.9926,0.239289,34.036881,-0.044280967,34.036881,-0.044280967
iPTF16auf,0.01566,34.0744,0.314862,34.050959,0.023441334,34.050959,0.023441334
2013fw,0.0157,34.1608,0.218117,34.056565,0.10423512,34.056565,0.10423512
2008bc,0.01572,34.0331,0.226465,34.059363,-0.026262699,34.059363,-0.026262699
1999aa,0.01579,34.1323,0.209471,34.069127,0.063172573,34.069127,0.063172573
ASASSN-15oh,0.01579,34.3916,0.270341,34.069127,0.32247257,34.069127,0.32247257
1999aa,0.01579,34.1663,0.242893,34.069127,0.097172573,34.069127,0.097172573
iPTF13dge,0.01581,34.2793,0.261916,34.071909,0.20739051,34.071909,0.20739051
2001V,0.01592,33.7902,0.290577,34.087149,-0.29694895,34.087149,-0.29694895
2001V,0.01592,33.8072,0.290395,34.087149,-0.27994895,34.087149,-0.27994895
2010kg,0.01595,33.9999,0.334729,34.091287,-0.091387112,34.091287,-0.091387112
PSNJ0107203,0.01601,33.9673,0.284408,34.09954,-0.1322404,34.09954,-0.1322404
1998ef,0.0161,33.841,0.289311,34.111863,-0.27086322,34.111863,-0.27086322
1998ef,0.0161,33.8975,0.264562,34.111863,-0.21436322,34.111863,-0.21436322
2013Q,0.01612,33.9726,0.41528,34.114592,-0.14199237,34.114592,-0.14199237
1994S,0.01619,34.0287,0.224824,34.124118,-0.095418149,34.124118,-0.095418149
2007ss,0.01619,34.4137,0.34637,34.124118,0.28958185,34.124118,0.28958185
2013hn,0.01629,34.0697,0.290382,34.137656,-0.067956048,34.137656,-0.067956048
2005al,0.01629,33.9986,0.219937,34.137656,-0.13905605,34.137656,-0.13905605
SN2016gfr,0.0163,33.8985,0.245383,34.139005,-0.24050532,34.139005,-0.24050532
ASASSN-16ip,0.01632,34.1679,0.246475,34.141701,0.02619859,34.141701,0.02619859
2007fs,0.01633,34.3408,0.198023,34.143048,0.19775177,34.143048,0.19775177
iPTF14bdn,0.01636,34.1062,0.281582,34.147084,-0.040883814,34.147084,-0.040883814
2007A,0.01646,34.5341,0.341619,34.160483,0.37361685,34.160483,0.37361685
2007A,0.01646,34.4649,0.358327,34.160483,0.30441685,34.160483,0.30441685
2004fz,0.01646,33.7799,0.330633,34.160483,-0.38058315,34.160483,-0.38058315
2000dk,0.01649,34.1517,0.257136,34.164487,-0.012787275,34.164487,-0.012787275
2000dk,0.01649,34.1436,0.28269,34.164487,-0.020887275,34.164487,-0.020887275
2001da,0.01658,34.2003,0.325329,34.176457,0.023843387,34.176457,0.023843387
2001da,0.01658,34.022,0.308995,34.176457,-0.15445661,34.176457,-0.15445661
1997Y,0.01661,34.1973,0.214463,34.180432,0.016867865,34.180432,0.016867865
ASASSN-15ti,0.01671,34.4894,0.310314,34.193633,0.29576716,34.193633,0.29576716
1996bv,0.01673,34.0755,0.297815,34.196264,-0.12076362,34.196264,-0.12076362
ASASSN-15od,0.01678,34.3409,0.228387,34.202827,0.138073,34.202827,0.138073
2007fb,0.0168,34.4009,0.221698,34.205447,0.19545306,34.205447,0.19545306
2007fb,0.0168,34.5101,0.231239,34.205447,0.30465306,34.205447,0.30465306
2006ef,0.01694,34.361,0.220285,34.223701,0.13729924,34.223701,0.13729924
ASASSN-15kx,0.01697,34.6084,0.219814,34.227593,0.3808071,34.227593,0.3808071
2008C,0.01709,34.2669,0.262425,34.243094,0.023806157,34.243094,0.023806157
2008C,0.01709,34.31,0.263557,34.243094,0.066906157,34.243094,0.066906157
1998V,0.01718,34.1465,0.231417,34.254649,-0.10814918,34.254649,-0.10814918
2008L,0.01734,34.3364,0.210115,34.275045,0.06135479,34.275045,0.06135479
2008L,0.01734,34.2464,0.213428,34.275045,-0.02864521,34.275045,-0.02864521
2009le,0.01739,34.2939,0.246602,34.281381,0.01251912,34.281381,0.01251912
2009le,0.01739,34.2418,0.22287,34.281381,-0.03958088,34.281381,-0.03958088
2013gs,0.01748,34.2221,0.320412,34.29274,-0.070639901,34.29274,-0.070639901
2000dr,0.01765,34.2975,0.318912,34.314039,-0.016539191,34.314039,-0.016539191
2006ax,0.01774,34.3133,0.19782,34.325233,-0.011933453,34.325233,-0.011933453
2006ax,0.01774,34.3228,0.200241,34.325233,-0.0024334534,34.325233,-0.0024334534
2007as,0.01791,34.2661,0.234211,34.346226,-0.080126082,34.346226,-0.080126082
ASASSN-17co,0.01791,34.2005,0.280568,34.346226,-0.14572608,34.346226,-0.14572608
PS15coh,0.01796,34.4393,0.226901,34.352363,0.086937029,34.352363,0.086937029
1992bo,0.01805,34.6078,0.20147,34.363367,0.24443299,34.363367,0.24443299
2011fs,0.01822,34.5466,0.215514,34.384005,0.16259451,34.384005,0.16259451
2011fs,0.01822,34.4866,0.321023,34.384005,0.10259451,34.384005,0.10259451
2008hs,0.01835,34.7394,0.433516,34.39966,0.33973994,34.39966,0.33973994
2008hs,0.01835,34.757,0.466611,34.39966,0.35733994,34.39966,0.35733994
ASASSN-16cs,0.01839,34.4286,0.281407,34.404455,0.024145149,34.404455,0.024145149
ATLAS16cpu,0.01851,34.5716,0.239989,34.418778,0.15282227,34.418778,0.15282227
2016ffh,0.01851,34.6171,0.238984,34.418778,0.19832227,34.418778,0.19832227
2016W,0.01855,34.3648,0.295725,34.423532,-0.058731669,34.423532,-0.058731669
2002jy,0.0187,34.9988,0.187715,34.441269,0.55753065,34.441269,0.55753065
2000cu,0.01902,34.6066,0.277471,34.478645,0.12795463,34.478645,0.12795463
2010ai,0.01918,34.9792,0.21848,34.497101,0.48209853,34.497101,0.48209853
2009gf,0.01925,34.492,0.255362,34.505128,-0.013128333,34.505128,-0.013128333
2009gf,0.01925,34.576,0.296243,34.505128,0.070871667,34.505128,0.070871667
2006ej,0.01926,34.5995,0.188309,34.506273,0.093227323,34.506273,0.093227323
2006ej,0.01926,34.6482,0.187832,34.506273,0.14192732,34.506273,0.14192732
2006ej,0.01926,34.5012,0.295566,34.506273,-0.0050726768,34.506273,-0.0050726768
2006ej,0.01926,34.576,0.189903,34.506273,0.069727323,34.506273,0.069727323
2002kf,0.01948,34.6854,0.204275,34.531301,0.15409885,34.531301,0.15409885
2006kf,0.01955,34.8085,0.195531,34.539206,0.26929365,34.539206,0.26929365
2006kf,0.01955,34.7747,0.195403,34.539206,0.23549365,34.539206,0.23549365
1992bc,0.01976,34.5121,0.199486,34.562756,-0.050655634,34.562756,-0.050655634
SN2016ajf,0.01978,34.7627,0.339971,34.564986,0.19771446,34.564986,0.19771446
2001dl,0.01983,35.1263,0.375783,34.570551,0.55574939,34.570551,0.55574939
2007au,0.01992,34.6865,0.406241,34.580533,0.10596703,34.580533,0.10596703
AT2016eoa,0.01993,34.6693,0.230687,34.581639,0.087660622,34.581639,0.087660622
ASASSN-16lc,0.02001,34.6956,0.216494,34.590471,0.10512901,34.590471,0.10512901
ASASSN-17bs,0.02014,34.5647,0.249505,34.604748,-0.040048412,34.604748,-0.040048412
2018fop,0.02017,34.5899,0.199177,34.60803,-0.018130306,34.60803,-0.018130306
ATLAS16dqf,0.02019,34.5749,0.375822,34.610216,-0.035315564,34.610216,-0.035315564
2016hpw,0.02019,34.8165,0.241825,34.610216,0.20628444,34.610216,0.20628444
2009ds,0.02033,34.5072,0.233893,34.625453,-0.11825292,34.625453,-0.11825292
2009ds,0.02033,34.702,0.19246,34.625453,0.076547081,34.625453,0.076547081
PSNJ1602512,0.02039,34.556,0.333904,34.631952,-0.075951592,34.631952,-0.075951592
2001br,0.02046,34.8118,0.300223,34.63951,0.17229039,34.63951,0.17229039
2007st,0.02061,34.4168,0.217156,34.65562,-0.23881996,34.65562,-0.23881996
2005ki,0.02066,34.5709,0.187708,34.660964,-0.090064414,34.660964,-0.090064414
2005ki,0.02066,34.4931,0.19075,34.660964,-0.16786441,34.660964,-0.16786441
2005ki,0.02066,34.5656,0.177716,34.660964,-0.095364414,34.660964,-0.095364414
2010A,0.02079,34.4863,0.330445,34.674801,-0.18850061,34.674801,-0.18850061
2003W,0.02087,34.6349,0.254511,34.683273,-0.048372903,34.683273,-0.048372903
2003W,0.02087,34.674,0.230899,34.683273,-0.0092729032,34.683273,-0.0092729032
ASASSN-16lg,0.02093,34.375,0.203089,34.689606,-0.31460616,34.689606,-0.31460616
ASASSN-15uv,0.02104,34.6114,0.393324,34.701171,-0.089770834,34.701171,-0.089770834
ASASSN-15lg,0.02121,34.6552,0.214591,34.718927,-0.063726929,34.718927,-0.063726929
2006et,0.0214,34.7742,0.253646,34.738607,0.035593089,34.738607,0.035593089
2006et,0.0214,34.7583,0.283448,34.738607,0.019693089,34.738607,0.019693089
2008Z,0.02146,35.118,0.310686,34.744786,0.37321408,34.744786,0.37321408
2008Z,0.02146,35.2056,0.304103,34.744786,0.46081408,34.744786,0.46081408
ASASSN-18da,0.02157,34.7709,0.195863,34.75607,0.014829947,34.75607,0.014829947
2006dm,0.02161,34.8059,0.18018,34.760159,0.045740664,34.760159,0.045740664
2006dm,0.02161,34.8234,0.25811,34.760159,0.063240664,34.760159,0.063240664
2009dc,0.02179,34.3468,0.19901,34.778469,-0.43166939,34.778469,-0.43166939
2000fa,0.02181,34.759,0.288719,34.780495,-0.021494644,34.780495,-0.021494644
2000fa,0.02181,34.7997,0.25527,34.780495,0.019205356,34.780495,0.019205356
2007bc,0.02187,34.7344,0.177177,34.786559,-0.052159457,34.786559,-0.052159457
2007bc,0.02187,34.7419,0.187753,34.786559,-0.044659457,34.786559,-0.044659457
2007bc,0.02187,34.7561,0.180584,34.786559,-0.030459457,34.786559,-0.030459457
1995ak,0.02193,34.6739,0.247785,34.792608,-0.11870792,34.792608,-0.11870792
ASASSN-18iu,0.02202,34.8847,0.186029,34.80165,0.083049859,34.80165,0.083049859
2004bw,0.02207,34.8194,0.196425,34.806658,0.012742103,34.806658,0.012742103
2009na,0.02209,34.7477,0.199095,34.808658,-0.060957874,34.808658,-0.060957874
2004bg,0.02214,34.8704,0.204479,34.81365,0.056749967,34.81365,0.056749967
2004bg,0.02214,34.7727,0.199004,34.81365,-0.040950033,34.81365,-0.040950033
2002cu,0.02217,34.7814,0.224663,34.81664,-0.035240006,34.81664,-0.035240006
ASASSN-15tz,0.0222,34.9543,0.274039,34.819626,0.134674,34.819626,0.134674
PS15cku,0.02222,35.0537,0.229702,34.821614,0.23208554,34.821614,0.23208554
2002ef,0.02224,34.6849,0.358325,34.823601,-0.13870116,34.823601,-0.13870116
2006bq,0.02226,34.8693,0.2033,34.825586,0.043713902,34.825586,0.043713902
ATLAS16dpb,0.02238,35.0481,0.288632,34.837459,0.21064098,34.837459,0.21064098
2001cp,0.02245,34.9654,0.216973,34.844356,0.12104399,34.844356,0.12104399
ASASSN-17aj,0.02253,34.7306,0.243141,34.852212,-0.12161241,34.852212,-0.12161241
ASASSN-16bn,0.02253,35.0392,0.214526,34.852212,0.18698759,34.852212,0.18698759
2008ia,0.02257,34.9245,0.169837,34.85613,0.068369667,34.85613,0.068369667
2000cn,0.0226,34.9712,0.237284,34.859064,0.11213571,34.859064,0.11213571
2000cn,0.0226,34.9992,0.267367,34.859064,0.14013571,34.859064,0.14013571
ASASSN-14fa,0.02262,34.883,0.27497,34.861018,0.021981861,34.861018,0.021981861
1999dg,0.02263,34.8589,0.246447,34.861994,-0.0030944243,34.861994,-0.0030944243
2007qe,0.0228,35.0406,0.206572,34.878527,0.16207333,34.878527,0.16207333
2007qe,0.0228,34.9509,0.259128,34.878527,0.072373327,34.878527,0.072373327
2004at,0.02287,34.9168,0.178524,34.885299,0.031501142,34.885299,0.031501142
SNF20080514-002,0.02292,35.0136,0.216159,34.890124,0.12347634,34.890124,0.12347634
2007ci,0.02295,34.6478,0.266962,34.893014,-0.24521358,34.893014,-0.24521358
2007ci,0.02295,34.4301,0.279423,34.893014,-0.46291358,34.893014,-0.46291358
ASASSN-16em,0.02296,34.994,0.277383,34.893976,0.10002394,34.893976,0.10002394
2006sr,0.02307,34.9949,0.180801,34.904536,0.09036378,34.904536,0.09036378
ASASSN-15nr,0.02309,34.8331,0.263771,34.906451,-0.073350928,34.906451,-0.073350928
2009cz,0.02315,34.8582,0.260273,34.912185,-0.053985283,34.912185,-0.053985283
2009cz,0.02315,34.8582,0.170636,34.912185,-0.053985283,34.912185,-0.053985283
2014ai,0.02317,35.0225,0.271221,34.914093,0.10840651,34.914093,0.10840651
2009jb,0.02324,34.7666,0.340338,34.920759,-0.15415947,34.920759,-0.15415947
2009al,0.02328,34.9851,0.282579,34.92456,0.060540252,34.92456,0.060540252
2009al,0.02328,35.0081,0.221692,34.92456,0.083540252,34.92456,0.083540252
2009al,0.02328,34.9783,0.225403,34.92456,0.053740252,34.92456,0.053740252
ATLAS17bas,0.02331,34.5715,0.261746,34.927406,-0.35590574,34.927406,-0.35590574
2006cp,0.02334,34.8603,0.24312,34.930248,-0.069948142,34.930248,-0.069948142
2006cp,0.02334,34.7714,0.302654,34.930248,-0.15884814,34.930248,-0.15884814
ASASSN-15sf,0.02349,35.2317,0.235205,34.944406,0.28729353,34.944406,0.28729353
2017hoq,0.0235,34.985,0.19074,34.945347,0.039652807,34.945347,0.039652807
1998eg,0.02358,35.1018,0.195014,34.952859,0.14894114,34.952859,0.14894114
2010cr,0.02368,35.2685,0.304874,34.962213,0.3062867,34.962213,0.3062867
ASASSN-15il,0.02374,34.8584,0.20127,34.967807,-0.10940734,34.967807,-0.10940734
AT2017cfb,0.02382,34.8438,0.220547,34.975244,-0.13144448,34.975244,-0.13144448
PS16ccn,0.02395,35.1784,0.189112,34.987278,0.19112236,34.987278,0.19112236
2006ac,0.02395,34.9871,0.184147,34.987278,-0.0001776387,34.987278,-0.0001776387
2006ac,0.02395,34.953,0.198064,34.987278,-0.034277639,34.987278,-0.034277639
ASASSN-15jt,0.02396,34.889,0.403697,34.988201,-0.099200606,34.988201,-0.099200606
2003he,0.02404,35.0862,0.240547,34.995571,0.090629258,34.995571,0.090629258
2004bk,0.02405,34.8391,0.21588,34.99649,-0.15739031,34.99649,-0.15739031
ASASSN-16hz,0.02406,34.8112,0.317595,34.99741,-0.18620951,34.99741,-0.18620951
2003it,0.02413,35.079,0.205996,35.003833,0.075166608,35.003833,0.075166608
2005bg,0.02414,35.0102,0.201948,35.00475,0.005450406,35.00475,0.005450406
2007F,0.0242,35.084,0.183555,35.010239,0.073761013,35.010239,0.073761013
2007F,0.0242,34.9421,0.208286,35.010239,-0.068138987,35.010239,-0.068138987
2000bh,0.02421,34.8782,0.224067,35.011153,-0.13295259,35.011153,-0.13295259
2010ao,0.02422,34.943,0.2098,35.012066,-0.069065814,35.012066,-0.069065814
AT2016bln,0.02425,35.0771,0.195416,35.014803,0.062296724,35.014803,0.062296724
2004br,0.02426,34.807,0.18246,35.015715,-0.20871502,35.015715,-0.20871502
1994M,0.02426,34.9528,0.213795,35.015715,-0.062915024,35.015715,-0.062915024
2010gp,0.02436,34.4711,0.398476,35.024812,-0.55371225,35.024812,-0.55371225
PS1-14xw,0.02436,35.1049,0.31033,35.024812,0.080087752,35.024812,0.080087752
2011dn,0.02443,34.4583,0.333265,35.031158,-0.5728585,35.031158,-0.5728585
2018enc,0.0245,34.9998,0.217718,35.037487,-0.037686912,35.037487,-0.037686912
1993H,0.0245,35.1803,0.232251,35.037487,0.14281309,35.037487,0.14281309
2008bf,0.02451,35.0521,0.231261,35.03839,0.01371048,35.03839,0.01371048
2008bf,0.02451,34.8898,0.233972,35.03839,-0.14858952,35.03839,-0.14858952
2008bf,0.02451,35.1061,0.235556,35.03839,0.06771048,35.03839,0.06771048
2000ca,0.02454,34.8993,0.190331,35.041095,-0.14179518,35.041095,-0.14179518
2002he,0.02469,35.1139,0.15531,35.054575,0.059325094,35.054575,0.059325094
2002he,0.02469,35.1145,0.174825,35.054575,0.059925094,35.054575,0.059925094
PSNJ0153424,0.02474,35.1828,0.233724,35.05905,0.12374972,35.05905,0.12374972
2009D,0.02476,35.008,0.162015,35.060838,-0.05283794,35.060838,-0.05283794
2009D,0.02476,34.9493,0.170871,35.060838,-0.11153794,35.060838,-0.11153794
2009D,0.02476,35.0746,0.209952,35.060838,0.01376206,35.060838,0.01376206
2007cq,0.02481,35.009,0.176889,35.065301,-0.056300897,35.065301,-0.056300897
2007cq,0.02481,34.8369,0.288042,35.065301,-0.2284009,35.065301,-0.2284009
2007cq,0.02481,34.8482,0.181918,35.065301,-0.2171009,35.065301,-0.2171009
2001cj,0.02491,35.1973,0.228493,35.0742,0.12309963,35.0742,0.12309963
SN2017hn,0.02492,35.0621,0.190177,35.075088,-0.012988386,35.075088,-0.012988386
2002bf,0.02494,34.9063,0.269066,35.076863,-0.17056337,35.076863,-0.17056337
2002bf,0.02494,34.9441,0.240723,35.076863,-0.13276337,35.076863,-0.13276337
AT2017cfc,0.02499,35.0276,0.190198,35.081295,-0.053694721,35.081295,-0.053694721
2012bh,0.025,35.1989,0.238281,35.08218,0.11672005,35.08218,0.11672005
2007sw,0.025,34.9117,0.306484,35.08218,-0.17047995,35.08218,-0.17047995
370356,0.025,35.2277,0.204374,35.08218,0.14552005,35.08218,0.14552005
PS15ahs,0.02522,35.1974,0.185937,35.101567,0.095832573,35.101567,0.095832573
PSNJ2352371,0.02525,35.4014,0.200491,35.104198,0.2972017,35.104198,0.2972017
SN2017ms,0.02538,35.1181,0.200181,35.115563,0.0025366126,35.115563,0.0025366126
2018jjd,0.02547,34.9842,0.185284,35.123398,-0.13919809,35.123398,-0.13919809
Gaia16agf,0.02553,35.2152,0.268527,35.128606,0.086593855,35.128606,0.086593855
ASASSN-15uu,0.02579,35.0223,0.372346,35.151036,-0.12873639,35.151036,-0.12873639
ASASSN-16bq,0.02582,35.1882,0.176701,35.15361,0.034589797,35.15361,0.034589797
2005M,0.02584,35.2931,0.179545,35.155324,0.13777555,35.155324,0.13777555
2005M,0.02584,34.835,0.348314,35.155324,-0.32032445,35.155324,-0.32032445
2005M,0.02584,35.1081,0.198242,35.155324,-0.047224445,35.155324,-0.047224445
1992ag,0.02592,34.7664,0.344692,35.162168,-0.39576842,35.162168,-0.39576842
2005ms,0.02595,35.308,0.179587,35.16473,0.14327044,35.16473,0.14327044
2005mc,0.02597,35.3429,0.323231,35.166435,0.17646462,35.166435,0.17646462
2005mc,0.02597,35.2855,0.288909,35.166435,0.11906462,35.166435,0.11906462
1999gp,0.02603,35.2892,0.205883,35.171545,0.1176549,35.171545,0.1176549
1999gp,0.02603,35.2688,0.183373,35.171545,0.097254899,35.171545,0.097254899
SN2017mf,0.02618,35.3111,0.17873,35.184269,0.12683099,35.184269,0.12683099
2002eb,0.02633,35.2673,0.172357,35.196922,0.070378414,35.196922,0.070378414
SNF20071021-000,0.0264,35.3224,0.216057,35.202802,0.11959807,35.202802,0.11959807
1992P,0.02643,35.313,0.220137,35.205317,0.1076826,35.205317,0.1076826
ASASSN-17at,0.02643,35.2513,0.18676,35.205317,0.045982599,35.205317,0.045982599
2007co,0.02655,35.227,0.261645,35.215351,0.011648664,35.215351,0.011648664
2007co,0.02655,35.1118,0.346591,35.215351,-0.10355134,35.215351,-0.10355134
2007co,0.02655,35.3437,0.230789,35.215351,0.12834866,35.215351,0.12834866
2007su,0.0266,35.3042,0.352852,35.219519,0.084680983,35.219519,0.084680983
ASASSN-16av,0.02676,35.3467,0.289875,35.232804,0.11389586,35.232804,0.11389586
ASASSN-15mf,0.02691,35.1184,0.181369,35.245188,-0.12678836,35.245188,-0.12678836
2010ii,0.02704,35.1306,0.184771,35.255867,-0.12526671,35.255867,-0.12526671
2005na,0.02717,35.1538,0.186856,35.266495,-0.11269483,35.266495,-0.11269483
2005na,0.02717,35.113,0.172724,35.266495,-0.15349483,35.266495,-0.15349483
2005na,0.02717,35.1117,0.170295,35.266495,-0.15479483,35.266495,-0.15479483
ASASSN-15fa,0.02721,35.5236,0.225337,35.269755,0.25384501,35.269755,0.25384501
2013fn,0.02724,35.2892,0.298907,35.272197,0.017002976,35.272197,0.017002976
2008ar,0.02732,35.359,0.180243,35.278696,0.080303751,35.278696,0.080303751
2008ar,0.02732,35.4368,0.180322,35.278696,0.15810375,35.278696,0.15810375
2008ar,0.02732,35.2913,0.178243,35.278696,0.012603751,35.278696,0.012603751
PSNJ0252467,0.02748,35.3613,0.190628,35.291639,0.069661097,35.291639,0.069661097
2006ev,0.02759,35.6739,0.216353,35.300494,0.37340581,35.300494,0.37340581
2006gj,0.0277,35.7258,0.321699,35.309315,0.41648507,35.309315,0.41648507
2011hb,0.02775,35.2874,0.292934,35.313313,-0.025913008,35.313313,-0.025913008
2002el,0.02778,35.1049,0.181734,35.315708,-0.21080847,35.315708,-0.21080847
SN2017ckx,0.02779,35.6596,0.251383,35.316506,0.34309361,35.316506,0.34309361
2003U,0.02794,35.2665,0.177545,35.328442,-0.061941583,35.328442,-0.061941583
AT2017ns,0.02802,35.1963,0.366604,35.334781,-0.13848136,35.334781,-0.13848136
1998ab,0.02806,34.9487,0.227749,35.337945,-0.3892446,35.337945,-0.3892446
2009aa,0.02827,35.3174,0.173415,35.354479,-0.037079446,35.354479,-0.037079446
1993ah,0.02828,35.2763,0.655117,35.355264,-0.078963814,35.355264,-0.078963814
2004gs,0.02829,35.5996,0.235009,35.356048,0.24355209,35.356048,0.24355209
2005eq,0.02831,35.558,0.160985,35.357615,0.20038471,35.357615,0.20038471
2005eq,0.02831,35.5061,0.163093,35.357615,0.14848471,35.357615,0.14848471
2005eq,0.02831,35.5563,0.160218,35.357615,0.19868471,35.357615,0.19868471
2009ad,0.02834,35.372,0.160301,35.359964,0.012035679,35.359964,0.012035679
2009ad,0.02834,35.3421,0.156527,35.359964,-0.017864321,35.359964,-0.017864321
PS16cvc,0.02844,35.6948,0.183345,35.367777,0.32702313,35.367777,0.32702313
ASASSN-15la,0.02845,35.0558,0.218663,35.368557,-0.31275665,35.368557,-0.31275665
ASASSN-15fs,0.0285,35.2391,0.185823,35.372451,-0.13335149,35.372451,-0.13335149
2013bs,0.02859,35.4105,0.201911,35.379445,0.031054625,35.379445,0.031054625
2006qo,0.02871,35.4779,0.275376,35.388737,0.089162928,35.388737,0.089162928
PSNJ0859349,0.02874,35.472,0.225755,35.391054,0.080945949,35.391054,0.080945949
1996C,0.02875,35.5152,0.250819,35.391826,0.12337415,35.391826,0.12337415
LSQ12gdj,0.02886,35.0939,0.272694,35.400298,-0.30639833,35.400298,-0.30639833
2003ch,0.02895,35.6024,0.169987,35.407207,0.19519313,35.407207,0.19519313
ASASSN-16ay,0.02895,35.6222,0.299966,35.407207,0.21499313,35.407207,0.21499313
2000cw,0.02896,35.6079,0.224233,35.407973,0.19992681,35.407973,0.19992681
ASASSN-16br,0.029,35.5064,0.190895,35.411036,0.09536414,35.411036,0.09536414
Gaia16bba,0.02934,35.4354,0.185335,35.436903,-0.0015027819,35.436903,-0.0015027819
ASASSN-16hh,0.02935,35.5015,0.190369,35.437659,0.063840878,35.437659,0.063840878
2007is,0.02953,35.3449,0.211378,35.45123,-0.10633026,35.45123,-0.10633026
1997dg,0.02962,35.861,0.192522,35.457985,0.40301452,35.457985,0.40301452
AT2016cyt,0.02965,35.3586,0.164518,35.460233,-0.10163276,35.460233,-0.10163276
ASASSN-16es,0.02973,35.5345,0.258248,35.466215,0.068285373,35.466215,0.068285373
2004ef,0.02978,35.5195,0.196088,35.469945,0.049554702,35.469945,0.049554702
2004ef,0.02978,35.4838,0.199296,35.469945,0.013854702,35.469945,0.013854702
2004ef,0.02978,35.4761,0.233488,35.469945,0.0061547023,35.469945,0.0061547023
ASASSN-16hr,0.0298,35.4648,0.278746,35.471436,-0.0066358491,35.471436,-0.0066358491
ATLAS17ajn,0.02988,35.5116,0.190788,35.477388,0.034211723,35.477388,0.034211723
ASASSN-16fs,0.0299,35.2761,0.180915,35.478874,-0.20277395,35.478874,-0.20277395
ASASSN-16fo,0.02994,35.4803,0.173804,35.481842,-0.001542369,35.481842,-0.001542369
AT2017lm,0.03002,35.5542,0.216273,35.487768,0.066432415,35.487768,0.066432415
ASASSN-15uw,0.03004,35.6084,0.212671,35.489246,0.11915353,35.489246,0.11915353
PS15cwx,0.03007,35.4164,0.184841,35.491463,-0.075063001,35.491463,-0.075063001
SNF20080909-030,0.03013,35.565,0.183722,35.49589,0.06911043,35.49589,0.06911043
ASASSN-15nq,0.03025,35.5185,0.166012,35.504717,0.013783118,35.504717,0.013783118
AT2017zd,0.03048,35.2781,0.194122,35.521541,-0.24344052,35.521541,-0.24344052
2002de,0.0305,35.3638,0.283742,35.522998,-0.15919757,35.522998,-0.15919757
ASASSN-16aj,0.03053,35.4654,0.177866,35.525181,-0.059781386,35.525181,-0.059781386
2009fv,0.03072,35.3374,0.375292,35.538964,-0.20156368,35.538964,-0.20156368
2009fv,0.03072,35.406,0.332119,35.538964,-0.13296368,35.538964,-0.13296368
2009eu,0.03072,35.9224,0.399302,35.538964,0.38343632,35.538964,0.38343632
2006bw,0.03075,35.6231,0.320886,35.541132,0.081967795,35.541132,0.081967795
2006en,0.03081,35.6474,0.19424,35.545463,0.10193695,35.545463,0.10193695
2000dn,0.03081,35.707,0.22057,35.545463,0.16153695,35.545463,0.16153695
CSS160428,0.03081,35.7017,0.164289,35.545463,0.15623695,35.545463,0.15623695
2006en,0.03081,35.6847,0.188076,35.545463,0.13923695,35.545463,0.13923695
1990O,0.03093,35.4926,0.166476,35.5541,-0.061500043,35.5541,-0.061500043
AT2017wb,0.03093,35.5304,0.283582,35.5541,-0.023700043,35.5541,-0.023700043
2013fy,0.03099,35.3522,0.343157,35.558406,-0.20620625,35.558406,-0.20620625
2008gg,0.03107,35.67,0.236835,35.564135,0.1058648,35.564135,0.1058648
2008gg,0.03107,35.5409,0.184896,35.564135,-0.023235197,35.564135,-0.023235197
ASASSN-15hg,0.03107,35.6461,0.196214,35.564135,0.081964803,35.564135,0.081964803
2010gn,0.03123,35.9119,0.273901,35.57555,0.33635007,35.57555,0.33635007
1999cc,0.03132,35.5877,0.169094,35.581946,0.0057544017,35.581946,0.0057544017
2001ba,0.03136,35.6481,0.206672,35.584782,0.063317648,35.584782,0.063317648
2007bd,0.03141,35.5793,0.14868,35.588323,-0.0090233216,35.588323,-0.0090233216
2007bd,0.03141,35.4841,0.153803,35.588323,-0.10422332,35.588323,-0.10422332
2007bd,0.03141,35.4957,0.175954,35.588323,-0.092623322,35.588323,-0.092623322
MASTEROTJ08,0.03156,35.6675,0.174531,35.598913,0.068586749,35.598913,0.068586749
2006az,0.03158,35.4896,0.148675,35.600322,-0.11072152,35.600322,-0.11072152
010026,0.03174,35.6746,0.20211,35.611556,0.063043614,35.611556,0.063043614
2007ux,0.03183,35.6656,0.274525,35.617852,0.047748313,35.617852,0.047748313
2007ux,0.03183,35.8808,0.19004,35.617852,0.26294831,35.617852,0.26294831
ASASSN-15pr,0.03189,35.9082,0.198168,35.622039,0.28616111,35.622039,0.28616111
AT2017po,0.03201,35.576,0.196814,35.63039,-0.054390247,35.63039,-0.054390247
ASASSN-16oz,0.03207,35.4592,0.276064,35.634554,-0.17535445,35.634554,-0.17535445
2006os,0.03212,35.7992,0.326022,35.638019,0.16118119,35.638019,0.16118119
2006te,0.03212,35.7248,0.15355,35.638019,0.086781189,35.638019,0.086781189
2007ai,0.03212,35.8577,0.294619,35.638019,0.21968119,35.638019,0.21968119
2007ai,0.03212,35.8562,0.258808,35.638019,0.21818119,35.638019,0.21818119
2006bt,0.03241,35.772,0.224228,35.658009,0.11399128,35.658009,0.11399128
2006bt,0.03241,35.7428,0.226764,35.658009,0.08479128,35.658009,0.08479128
2006bt,0.03241,35.7867,0.216659,35.658009,0.12869128,35.658009,0.12869128
2008gp,0.03245,35.7268,0.162633,35.660752,0.066047782,35.660752,0.066047782
2008gp,0.03245,35.6643,0.150947,35.660752,0.0035477816,35.660752,0.0035477816
2008gl,0.03246,35.6431,0.148421,35.661438,-0.018337577,35.661438,-0.018337577
2008gl,0.03246,35.6366,0.169859,35.661438,-0.024837577,35.661438,-0.024837577
2008gl,0.03246,35.6638,0.156049,35.661438,0.0023624234,35.661438,0.0023624234
2004as,0.0325,35.7324,0.22019,35.664177,0.068223052,35.664177,0.068223052
2004as,0.0325,35.8907,0.225741,35.664177,0.22652305,35.664177,0.22652305
ATLAS17axb,0.03264,35.5602,0.185563,35.673739,-0.11353887,35.673739,-0.11353887
2008bq,0.03279,35.7279,0.17805,35.683939,0.043960595,35.683939,0.043960595
2005iq,0.03292,35.8516,0.143619,35.692743,0.15885694,35.692743,0.15885694
2005iq,0.03292,35.8647,0.150987,35.692743,0.17195694,35.692743,0.17195694
PS15bsq,0.03309,35.7797,0.159699,35.704204,0.075495589,35.704204,0.075495589
2006S,0.0331,35.9089,0.177213,35.704877,0.20402318,35.704877,0.20402318
ASASSN-16bc,0.03314,35.6164,0.168015,35.707564,-0.091164451,35.707564,-0.091164451
2003gn,0.03316,36.0229,0.243018,35.708907,0.31399292,35.708907,0.31399292
2003cq,0.03323,35.8276,0.259126,35.7136,0.11399994,35.7136,0.11399994
2010ag,0.03336,35.8159,0.198961,35.72229,0.093609967,35.72229,0.093609967
SN2017cii,0.03337,35.8381,0.178659,35.722957,0.11514288,35.722957,0.11514288
2004L,0.03344,35.829,0.273673,35.727621,0.10137872,35.727621,0.10137872
2003iv,0.03351,35.9118,0.165632,35.732276,0.17952408,35.732276,0.17952408
2006gr,0.03352,35.9188,0.207416,35.73294,0.18585991,35.73294,0.18585991
2006gr,0.03352,35.9378,0.211316,35.73294,0.20485991,35.73294,0.20485991
2005eu,0.03369,35.8038,0.482057,35.744202,0.059598494,35.744202,0.059598494
2005eu,0.03369,35.8012,0.48333,35.744202,0.056998494,35.744202,0.056998494
SN2016hpx,0.0337,35.6329,0.204026,35.744862,-0.11196221,35.744862,-0.11196221
ATLAS17ajs,0.0337,35.9757,0.358083,35.744862,0.23083779,35.744862,0.23083779
2003kc,0.0341,35.8566,0.205773,35.771135,0.085465289,35.771135,0.085465289
2011dl,0.03432,35.7587,0.312966,35.785457,-0.026756612,35.785457,-0.026756612
ASASSN-15tg,0.03445,35.861,0.1686,35.793877,0.067122515,35.793877,0.067122515
1996bl,0.03481,35.7348,0.155656,35.817036,-0.082235953,35.817036,-0.082235953
ASASSN-15jl,0.03492,35.8816,0.169326,35.824066,0.057534456,35.824066,0.057534456
AT2016fbk,0.03495,36.1545,0.230318,35.825979,0.32852105,35.825979,0.32852105
2016fbk,0.03495,35.9591,0.225173,35.825979,0.13312105,35.825979,0.13312105
2008at,0.03497,35.8349,0.334212,35.827254,0.007646328,35.827254,0.007646328
ASASSN-15mi,0.03501,35.5515,0.204326,35.829801,-0.27830097,35.829801,-0.27830097
2007hu,0.03518,35.9905,0.374822,35.840595,0.14990458,35.840595,0.14990458
2007ba,0.03533,35.825,0.340606,35.850078,-0.025077745,35.850078,-0.025077745
PTSS-16efw,0.03542,36.234,0.188455,35.855748,0.37825169,35.855748,0.37825169
2001ck,0.03544,35.8586,0.223482,35.857007,0.0015934779,35.857007,0.0015934779
1994T,0.03564,35.9325,0.204232,35.869551,0.062949278,35.869551,0.062949278
ASASSN-16dw,0.03565,35.7837,0.217075,35.870176,-0.086476128,35.870176,-0.086476128
1992bg,0.03574,35.8937,0.211664,35.875797,0.017902905,35.875797,0.017902905
ASASSN-15lu,0.03577,36.0035,0.185251,35.877668,0.12583232,35.877668,0.12583232
ASASSN-16db,0.03589,35.8698,0.18969,35.885135,-0.015334767,35.885135,-0.015334767
2002hu,0.03591,35.9637,0.166565,35.886377,0.077323087,35.886377,0.077323087
ASASSN-15ss,0.03592,35.9909,0.187185,35.886998,0.10390227,35.886998,0.10390227
PS15bbn,0.03602,36.1845,0.187245,35.893197,0.29130332,35.893197,0.29130332
2006mo,0.03616,36.0695,0.175025,35.901847,0.16765293,35.901847,0.16765293
2001eh,0.03627,36.0067,0.135213,35.908621,0.098079076,35.908621,0.098079076
2001eh,0.03627,35.9927,0.149174,35.908621,0.084079076,35.908621,0.084079076
2002G,0.03631,35.8056,0.308166,35.911079,-0.10547918,35.911079,-0.10547918
2002G,0.03631,35.9287,0.318471,35.911079,0.017620821,35.911079,0.017620821
ASASSN-15bc,0.03639,35.949,0.262609,35.915988,0.033012223,35.915988,0.033012223
2008gb,0.03641,36.0889,0.198876,35.917213,0.17168672,35.917213,0.17168672
2008hj,0.03643,35.8836,0.185109,35.918438,-0.034838132,35.918438,-0.034838132
2008hj,0.03643,35.9282,0.1566,35.918438,0.0097618678,35.918438,0.0097618678
2000cf,0.03646,36.0475,0.166339,35.920274,0.12722582,35.920274,0.12722582
2007jg,0.03652,36.3333,0.171248,35.923942,0.40935815,35.923942,0.40935815
2007jg,0.03652,36.2185,0.171341,35.923942,0.29455815,35.923942,0.29455815
2008ei,0.03654,36.08,0.336812,35.925163,0.15483689,35.925163,0.15483689
2002eu,0.03672,36.0624,0.163008,35.936125,0.12627484,35.936125,0.12627484
AT2016hns,0.03704,35.9789,0.163683,35.955485,0.023415448,35.955485,0.023415448
2000dg,0.03725,36.0748,0.289284,35.968101,0.10669923,35.968101,0.10669923
2007O,0.03732,35.8617,0.152703,35.972291,-0.11059077,35.972291,-0.11059077
2007O,0.03732,35.8938,0.151724,35.972291,-0.078490774,35.972291,-0.078490774
2009bv,0.03748,36.2564,0.149974,35.981839,0.27456075,35.981839,0.27456075
AT2016cvw,0.03761,36.0063,0.206656,35.989568,0.016731812,35.989568,0.016731812
SN2017ciy,0.03762,36.5177,0.245806,35.990162,0.52753836,35.990162,0.52753836
2008fr,0.0379,36.1141,0.236153,36.006716,0.1073837,36.006716,0.1073837
ASASSN-15pn,0.038,36.1962,0.220822,36.0126,0.18360019,36.0126,0.18360019
ASASSN-15np,0.03832,36.026,0.219507,36.031326,-0.005326249,36.031326,-0.005326249
2008051,0.03835,36.0125,0.17035,36.033074,-0.020574037,36.033074,-0.020574037
2010dw,0.03871,36.0125,0.204712,36.053944,-0.041444273,36.053944,-0.041444273
PS15cze,0.03891,36.5486,0.234635,36.065457,0.48314266,36.065457,0.48314266
1999aw,0.03928,36.2125,0.18352,36.086605,0.12589453,36.086605,0.12589453
2008O,0.0394,36.2254,0.311188,36.093423,0.13197731,36.093423,0.13197731
SN2016glz,0.03975,35.9918,0.210464,36.113191,-0.12139148,36.113191,-0.12139148
2008dr,0.03996,36.284,0.147901,36.124972,0.15902838,36.124972,0.15902838
2003fa,0.04015,36.0818,0.14498,36.135578,-0.053778052,36.135578,-0.053778052
2003fa,0.04015,36.0167,0.143473,36.135578,-0.11887805,36.135578,-0.11887805
2007jh,0.04023,36.5601,0.280122,36.140029,0.42007068,36.140029,0.42007068
2009do,0.04027,36.0403,0.147245,36.142252,-0.10195173,36.142252,-0.10195173
SN2017coa,0.04045,36.4104,0.307187,36.152226,0.25817394,36.152226,0.25817394
PS16axi,0.04056,36.1263,0.168835,36.1583,-0.032000253,36.1583,-0.032000253
2001az,0.04059,36.3153,0.150794,36.159954,0.15534593,36.159954,0.15534593
2007kk,0.0413,36.2071,0.166515,36.198751,0.0083485898,36.198751,0.0083485898
2007kk,0.0413,36.2521,0.175538,36.198751,0.05334859,36.198751,0.05334859
2006cf,0.04223,36.2931,0.151018,36.248601,0.044498896,36.248601,0.044498896
2014bj,0.04239,36.5106,0.426487,36.25707,0.25353029,36.25707,0.25353029
2006cz,0.04251,35.9138,0.29449,36.263401,-0.3496008,36.263401,-0.3496008
ASASSN-16ct,0.04252,36.2457,0.207056,36.263928,-0.01822761,36.263928,-0.01822761
AT2016htm,0.04265,36.2018,0.162522,36.270765,-0.068965178,36.270765,-0.068965178
2007nq,0.04275,36.2882,0.166626,36.276011,0.012188915,36.276011,0.012188915
2007nq,0.04275,36.2137,0.152187,36.276011,-0.062311085,36.276011,-0.062311085
1992bl,0.0428,36.2101,0.208042,36.27863,-0.06852957,36.27863,-0.06852957
ASASSN-15mg,0.04307,36.3298,0.181208,36.292718,0.037081742,36.292718,0.037081742
SN2016ayg,0.04328,36.4165,0.166064,36.303617,0.11288304,36.303617,0.11288304
2006gt,0.04366,36.5114,0.286272,36.323209,0.18819146,36.323209,0.18819146
MASTERJ0134,0.04391,36.2594,0.177777,36.336008,-0.076607668,36.336008,-0.076607668
2005ku,0.04397,36.2916,0.249078,36.339069,-0.047468933,36.339069,-0.047468933
AT2016cvv,0.04404,36.5469,0.231201,36.342635,0.20426471,36.342635,0.20426471
2006hx,0.04429,36.4565,0.162334,36.355328,0.10117248,36.355328,0.10117248
PS16cqa,0.04433,36.6866,0.304921,36.357352,0.32924818,36.357352,0.32924818
SN2016esh,0.04488,36.1579,0.182756,36.385008,-0.2271077,36.385008,-0.2271077
2005hc,0.04496,36.5139,0.151933,36.389003,0.12489705,36.389003,0.12489705
2005hc,0.04496,36.4634,0.173532,36.389003,0.074397049,36.389003,0.074397049
PSNJ1204051,0.04502,36.4541,0.196266,36.391995,0.06210513,36.391995,0.06210513
1992bh,0.0451,36.551,0.270525,36.395978,0.15502192,36.395978,0.15502192
2005lz,0.04541,36.3247,0.195021,36.411349,-0.086648585,36.411349,-0.086648585
PS17tn,0.04549,36.3811,0.196005,36.415299,-0.034198647,36.415299,-0.034198647
AT2016ews,0.04612,36.5394,0.159223,36.446172,0.093227944,36.446172,0.093227944
2008050,0.04627,36.2636,0.218105,36.453463,-0.18986259,36.453463,-0.18986259
2004gu,0.0467,36.4713,0.19409,36.474236,-0.002935876,36.474236,-0.002935876
360156,0.04673,36.5081,0.209562,36.475678,0.032421751,36.475678,0.032421751
2016afk,0.04677,36.5642,0.229149,36.4776,0.086599981,36.4776,0.086599981
2008cf,0.04692,36.4786,0.148197,36.484792,-0.0061924972,36.484792,-0.0061924972
2008cf,0.04692,36.4857,0.182928,36.484792,0.00090750285,36.484792,0.00090750285
PS16fa,0.04734,36.6009,0.161688,36.504814,0.096086454,36.504814,0.096086454
AT2017yk,0.04764,36.7582,0.280677,36.519009,0.23919078,36.519009,0.23919078
PS15aii,0.04768,36.5946,0.145385,36.520895,0.073704566,36.520895,0.073704566
ASASSN-15pm,0.04777,36.3735,0.154741,36.525134,-0.15163381,36.525134,-0.15163381
ATLAS16agv,0.04777,36.4976,0.165873,36.525134,-0.027533813,36.525134,-0.027533813
PS17akj,0.0478,36.5627,0.208806,36.526545,0.036155112,36.526545,0.036155112
AT2016gmg,0.04839,36.641,0.181462,36.554123,0.086876874,36.554123,0.086876874
1995ac,0.04867,36.3303,0.135835,36.567097,-0.23679739,36.567097,-0.23679739
PS16el,0.04896,36.4691,0.176995,36.580459,-0.11135907,36.580459,-0.11135907
2006cq,0.04928,36.5828,0.168097,36.595114,-0.012314394,36.595114,-0.012314394
2007kh,0.04944,36.5403,0.453411,36.602408,-0.062107559,36.602408,-0.062107559
PS15asb,0.04952,36.4714,0.18553,36.606046,-0.13464558,36.606046,-0.13464558
ASASSN-17eb,0.0497,36.4621,0.201896,36.61421,-0.15211039,36.61421,-0.15211039
1998dx,0.0498,36.5693,0.155812,36.618734,-0.049434038,36.618734,-0.049434038
AT2016cor,0.04995,36.8523,0.302557,36.625503,0.22679693,36.625503,0.22679693
PS16dnp,0.04998,36.8583,0.163226,36.626855,0.23144549,36.626855,0.23144549
1990af,0.05018,36.5997,0.202684,36.635844,-0.036144148,36.635844,-0.036144148
1993ag,0.05019,36.6402,0.244395,36.636293,0.0039072802,36.636293,0.0039072802
PS15brr,0.05063,36.5461,0.190961,36.655945,-0.10984479,36.655945,-0.10984479
2008hu,0.05071,36.7036,0.133364,36.6595,0.044099852,36.6595,0.044099852
PS16fbb,0.05139,36.8804,0.16836,36.689504,0.19089643,36.689504,0.19089643
1993O,0.05148,36.7759,0.228182,36.693446,0.082454179,36.693446,0.082454179
ASASSN-16hc,0.05165,36.5862,0.156832,36.700874,-0.11467416,36.700874,-0.11467416
2003ic,0.05196,36.393,0.201448,36.714359,-0.32135933,36.714359,-0.32135933
AT2016htn,0.05229,36.8411,0.218249,36.728629,0.11247064,36.728629,0.11247064
2006ot,0.05232,36.8679,0.208308,36.729922,0.13797768,36.729922,0.13797768
2006ot,0.05232,36.5433,0.298829,36.729922,-0.18662232,36.729922,-0.18662232
PS16n,0.05268,36.7752,0.161766,36.745382,0.029817795,36.745382,0.029817795
2010dt,0.05291,36.8474,0.172204,36.755206,0.092193977,36.755206,0.092193977
PS16evk,0.0532,36.9144,0.207509,36.767534,0.14686604,36.767534,0.14686604
PS16bby,0.0543,36.8327,0.178902,36.813713,0.018987298,36.813713,0.018987298
2006lu,0.05449,36.8631,0.133817,36.821597,0.041502525,36.821597,0.041502525
PS16ayd,0.05485,36.8581,0.149593,36.836465,0.021635431,36.836465,0.021635431
490007,0.05513,36.8676,0.194374,36.847963,0.019637072,36.847963,0.019637072
SN2017cpu,0.05529,36.6433,0.175423,36.854508,-0.21120815,36.854508,-0.21120815
2005hj,0.05631,36.9903,0.171451,36.89581,0.094490483,36.89581,0.094490483
AT2017oz,0.05641,36.8109,0.193162,36.89982,-0.08891977,36.89982,-0.08891977
2006py,0.05658,36.9098,0.185051,36.906622,0.0031784982,36.906622,0.0031784982
PS16aer,0.05668,37.0393,0.176308,36.910613,0.12868667,36.910613,0.12868667
2008eq,0.0568,37.0687,0.221323,36.915395,0.15330544,36.915395,0.15330544
SN2016gmb,0.05708,36.9545,0.182842,36.926513,0.027986959,36.926513,0.027986959
2006ob,0.0576,36.9821,0.138149,36.947023,0.035077066,36.947023,0.035077066
2006ob,0.0576,36.9324,0.14674,36.947023,-0.014622934,36.947023,-0.014622934
2001ah,0.05837,36.9802,0.215566,36.977068,0.0031318969,36.977068,0.0031318969
2001ah,0.05837,37.146,0.252804,36.977068,0.1689319,36.977068,0.1689319
LSQ13crf,0.05934,36.3001,0.617516,37.014379,-0.71427864,37.014379,-0.71427864
SN2016hhv,0.06067,37.1383,0.198009,37.064593,0.073706596,37.064593,0.073706596
SN2017cjv,0.06079,37.032,0.17759,37.069072,-0.037071847,37.069072,-0.037071847
2008go,0.06116,36.9608,0.196145,37.082827,-0.12202706,37.082827,-0.12202706
2008go,0.06116,36.9691,0.141986,37.082827,-0.11372706,37.082827,-0.11372706
2008bz,0.0613,37.1925,0.16057,37.088011,0.10448912,37.088011,0.10448912
2008bz,0.0613,37.1631,0.123921,37.088011,0.075089124,37.088011,0.075089124
2006oa,0.06142,37.0747,0.183316,37.092445,-0.017745098,37.092445,-0.017745098
1992bs,0.0637,37.3517,0.206518,37.17515,0.17654972,37.17515,0.17654972
PS16bnz,0.06398,37.0786,0.154429,37.18511,-0.10651034,37.18511,-0.10651034
SN2016aqb,0.06419,37.0197,0.155855,37.192553,-0.17285295,37.192553,-0.17285295
2007ae,0.06485,37.0851,0.153034,37.215793,-0.1306928,37.215793,-0.1306928
PS15cms,0.06603,37.3617,0.203312,37.256783,0.10491717,37.256783,0.10491717
6057,0.06652,37.1627,0.296189,37.273598,-0.11089799,37.273598,-0.11089799
SN2016ixf,0.06723,37.4237,0.194412,37.297753,0.12594672,37.297753,0.12594672
AT2016aj,0.06731,37.2344,0.203006,37.30046,-0.066059657,37.30046,-0.066059657
PS15bjg,0.06758,37.4935,0.190499,37.309571,0.18392903,37.309571,0.18392903
CSS160129,0.06841,37.2381,0.191221,37.337363,-0.099262956,37.337363,-0.099262956
2006al,0.06908,37.4213,0.159324,37.359563,0.061737186,37.359563,0.061737186
PTSS17-niq,0.0691,37.2817,0.174144,37.360222,-0.078522322,37.360222,-0.078522322
2008Y,0.07028,37.2775,0.212322,37.398813,-0.1213133,37.398813,-0.1213133
2008Y,0.07028,37.2961,0.226908,37.398813,-0.1027133,37.398813,-0.1027133
PS17yt,0.07046,37.4787,0.176182,37.404645,0.074054533,37.404645,0.074054533
470043,0.07061,37.7291,0.501827,37.409495,0.31960528,37.409495,0.31960528
2006on,0.07068,37.4543,0.24781,37.411754,0.042545666,37.411754,0.042545666
ATLAS16bwu,0.07074,37.3712,0.228257,37.413689,-0.042489441,37.413689,-0.042489441
1993B,0.07076,37.2944,0.277681,37.414334,-0.11993413,37.414334,-0.11993413
PS15bdr,0.07094,37.3552,0.196012,37.420128,-0.064928473,37.420128,-0.064928473
PS16em,0.07113,37.4814,0.447068,37.426229,0.055170515,37.426229,0.055170515
370566,0.07134,37.4155,0.208957,37.432955,-0.017454594,37.432955,-0.017454594
PS15bwh,0.07149,37.2494,0.16107,37.437747,-0.18834666,37.437747,-0.18834666
PS15mt,0.07193,37.5618,0.180815,37.451748,0.1100519,37.451748,0.1100519
2007jd,0.07196,37.6319,0.199695,37.4527,0.17920025,37.4527,0.17920025
PS15atx,0.07301,37.6225,0.304764,37.485771,0.13672899,37.485771,0.13672899
Gaia16aki,0.07398,37.5535,0.176502,37.515921,0.037579008,37.515921,0.037579008
PS17bii,0.07467,37.4501,0.192118,37.537139,-0.087038834,37.537139,-0.087038834
1992ae,0.07478,37.4346,0.222054,37.540504,-0.10590407,37.540504,-0.10590407
2005ir,0.0749,37.5656,0.154994,37.54417,0.021430156,37.54417,0.021430156
7876,0.0749,37.4763,0.179761,37.54417,-0.067869844,37.54417,-0.067869844
2010hs,0.07514,37.8142,0.289148,37.551485,0.2627154,37.551485,0.2627154
AT2016gsu,0.07529,37.5461,0.217171,37.556045,-0.0099449989,37.556045,-0.0099449989
370333,0.07557,37.6342,0.198325,37.564535,0.069665419,37.564535,0.069665419
Gaia16acv,0.07833,37.8315,0.146078,37.646647,0.18485265,37.646647,0.18485265
2007hx,0.07849,38.0942,0.180119,37.651322,0.44287755,37.651322,0.44287755
17186,0.07849,38.0154,0.239252,37.651322,0.36407755,37.651322,0.36407755
PS15bif,0.07855,37.5715,0.150392,37.653073,-0.081573273,37.653073,-0.081573273
560033,0.07869,37.5988,0.503338,37.657154,-0.058353569,37.657154,-0.058353569
12779,0.07891,37.7843,0.238199,37.663552,0.1207485,37.663552,0.1207485
PS15bzz,0.07901,37.53,0.147217,37.666454,-0.13645403,37.666454,-0.13645403
350316,0.07966,37.6003,0.157805,37.685236,-0.084935564,37.685236,-0.084935564
2005ag,0.08024,37.6668,0.119289,37.701872,-0.035071569,37.701872,-0.035071569
12950,0.08141,37.7215,0.219648,37.735085,-0.013584605,37.735085,-0.013584605
130308,0.08221,37.8192,0.217606,37.757534,0.061666295,37.757534,0.061666295
12898,0.08255,37.6774,0.265638,37.767012,-0.089611658,37.767012,-0.089611658
12781,0.08282,37.9939,0.195118,37.774512,0.21938816,37.774512,0.21938816
SN2016glp,0.08366,37.9686,0.221594,37.797698,0.17090219,37.797698,0.17090219
3592,0.08544,37.8406,0.128563,37.846107,-0.0055068838,37.846107,-0.0055068838
SN2016grz,0.08656,37.8484,0.21681,37.876077,-0.027677434,37.876077,-0.027677434
1241,0.08848,37.7772,0.253181,37.926609,-0.14940861,37.926609,-0.14940861
590194,0.09015,37.9202,0.21704,37.969721,-0.049520678,37.969721,-0.049520678
370066,0.09066,38.0269,0.167553,37.982736,0.044164357,37.982736,0.044164357
300105,0.09181,38.1602,0.266341,38.01183,0.14836989,38.01183,0.14836989
iPTF17dz,0.09284,38.2226,0.493293,38.037597,0.18500322,38.037597,0.18500322
010010,0.09968,38.4377,0.194713,38.202138,0.23556172,38.202138,0.23556172
160099,0.10142,38.2982,0.165557,38.24229,0.055910405,38.24229,0.055910405
140181,0.10231,38.2511,0.199553,38.262576,-0.01147587,38.262576,-0.01147587
000190,0.10237,38.4085,0.187412,38.263937,0.14456252,38.263937,0.14456252
100405,0.10298,38.1815,0.18625,38.277738,-0.096237913,38.277738,-0.096237913
13135,0.10338,38.3338,0.12638,38.286746,0.047054456,38.286746,0.047054456
20064,0.10351,38.2079,0.196456,38.289666,-0.081765941,38.289666,-0.081765941
13038,0.10485,38.4295,0.236183,38.319568,0.10993159,38.319568,0.10993159
18697,0.10638,38.2611,0.195537,38.353273,-0.092173107,38.353273,-0.092173107
20625,0.10684,38.4624,0.151122,38.363317,0.09908281,38.363317,0.09908281
3256,0.10694,38.4295,0.210466,38.365495,0.064004709,38.365495,0.064004709
120225,0.10728,38.7801,0.468541,38.372886,0.4072135,38.372886,0.4072135
21034,0.10751,38.4984,0.180059,38.377874,0.12052608,38.377874,0.12052608
500038,0.1081,38.4017,0.187108,38.390622,0.011078082,38.390622,0.011078082
7147,0.10886,38.4016,0.133183,38.406947,-0.0053467885,38.406947,-0.0053467885
020027,0.10988,38.5701,0.179741,38.428689,0.14141144,38.428689,0.14141144
18650,0.11243,38.6214,0.163201,38.482223,0.13917745,38.482223,0.13917745
18612,0.11365,38.3876,0.194923,38.507432,-0.11983199,38.507432,-0.11983199
8719,0.11628,38.5408,0.159897,38.560922,-0.020122498,38.560922,-0.020122498
5395,0.11635,38.6302,0.185742,38.562331,0.067869393,38.562331,0.067869393
2561,0.11741,38.5727,0.239635,38.583557,-0.010856673,38.583557,-0.010856673
16259,0.11771,38.6088,0.214419,38.589531,0.019268633,38.589531,0.019268633
1371,0.11797,38.4157,0.127058,38.594698,-0.17899788,38.594698,-0.17899788
000137,0.11878,38.5629,0.212381,38.610725,-0.047825276,38.610725,-0.047825276
5549,0.11992,38.5958,0.200195,38.633109,-0.037309378,38.633109,-0.037309378
12860,0.12042,38.7926,0.252257,38.642864,0.14973598,38.642864,0.14973598
490008,0.12067,38.6348,0.302627,38.647727,-0.012927095,38.647727,-0.012927095
19953,0.1219,38.5945,0.157915,38.671517,-0.077016614,38.671517,-0.077016614
390259,0.12208,38.6119,0.231142,38.674979,-0.063079104,38.674979,-0.063079104
18835,0.12262,38.6853,0.144584,38.685338,-3.7918955e-05,38.685338,-3.7918955e-05
2916,0.12303,38.5967,0.274641,38.693174,-0.096474413,38.693174,-0.096474413
16021,0.12336,38.6164,0.162163,38.699464,-0.08306407,38.699464,-0.08306407
13894,0.12356,38.8009,0.333367,38.703268,0.09763169,38.703268,0.09763169
570062,0.12363,38.8242,0.150324,38.704598,0.11960157,38.704598,0.11960157
6406,0.12377,38.6504,0.145797,38.707257,-0.056856555,38.707257,-0.056856555
19543,0.12384,38.835,0.221531,38.708585,0.12641544,38.708585,0.12641544
13044,0.12455,38.7616,0.12587,38.722015,0.039585292,38.722015,0.039585292
15459,0.12542,39.1417,0.298944,38.738374,0.40332611,38.738374,0.40332611
2992,0.12608,38.4956,0.293348,38.750714,-0.25511352,38.750714,-0.25511352
16069,0.12688,38.8125,0.259679,38.76559,0.046910209,38.76559,0.046910209
744,0.12694,38.6849,0.280884,38.766702,-0.081801966,38.766702,-0.081801966
14871,0.12705,38.7429,0.159508,38.76874,-0.025839677,38.76874,-0.025839677
18855,0.12716,38.7841,0.176913,38.770776,0.013324264,38.770776,0.013324264
22075,0.129,38.7547,0.150979,38.804591,-0.049891177,38.804591,-0.049891177
1032,0.12904,38.8403,0.212795,38.805321,0.034978731,38.805321,0.034978731
5751,0.12929,38.833,0.250442,38.80988,0.023120449,38.80988,0.023120449
18415,0.1294,38.8429,0.142748,38.811883,0.031017417,38.811883,0.031017417
18809,0.13153,38.802,0.134576,38.850358,-0.048357703,38.850358,-0.048357703
151034,0.13269,38.7841,0.122177,38.871067,-0.086966856,38.871067,-0.086966856
1334084,0.13349,38.8266,0.283718,38.885251,-0.058650635,38.885251,-0.058650635
15508,0.13353,38.8434,0.157696,38.885958,-0.042557737,38.885958,-0.042557737
14108,0.13463,39.2366,0.199357,38.905326,0.33127415,38.905326,0.33127415
15234,0.13514,39.0775,0.31333,38.914255,0.16324452,38.914255,0.16324452
000014,0.13599,38.9771,0.206627,38.929068,0.048031521,38.929068,0.048031521
17629,0.1364,38.8475,0.195569,38.936183,-0.088682676,38.936183,-0.088682676
19775,0.13687,39.0095,0.224296,38.944313,0.065186553,38.944313,0.065186553
18602,0.13696,38.9616,0.259136,38.945867,0.015732572,38.945867,0.015732572
21062,0.13729,39.3511,0.230391,38.951557,0.39954279,38.951557,0.39954279
17366,0.13811,38.8857,0.128482,38.96564,-0.079940361,38.96564,-0.079940361
15171,0.13818,38.9503,0.15974,38.966839,-0.016538962,38.966839,-0.016538962
190340,0.13824,39.0229,0.12425,38.967866,0.055034116,38.967866,0.055034116
20084,0.13834,39.0401,0.319084,38.969576,0.070523505,38.969576,0.070523505
190230,0.13864,39.0467,0.130742,38.974701,0.071998588,38.974701,0.071998588
12928,0.13868,38.9999,0.176022,38.975384,0.024516048,38.975384,0.024516048
090275,0.13959,39.0213,0.145767,38.990862,0.030437696,38.990862,0.030437696
1794,0.1407,39.1775,0.184019,39.009616,0.16788448,39.009616,0.16788448
17208,0.14084,39.2835,0.203514,39.011971,0.27152902,39.011971,0.27152902
340229,0.14108,39.0407,0.212429,39.016004,0.024696166,39.016004,0.024696166
1317666,0.1412,39.1237,0.260864,39.018018,0.10568214,39.018018,0.10568214
2635,0.14311,39.047,0.160602,39.049861,-0.0028613919,39.049861,-0.0028613919
17568,0.14335,39.5154,0.37065,39.053835,0.46156539,39.053835,0.46156539
190260,0.14344,39.1135,0.129494,39.055323,0.058177031,39.055323,0.058177031
17497,0.14388,39.0756,0.170594,39.062587,0.01301312,39.062587,0.01301312
8921,0.1441,39.016,0.24096,39.066211,-0.050211073,39.066211,-0.050211073
17605,0.14533,39.1518,0.210163,39.086379,0.065420907,39.086379,0.065420907
1296657,0.14624,39.1857,0.207408,39.101198,0.084501961,39.101198,0.084501961
440008,0.14656,39.158,0.187578,39.106389,0.051611312,39.106389,0.051611312
13796,0.14729,38.9672,0.171803,39.11819,-0.15099046,39.11819,-0.15099046
1316385,0.14741,39.0154,0.197495,39.120125,-0.10472526,39.120125,-0.10472526
180166,0.14757,39.161,0.170177,39.122703,0.038297289,39.122703,0.038297289
14024,0.14759,39.134,0.188785,39.123025,0.01097529,39.123025,0.01097529
14437,0.14792,39.0382,0.157931,39.128332,-0.090131831,39.128332,-0.090131831
1293758,0.14812,39.2285,0.184985,39.131543,0.096957094,39.131543,0.096957094
1255502,0.14819,39.0239,0.142683,39.132666,-0.10876583,39.132666,-0.10876583
13736,0.14882,39.1606,0.17494,39.14275,0.017850037,39.14275,0.017850037
2308,0.14923,39.1104,0.175216,39.149291,-0.038891327,39.149291,-0.038891327
000038,0.15036,39.1058,0.170038,39.167234,-0.061433752,39.167234,-0.061433752
460003,0.15067,39.1687,0.134119,39.172134,-0.0034340736,39.172134,-0.0034340736
2031,0.15186,39.0477,0.158769,39.190858,-0.14315827,39.190858,-0.14315827
18323,0.15272,39.3239,0.173198,39.204305,0.11959475,39.204305,0.11959475
15132,0.15304,39.2175,0.127754,39.209291,0.0082091882,39.209291,0.0082091882
18740,0.15317,39.0991,0.159928,39.211313,-0.11221343,39.211313,-0.11221343
19353,0.15325,39.2564,0.179373,39.212557,0.043842683,39.212557,0.043842683
16073,0.15339,39.3639,0.175468,39.214733,0.14916732,39.214733,0.14916732
5550,0.15493,39.2076,0.167881,39.238541,-0.030940533,39.238541,-0.030940533
16116,0.15509,39.278,0.157843,39.241001,0.036998555,39.241001,0.036998555
18030,0.15518,39.3994,0.175858,39.242385,0.15701533,39.242385,0.15701533
19940,0.15591,38.9704,0.179204,39.253577,-0.2831767,39.253577,-0.2831767
13354,0.15654,39.2087,0.210288,39.263196,-0.054496489,39.263196,-0.054496489
16206,0.15838,39.0794,0.163715,39.291088,-0.21168781,39.291088,-0.21168781
440042,0.15906,39.4267,0.283686,39.301319,0.12538065,39.301319,0.12538065
14782,0.15922,38.9503,0.143914,39.303721,-0.35342086,39.303721,-0.35342086
15425,0.15935,39.0908,0.143045,39.30567,-0.21487044,39.30567,-0.21487044
3317,0.15991,39.2286,0.167715,39.314052,-0.085451787,39.314052,-0.085451787
1299775,0.16009,39.0428,0.270648,39.31674,-0.27394,39.31674,-0.27394
2689,0.16036,39.2057,0.217053,39.320767,-0.11506707,39.320767,-0.11506707
390627,0.16045,39.4242,0.26036,39.322108,0.10209197,39.322108,0.10209197
5103,0.1606,39.2162,0.20927,39.324341,-0.1081414,39.324341,-0.1081414
120336,0.16134,39.3106,0.246322,39.335331,-0.024731128,39.335331,-0.024731128
17825,0.1622,39.3252,0.224064,39.348044,-0.022844335,39.348044,-0.022844335
19174,0.16357,39.2807,0.200998,39.368168,-0.087468136,39.368168,-0.087468136
3087,0.16431,39.2634,0.199319,39.378973,-0.11557296,39.378973,-0.11557296
19616,0.16455,39.3293,0.139452,39.382468,-0.053167537,39.382468,-0.053167537
20764,0.16478,39.3182,0.150918,39.385812,-0.06761207,39.385812,-0.06761207
20430,0.16593,39.4938,0.241887,39.40247,0.091329944,39.40247,0.091329944
12843,0.16595,39.1817,0.193496,39.402759,-0.22105881,39.402759,-0.22105881
12853,0.16817,39.2757,0.165826,39.434612,-0.15891181,39.434612,-0.15891181
350233,0.16935,39.5155,0.182871,39.451384,0.064115646,39.451384,0.064115646
17389,0.1696,39.6721,0.274897,39.454924,0.21717605,39.454924,0.21717605
12856,0.17029,39.4742,0.132684,39.464668,0.0095317965,39.464668,0.0095317965
590005,0.17137,39.5424,0.275502,39.479847,0.062553121,39.479847,0.062553121
310039,0.17156,39.4603,0.214715,39.482508,-0.022208031,39.482508,-0.022208031
19282,0.17239,39.5021,0.177409,39.494101,0.0079988575,39.494101,0.0079988575
1303279,0.17274,39.2676,0.152344,39.498974,-0.23137431,39.498974,-0.23137431
100090,0.17282,39.7263,0.252568,39.500087,0.2262131,39.500087,0.2262131
3080,0.17315,39.3871,0.131849,39.504671,-0.11757127,39.504671,-0.11757127
15897,0.17357,39.5403,0.18318,39.510494,0.029805767,39.510494,0.029805767
120143,0.1736,39.3493,0.151501,39.51091,-0.16160966,39.51091,-0.16160966
15648,0.17383,39.5986,0.318528,39.514092,0.084507609,39.514092,0.084507609
14421,0.174,39.5734,0.137128,39.516442,0.056957661,39.516442,0.056957661
16165,0.17405,39.3317,0.154309,39.517133,-0.1854331,39.517133,-0.1854331
15583,0.17427,39.5546,0.230974,39.52017,0.034429757,39.52017,0.034429757
19969,0.17428,39.4849,0.162645,39.520308,-0.035408211,39.520308,-0.035408211
5350,0.17431,39.5053,0.183971,39.520722,-0.015422071,39.520722,-0.015422071
18604,0.17483,39.7434,0.182014,39.527885,0.21551482,39.527885,0.21551482
14979,0.17654,39.5164,0.135467,39.551302,-0.034902494,39.551302,-0.034902494
17218,0.17697,39.5095,0.175623,39.557158,-0.047658019,39.557158,-0.047658019
14451,0.17729,39.4771,0.138264,39.561507,-0.08440708,39.561507,-0.08440708
17220,0.17769,39.3394,0.257355,39.566933,-0.2275332,39.566933,-0.2275332
370428,0.1778,39.6477,0.131546,39.568423,0.079276596,39.568423,0.079276596
5635,0.17839,39.9669,0.207864,39.576402,0.39049822,39.576402,0.39049822
6936,0.1789,39.641,0.157339,39.583279,0.057721311,39.583279,0.057721311
300179,0.17896,39.7672,0.201468,39.584087,0.18311346,39.584087,0.18311346
13045,0.17916,39.5355,0.229828,39.586778,-0.051277588,39.586778,-0.051277588
1347120,0.17955,39.5509,0.280575,39.592017,-0.04111714,39.592017,-0.04111714
2372,0.17959,39.5519,0.174634,39.592554,-0.040653935,39.592554,-0.040653935
1303496,0.17979,39.5962,0.208929,39.595236,0.0009637501,39.595236,0.0009637501
13254,0.1799,39.9979,0.268081,39.59671,0.40118965,39.59671,0.40118965
14284,0.18037,39.3688,0.13762,39.602999,-0.23419939,39.602999,-0.23419939
420159,0.18059,39.5035,0.133745,39.605938,-0.10243798,39.605938,-0.10243798
330023,0.18064,39.7166,0.179158,39.606605,0.10999461,39.606605,0.10999461
350548,0.18067,39.6391,0.133983,39.607006,0.032094255,39.607006,0.032094255
360112,0.18071,39.6151,0.246207,39.607539,0.0075605388,39.607539,0.0075605388
17215,0.1808,39.6213,0.207991,39.60874,0.012560076,39.60874,0.012560076
15443,0.18123,39.4868,0.134057,39.614468,-0.12766785,39.614468,-0.12766785
370595,0.18138,39.6585,0.225961,39.616463,0.042036993,39.616463,0.042036993
1339392,0.18148,39.3953,0.235174,39.617792,-0.22249226,39.617792,-0.22249226
17332,0.18203,39.5863,0.201062,39.625091,-0.038791095,39.625091,-0.038791095
1580,0.18216,39.5259,0.149858,39.626813,-0.10091329,39.626813,-0.10091329
1250017,0.18217,39.6885,0.152439,39.626946,0.061554276,39.626946,0.061554276
15453,0.18243,39.7821,0.177319,39.630387,0.15171346,39.630387,0.15171346
17391,0.18345,39.5995,0.294191,39.643841,-0.044341491,39.643841,-0.044341491
17168,0.18376,39.752,0.19743,39.647917,0.10408296,39.647917,0.10408296
1257695,0.18383,39.68,0.151568,39.648836,0.031163556,39.648836,0.031163556
20048,0.18388,39.796,0.218377,39.649493,0.14650704,39.649493,0.14650704
15421,0.18443,39.7891,0.142656,39.656704,0.13239619,39.656704,0.13239619
1296321,0.18444,39.9384,0.282465,39.656835,0.28156526,39.656835,0.28156526
8213,0.18468,39.6548,0.27682,39.659975,-0.0051749045,39.659975,-0.0051749045
15461,0.18482,39.613,0.134864,39.661805,-0.048804928,39.661805,-0.048804928
1336453,0.18492,39.7435,0.159325,39.663111,0.080388696,39.663111,0.080388696
6422,0.18501,39.6347,0.160441,39.664286,-0.029586484,39.664286,-0.029586484
16281,0.18507,39.5427,0.172189,39.66507,-0.12236964,39.66507,-0.12236964
370563,0.18538,39.7882,0.139358,39.669112,0.11908776,39.669112,0.11908776
15365,0.18651,39.7559,0.144508,39.683795,0.072104562,39.683795,0.072104562
18807,0.18714,39.7694,0.13671,39.691946,0.077454001,39.691946,0.077454001
5994,0.18801,39.7451,0.191467,39.70316,0.041940037,39.70316,0.041940037
12927,0.18892,39.4384,0.149571,39.714838,-0.27643834,39.714838,-0.27643834
16100,0.18893,39.8089,0.256269,39.714966,0.093933617,39.714966,0.093933617
18787,0.18915,40.1408,0.200523,39.717782,0.42301821,39.717782,0.42301821
18749,0.18931,39.7413,0.209197,39.719827,0.021472542,39.719827,0.021472542
1273127,0.18937,39.9359,0.228953,39.720594,0.21530583,39.720594,0.21530583
440643,0.18955,39.7624,0.238646,39.722893,0.039507029,39.722893,0.039507029
6304,0.18979,39.7286,0.224725,39.725955,0.0026450996,39.725955,0.0026450996
762,0.19009,39.8807,0.15799,39.729777,0.15092271,39.729777,0.15092271
20687,0.19026,39.6892,0.294972,39.731941,-0.042740836,39.731941,-0.042740836
2440,0.1903,39.9182,0.154841,39.73245,0.18575035,39.73245,0.18575035
16276,0.19397,39.7983,0.218857,39.778718,0.019581979,39.778718,0.019581979
2246,0.19422,39.8787,0.222002,39.78184,0.096859655,39.78184,0.096859655
20821,0.19534,40.1343,0.403955,39.795783,0.33851701,39.795783,0.33851701
14984,0.19549,39.9082,0.195934,39.797645,0.1105553,39.797645,0.1105553
15674,0.19555,39.958,0.212325,39.798389,0.15961098,39.798389,0.15961098
1253920,0.19556,39.7111,0.156617,39.798513,-0.087413051,39.798513,-0.087413051
000236,0.19602,39.7288,0.124812,39.804212,-0.07541222,39.804212,-0.07541222
15129,0.19611,39.7747,0.157962,39.805326,-0.030625831,39.805326,-0.030625831
1298893,0.19616,39.8397,0.254651,39.805944,0.033755699,39.805944,0.033755699
1334620,0.19624,39.8927,0.29342,39.806934,0.085766451,39.806934,0.085766451
13070,0.19719,39.8018,0.14158,39.818653,-0.016852519,39.818653,-0.016852519
18804,0.19726,39.6932,0.130873,39.819514,-0.12631396,39.819514,-0.12631396
1302058,0.19786,39.492,0.189171,39.826886,-0.3348862,39.826886,-0.3348862
15222,0.19801,39.7561,0.182544,39.828726,-0.072626038,39.828726,-0.072626038
1316431,0.19815,39.8879,0.174409,39.830442,0.057457939,39.830442,0.057457939
13370,0.19846,40.3246,0.238597,39.834238,0.49036215,39.834238,0.49036215
360145,0.1986,39.8881,0.211487,39.83595,0.052149716,39.83595,0.052149716
19658,0.19863,39.889,0.174502,39.836317,0.05268291,39.836317,0.05268291
18768,0.19892,40.0216,0.217638,39.83986,0.18173976,39.83986,0.18173976
500504,0.19948,39.6764,0.246154,39.846689,-0.17028874,39.846689,-0.17028874
110460,0.19956,39.8511,0.254227,39.847663,0.0034372062,39.847663,0.0034372062
560150,0.19957,39.8965,0.17155,39.847785,0.048715475,39.847785,0.048715475
19101,0.20062,39.6837,0.194976,39.860535,-0.17683515,39.860535,-0.17683515
470232,0.20068,39.9838,0.252956,39.861262,0.1225381,39.861262,0.1225381
370308,0.20074,39.7672,0.316127,39.861988,-0.094788447,39.861988,-0.094788447
590002,0.20139,39.8575,0.216953,39.869847,-0.012346567,39.869847,-0.012346567
13152,0.20216,39.6184,0.198124,39.879125,-0.26072522,39.879125,-0.26072522
19913,0.20237,39.9949,0.159703,39.88165,0.1132499,39.88165,0.1132499
6780,0.20268,39.8373,0.184965,39.885373,-0.048072908,39.885373,-0.048072908
14212,0.20308,39.9658,0.146626,39.890169,0.075631223,39.890169,0.075631223
15203,0.20314,39.8822,0.166845,39.890887,-0.0086874068,39.890887,-0.0086874068
16032,0.20318,39.9277,0.173799,39.891366,0.036333616,39.891366,0.036333616
7243,0.20323,39.9335,0.216127,39.891965,0.041535016,39.891965,0.041535016
15901,0.20368,39.9041,0.171481,39.897346,0.0067537177,39.897346,0.0067537177
18965,0.20454,39.8809,0.160012,39.9076,-0.026700131,39.9076,-0.026700131
110033,0.20471,39.8427,0.202322,39.909622,-0.066922351,39.909622,-0.066922351
17801,0.20515,40.1661,0.227714,39.914849,0.25125085,39.914849,0.25125085
15872,0.20549,39.8126,0.174944,39.918881,-0.10628098,39.918881,-0.10628098
1327978,0.20699,39.9225,0.279831,39.936595,-0.014095376,39.936595,-0.014095376
15201,0.20736,40.316,0.333666,39.940947,0.37505326,39.940947,0.37505326
1283373,0.20754,40.0725,0.148972,39.943061,0.12943897,39.943061,0.12943897
20376,0.20831,39.7299,0.272182,39.952086,-0.22218649,39.952086,-0.22218649
15467,0.20847,39.8758,0.146778,39.953958,-0.078158054,39.953958,-0.078158054
200132,0.20856,40.1034,0.239508,39.95501,0.14838977,39.95501,0.14838977
15259,0.20857,39.8639,0.197696,39.955127,-0.091227109,39.955127,-0.091227109
140152,0.20864,39.8798,0.15965,39.955945,-0.07614514,39.955945,-0.07614514
16482,0.20937,39.8413,0.262138,39.964461,-0.12316101,39.964461,-0.12316101
550154,0.21003,40.1479,0.148877,39.972137,0.17576322,39.972137,0.17576322
19149,0.21023,39.4543,0.186032,39.974458,-0.52015839,39.974458,-0.52015839
460105,0.21071,39.9632,0.223017,39.980022,-0.016821954,39.980022,-0.016821954
14157,0.21083,39.806,0.155718,39.981411,-0.17541102,39.981411,-0.17541102
18940,0.21099,39.9552,0.163264,39.983262,-0.028061981,39.983262,-0.028061981
1257366,0.21137,40.1415,0.266119,39.987653,0.15384717,39.987653,0.15384717
7847,0.2116,39.9676,0.230498,39.990307,-0.022706926,39.990307,-0.022706926
17811,0.21186,39.9136,0.194498,39.993304,-0.079704008,39.993304,-0.079704008
18927,0.21214,39.9374,0.243726,39.996528,-0.059127849,39.996528,-0.059127849
13305,0.21339,40.0218,0.16528,40.010872,0.010927615,40.010872,0.010927615
8495,0.21353,40.0084,0.19033,40.012474,-0.0040741525,40.012474,-0.0040741525
6933,0.21383,39.8874,0.197488,40.015903,-0.12850326,40.015903,-0.12850326
110567,0.21442,40.0179,0.298904,40.022634,-0.0047342711,40.022634,-0.0047342711
1249851,0.21511,39.8825,0.477887,40.030485,-0.14798454,40.030485,-0.14798454
14019,0.21513,40.4641,0.22943,40.030712,0.43338826,40.030712,0.43338826
1316,0.21566,40.2253,0.258716,40.036725,0.18857458,40.036725,0.18857458
100206,0.21653,39.8253,0.141535,40.046568,-0.22126751,40.046568,-0.22126751
17435,0.21674,40.0672,0.190384,40.048938,0.01826227,40.048938,0.01826227
7473,0.21677,40.0932,0.185301,40.049276,0.043923839,40.049276,0.043923839
20364,0.21729,40.1395,0.269611,40.055135,0.084364542,40.055135,0.084364542
13641,0.21781,39.9942,0.174837,40.060982,-0.066781867,40.060982,-0.066781867
1290816,0.21848,40.2216,0.204417,40.068496,0.15310416,40.068496,0.15310416
1304678,0.21884,40.1416,0.247596,40.072524,0.069075558,40.072524,0.069075558
9467,0.21885,40.1925,0.240729,40.072636,0.11986374,40.072636,0.11986374
1342255,0.21886,40.0296,0.130815,40.072748,-0.043148074,40.072748,-0.043148074
5533,0.21887,40.1292,0.218822,40.07286,0.056340116,40.07286,0.056340116
15433,0.21935,40.1098,0.160031,40.078221,0.031578792,40.078221,0.031578792
1302187,0.21943,40.0048,0.208962,40.079114,-0.074313712,40.079114,-0.074313712
18466,0.21967,40.0882,0.173376,40.081789,0.0064105687,40.081789,0.0064105687
14331,0.21976,40.2387,0.220195,40.082792,0.15590787,40.082792,0.15590787
000220,0.21982,40.0616,0.124319,40.08346,-0.02186039,40.08346,-0.02186039
19230,0.22005,39.9228,0.242946,40.08602,-0.16322049,40.08602,-0.16322049
7512,0.22055,40.1876,0.225274,40.091577,0.096022553,40.091577,0.096022553
15354,0.22069,40.0798,0.266821,40.093131,-0.013331318,40.093131,-0.013331318
370098,0.22141,40.0441,0.143254,40.101108,-0.057008361,40.101108,-0.057008361
480464,0.22141,40.0588,0.204756,40.101108,-0.042308361,40.101108,-0.042308361
1331123,0.22157,40.1937,0.166162,40.102878,0.090822203,40.102878,0.090822203
13025,0.22287,40.3257,0.281229,40.117211,0.20848894,40.117211,0.20848894
14846,0.22335,40.1511,0.167278,40.122484,0.028616093,40.122484,0.028616093
330083,0.22373,40.0162,0.172818,40.126651,-0.11045086,40.126651,-0.11045086
1304442,0.22451,40.1293,0.19721,40.135184,-0.0058837349,40.135184,-0.0058837349
550096,0.22451,39.9449,0.245775,40.135184,-0.19028373,40.135184,-0.19028373
1292560,0.22482,40.1126,0.160616,40.138567,-0.025967437,40.138567,-0.025967437
13727,0.22534,40.1329,0.188923,40.144234,-0.011333704,40.144234,-0.011333704
15229,0.22536,40.1856,0.197444,40.144451,0.041148603,40.144451,0.041148603
030066,0.22552,40.1491,0.174035,40.146192,0.0029076966,40.146192,0.0029076966
020096,0.22563,39.9865,0.175963,40.147389,-0.16088852,40.147389,-0.16088852
19992,0.22632,40.3912,0.201078,40.15488,0.23632016,40.15488,0.23632016
1315192,0.22714,40.097,0.228488,40.163755,-0.06675531,40.163755,-0.06675531
1315259,0.22806,40.2236,0.183395,40.173678,0.049921836,40.173678,0.049921836
180561,0.22853,40.1604,0.308241,40.178733,-0.018333256,40.178733,-0.018333256
13072,0.22917,40.2229,0.202405,40.185601,0.037298557,40.185601,0.037298557
3452,0.22967,40.1351,0.188066,40.190955,-0.055854959,40.190955,-0.055854959
21033,0.23006,40.1283,0.227444,40.195123,-0.06682327,40.195123,-0.06682327
000006,0.23044,40.3062,0.260109,40.199178,0.10702154,40.199178,0.10702154
040780,0.23066,40.0717,0.296847,40.201523,-0.12982339,40.201523,-0.12982339
19008,0.23075,40.1049,0.204707,40.202482,-0.097582092,40.202482,-0.097582092
360140,0.23083,40.2958,0.226289,40.203334,0.092466019,40.203334,0.092466019
17875,0.23111,40.3169,0.189753,40.206313,0.11058655,40.206313,0.11058655
430004,0.2315,40.201,0.226906,40.210458,-0.0094579121,40.210458,-0.0094579121
1302648,0.23171,40.0875,0.237265,40.212687,-0.12518689,40.212687,-0.12518689
1275946,0.23212,40.2045,0.159507,40.217033,-0.012533349,40.217033,-0.012533349
15369,0.23269,39.8341,0.180906,40.223064,-0.38896429,40.223064,-0.38896429
1292336,0.23356,40.1857,0.255059,40.232243,-0.046543281,40.232243,-0.046543281
350047,0.23364,40.4148,0.19637,40.233086,0.18171425,40.233086,0.18171425
12971,0.23381,40.1389,0.214099,40.234875,-0.095975112,40.234875,-0.095975112
1336687,0.23381,40.1788,0.292139,40.234875,-0.056075112,40.234875,-0.056075112
1279500,0.23471,40.2784,0.167703,40.244328,0.034071651,40.244328,0.034071651
110536,0.23475,40.1912,0.32799,40.244748,-0.053547719,40.244748,-0.053547719
1319366,0.23483,40.158,0.183242,40.245586,-0.087586263,40.245586,-0.087586263
1298281,0.23508,40.1629,0.275154,40.248205,-0.085305023,40.248205,-0.085305023
19341,0.23543,40.2336,0.214202,40.251867,-0.018266992,40.251867,-0.018266992
15287,0.2363,40.3805,0.155735,40.260948,0.11955202,40.260948,0.11955202
310574,0.23649,40.2636,0.156727,40.262927,0.00067290234,40.262927,0.00067290234
13511,0.23653,40.4674,0.193131,40.263344,0.20405643,40.263344,0.20405643
12881,0.23671,40.119,0.236651,40.265217,-0.14621688,40.265217,-0.14621688
16350,0.23684,40.2279,0.210237,40.266569,-0.038669021,40.266569,-0.038669021
1317277,0.23711,40.2245,0.203948,40.269375,-0.044875128,40.269375,-0.044875128
20768,0.23735,40.7365,0.305716,40.271867,0.46463302,40.271867,0.46463302
17884,0.23776,40.2317,0.172272,40.276119,-0.044418553,40.276119,-0.044418553
470008,0.23954,39.9059,0.208409,40.294499,-0.38859886,40.294499,-0.38859886
18486,0.23971,40.13,0.180786,40.296248,-0.16624772,40.296248,-0.16624772
510251,0.24004,40.3847,0.264226,40.299639,0.085060695,40.299639,0.085060695
580300,0.24072,40.4016,0.166736,40.306615,0.09498545,40.306615,0.09498545
510550,0.24106,40.3291,0.130654,40.310095,0.01900461,40.310095,0.01900461
17223,0.24151,40.172,0.261675,40.314695,-0.14269546,40.314695,-0.14269546
460064,0.24153,40.1214,0.184136,40.3149,-0.19349972,40.3149,-0.19349972
14481,0.24207,40.564,0.221356,40.320409,0.24359099,40.320409,0.24359099
20111,0.24267,40.4217,0.219858,40.326517,0.095182777,40.326517,0.095182777
480064,0.24271,40.5734,0.259119,40.326924,0.24647606,40.326924,0.24647606
20088,0.24316,40.2516,0.143114,40.331495,-0.079895318,40.331495,-0.079895318
13506,0.24341,40.538,0.306318,40.334032,0.20396838,40.334032,0.20396838
19023,0.24405,40.2956,0.242814,40.340514,-0.044913655,40.340514,-0.044913655
15466,0.24436,40.2064,0.221704,40.343648,-0.13724779,40.343648,-0.13724779
3377,0.24449,40.1263,0.186144,40.344961,-0.21866101,40.344961,-0.21866101
000174,0.24497,40.3336,0.209543,40.349804,-0.0162043,40.349804,-0.0162043
420407,0.24512,40.4957,0.181643,40.351316,0.14438396,40.351316,0.14438396
20039,0.24539,40.3582,0.219468,40.354035,0.0041649632,40.354035,0.0041649632
000010,0.24594,40.4318,0.167359,40.359565,0.072234753,40.359565,0.072234753
13835,0.24604,40.3473,0.149416,40.36057,-0.013269519,40.36057,-0.013269519
15219,0.24637,40.378,0.17135,40.363881,0.014119036,40.363881,0.014119036
12977,0.24643,40.2829,0.214739,40.364483,-0.081582607,40.364483,-0.081582607
05D3mq,0.24649,40.3907,0.15515,40.365084,0.025615884,40.365084,0.025615884
1334645,0.24701,40.1983,0.137434,40.370292,-0.17199157,40.370292,-0.17199157
3451,0.24835,40.203,0.17717,40.383665,-0.18066455,40.383665,-0.18066455
450082,0.24848,40.4276,0.195634,40.384958,0.0426416,40.384958,0.0426416
420087,0.24848,40.4912,0.215929,40.384958,0.1062416,40.384958,0.1062416
560152,0.24851,40.3657,0.261564,40.385257,-0.019556893,40.385257,-0.019556893
15161,0.24853,40.3256,0.178325,40.385456,-0.05985587,40.385456,-0.05985587
19990,0.24883,40.427,0.180619,40.388439,0.038561238,40.388439,0.038561238
120585,0.24899,40.3167,0.167358,40.390028,-0.073328289,40.390028,-0.073328289
3199,0.24961,40.6733,0.220606,40.396179,0.27712114,40.396179,0.27712114
16106,0.24973,40.2961,0.206796,40.397368,-0.10126768,40.397368,-0.10126768
15868,0.24974,40.3915,0.163714,40.397467,-0.0059667211,40.397467,-0.0059667211
520077,0.25004,40.5965,0.224495,40.400436,0.19606364,40.400436,0.19606364
390449,0.25008,40.3764,0.218218,40.400832,-0.024432059,40.400832,-0.024432059
13689,0.2503,40.4145,0.179616,40.403007,0.011492606,40.403007,0.011492606
5717,0.25037,40.5692,0.188725,40.403699,0.16550082,40.403699,0.16550082
500004,0.25052,40.3009,0.188277,40.405181,-0.10428098,40.405181,-0.10428098
16213,0.25077,40.3873,0.202604,40.407649,-0.020348829,40.407649,-0.020348829
17552,0.25191,40.4698,0.207347,40.418874,0.050926303,40.418874,0.050926303
310161,0.25247,40.4622,0.166497,40.424371,0.037829395,40.424371,0.037829395
9032,0.25249,40.4066,0.259149,40.424567,-0.017966716,40.424567,-0.017966716
000034,0.25319,40.3688,0.15705,40.431422,-0.062621642,40.431422,-0.062621642
17464,0.25345,40.0303,0.262822,40.433963,-0.40366333,40.433963,-0.40366333
5736,0.25394,40.4546,0.167762,40.438747,0.015853065,40.438747,0.015853065
1336480,0.25605,40.6458,0.194176,40.459249,0.18655054,40.459249,0.18655054
1112,0.25609,40.5593,0.271675,40.459637,0.09966337,40.459637,0.09966337
17340,0.25625,40.3729,0.207312,40.461185,-0.088284772,40.461185,-0.088284772
9457,0.25672,40.5023,0.251739,40.465727,0.036572684,40.465727,0.036572684
19207,0.25721,40.5776,0.249962,40.470455,0.10714496,40.470455,0.10714496
18325,0.25723,40.4941,0.193606,40.470648,0.023452163,40.470648,0.023452163
8046,0.2576,40.6088,0.22531,40.474212,0.13458797,40.474212,0.13458797
6108,0.258,40.528,0.231214,40.47806,0.049940072,40.47806,0.049940072
550041,0.25847,40.4663,0.209281,40.482574,-0.016274225,40.482574,-0.016274225
1297026,0.25855,40.51,0.149785,40.483342,0.026658134,40.483342,0.026658134
1289664,0.25908,40.2879,0.178603,40.488422,-0.20052199,40.488422,-0.20052199
1303883,0.25911,40.5418,0.163699,40.488709,0.053090741,40.488709,0.053090741
1335694,0.25912,40.4255,0.162943,40.488805,-0.063305008,40.488805,-0.063305008
12972,0.25935,40.5238,0.233841,40.491006,0.032793687,40.491006,0.032793687
1330426,0.25954,40.442,0.169977,40.492823,-0.050823432,40.492823,-0.050823432
020176,0.26051,40.5033,0.171288,40.502081,0.0012186692,40.502081,0.0012186692
370498,0.26086,40.6128,0.185932,40.505414,0.10738595,40.505414,0.10738595
15440,0.2613,40.447,0.207526,40.509598,-0.062597936,40.509598,-0.062597936
1337649,0.26151,40.4182,0.225542,40.511593,-0.093392514,40.511593,-0.093392514
2017,0.26162,40.6874,0.258941,40.512637,0.17476329,40.512637,0.17476329
19702,0.26162,40.681,0.233293,40.512637,0.16836329,40.512637,0.16836329
1253,0.26166,40.392,0.226027,40.513016,-0.12101631,40.513016,-0.12101631
13655,0.26173,40.6935,0.249126,40.51368,0.1798195,40.51368,0.1798195
18945,0.26187,40.7216,0.216893,40.515008,0.20659162,40.515008,0.20659162
13956,0.2629,41.2641,0.514634,40.524758,0.7393422,40.524758,0.7393422
520019,0.26309,40.6388,0.170092,40.526552,0.11224759,40.526552,0.11224759
04D3ez,0.26348,40.3997,0.177345,40.530232,-0.13053236,40.530232,-0.13053236
350235,0.26384,40.5588,0.167704,40.533625,0.025175196,40.533625,0.025175196
330022,0.26386,40.3035,0.205843,40.533813,-0.23031315,40.533813,-0.23031315
12983,0.26395,40.6342,0.381046,40.534661,0.099539462,40.534661,0.099539462
2943,0.26405,40.5074,0.238455,40.535602,-0.028201771,40.535602,-0.028201771
13099,0.26451,40.6719,0.256474,40.539927,0.13197276,40.539927,0.13197276
110478,0.26462,40.5153,0.197965,40.540961,-0.025660564,40.540961,-0.025660564
2422,0.2657,40.6087,0.219728,40.551085,0.057614899,40.551085,0.057614899
6315,0.26576,40.3244,0.206109,40.551646,-0.22724647,40.551646,-0.22724647
1334087,0.26629,40.2901,0.264978,40.5566,-0.26650017,40.5566,-0.26650017
18463,0.26687,40.5463,0.204902,40.562011,-0.01571085,40.562011,-0.01571085
1309288,0.26794,40.5103,0.202065,40.571964,-0.061664388,40.571964,-0.061664388
520023,0.26804,40.4623,0.232043,40.572893,-0.11059276,40.572893,-0.11059276
06D3fp,0.26848,40.4553,0.240404,40.576974,-0.12167384,40.576974,-0.12167384
530037,0.2685,40.579,0.191142,40.577159,0.0018408052,40.577159,0.0018408052
14298,0.26879,40.6039,0.217156,40.579845,0.024054541,40.579845,0.024054541
510638,0.27006,40.6363,0.197002,40.591578,0.044721768,40.591578,0.044721768
19002,0.2701,40.5089,0.164866,40.591947,-0.083046945,40.591947,-0.083046945
310051,0.27045,40.5139,0.20931,40.595171,-0.081271056,40.595171,-0.081271056
160039,0.27085,40.4887,0.166124,40.598851,-0.11015107,40.598851,-0.11015107
380378,0.27129,40.5677,0.123404,40.602893,-0.035193341,40.602893,-0.035193341
1292332,0.27265,40.5415,0.173203,40.61535,-0.073849729,40.61535,-0.073849729
15356,0.2734,40.4721,0.208686,40.622195,-0.15009471,40.622195,-0.15009471
420258,0.27444,40.7399,0.293068,40.631658,0.10824201,40.631658,0.10824201
150254,0.27508,40.5286,0.241865,40.637465,-0.10886521,40.637465,-0.10886521
100213,0.27511,40.7769,0.239421,40.637737,0.13916288,40.637737,0.13916288
20227,0.27574,40.6631,0.213576,40.643441,0.019659043,40.643441,0.019659043
19051,0.27619,40.6749,0.180061,40.647508,0.027392186,40.647508,0.027392186
4000,0.27656,40.8504,0.272235,40.650847,0.19955287,40.650847,0.19955287
4046,0.27764,40.6186,0.24474,40.660571,-0.041970934,40.660571,-0.041970934
1297465,0.27784,40.9187,0.17803,40.662368,0.25633217,40.662368,0.25633217
5957,0.27924,40.7037,0.164335,40.674913,0.028786973,40.674913,0.028786973
6196,0.2798,40.5056,0.19932,40.679915,-0.17431497,40.679915,-0.17431497
040201,0.27987,40.5664,0.153331,40.68054,-0.11413956,40.68054,-0.11413956
520188,0.28049,40.6663,0.153096,40.686065,-0.019765466,40.686065,-0.019765466
18485,0.28122,40.6224,0.174763,40.692557,-0.070157436,40.692557,-0.070157436
1317286,0.28198,40.5986,0.166629,40.6993,-0.10069981,40.6993,-0.10069981
06D3dt,0.28256,40.744,0.297355,40.704434,0.039565898,40.704434,0.039565898
15584,0.28333,40.6596,0.184378,40.711235,-0.051635417,40.711235,-0.051635417
310238,0.28395,40.5735,0.154134,40.716699,-0.1431995,40.716699,-0.1431995
16072,0.28434,40.6919,0.20709,40.720131,-0.028230981,40.720131,-0.028230981
14261,0.28436,40.5431,0.186562,40.720307,-0.17720684,40.720307,-0.17720684
17791,0.28468,41.1135,0.351325,40.723119,0.39038099,40.723119,0.39038099
440050,0.28547,40.7046,0.185989,40.730049,-0.025449179,40.730049,-0.025449179
350080,0.28577,40.671,0.173206,40.732676,-0.061676283,40.732676,-0.061676283
20040,0.28655,40.6389,0.217509,40.739495,-0.10059494,40.739495,-0.10059494
20245,0.28723,40.5691,0.250397,40.745426,-0.17632555,40.745426,-0.17632555
17809,0.28746,40.5379,0.238886,40.747429,-0.20952858,40.747429,-0.20952858
19128,0.28763,40.8753,0.227224,40.748908,0.12639187,40.748908,0.12639187
1334644,0.28806,40.7075,0.188011,40.752647,-0.045146961,40.752647,-0.045146961
1313594,0.28835,40.749,0.137848,40.755166,-0.0061656097,40.755166,-0.0061656097
091869,0.28843,40.7458,0.165419,40.75586,-0.010060001,40.75586,-0.010060001
2165,0.28882,40.9433,0.226038,40.759243,0.18405737,40.759243,0.18405737
2789,0.2889,40.7428,0.228497,40.759936,-0.017135987,40.759936,-0.017135987
1334597,0.28896,40.6763,0.168052,40.760456,-0.084155888,40.760456,-0.084155888
1310395,0.28899,40.702,0.277224,40.760716,-0.058715801,40.760716,-0.058715801
350180,0.28952,40.9765,0.256114,40.765304,0.21119647,40.765304,0.21119647
570056,0.28998,40.7298,0.234493,40.769279,-0.039479101,40.769279,-0.039479101
1289288,0.29001,40.7393,0.271437,40.769538,-0.030238176,40.769538,-0.030238176
19596,0.29036,40.7861,0.23085,40.772559,0.013541091,40.772559,0.013541091
19027,0.29114,40.484,0.219145,40.779279,-0.29527884,40.779279,-0.29527884
1263715,0.29186,40.7653,0.172199,40.785467,-0.020167221,40.785467,-0.020167221
1291090,0.29199,40.7606,0.177707,40.786583,-0.025983076,40.786583,-0.025983076
390264,0.29208,40.4229,0.292471,40.787355,-0.36445532,40.787355,-0.36445532
12841,0.29208,40.7505,0.483728,40.787355,-0.036855325,40.787355,-0.036855325
21006,0.29241,40.6378,0.228825,40.790185,-0.15238504,40.790185,-0.15238504
420414,0.29246,40.6952,0.224836,40.790614,-0.095413527,40.790614,-0.095413527
150509,0.2928,40.7458,0.174302,40.793525,-0.047725473,40.793525,-0.047725473
130755,0.29291,40.8268,0.203556,40.794467,0.03233309,40.794467,0.03233309
6249,0.29354,40.857,0.204834,40.799853,0.05714746,40.799853,0.05714746
1303004,0.29496,40.762,0.173778,40.811953,-0.049952835,40.811953,-0.049952835
19794,0.29568,41.0209,0.307913,40.818068,0.20283219,40.818068,0.20283219
580270,0.29576,40.9989,0.165779,40.818746,0.18015359,40.818746,0.18015359
1119,0.29639,40.9938,0.366054,40.824085,0.16971549,40.824085,0.16971549
13610,0.29683,40.6595,0.202621,40.827807,-0.16830654,40.827807,-0.16830654
1293319,0.29687,40.7505,0.210501,40.828145,-0.077644651,40.828145,-0.077644651
420196,0.29842,41.2705,0.232731,40.841215,0.42928542,40.841215,0.42928542
570025,0.29845,40.6539,0.272883,40.841467,-0.18756693,40.841467,-0.18756693
6137,0.29888,40.9195,0.25505,40.845081,0.074418578,40.845081,0.074418578
10550,0.29923,41.0113,0.341681,40.84802,0.16328007,40.84802,0.16328007
14735,0.29936,40.7335,0.186464,40.849111,-0.11561058,40.849111,-0.11561058
120444,0.29947,41.0213,0.195981,40.850033,0.17126691,40.850033,0.17126691
170428,0.30007,40.9837,0.198158,40.85506,0.12864047,40.85506,0.12864047
5391,0.30022,40.8795,0.247188,40.856315,0.023185299,40.856315,0.023185299
350078,0.30078,41.1729,0.294726,40.860996,0.3119044,40.860996,0.3119044
570022,0.30141,41.1086,0.206046,40.866252,0.24234794,40.866252,0.24234794
350192,0.3015,40.8585,0.191702,40.867002,-0.0085021663,40.867002,-0.0085021663
460037,0.30254,40.8894,0.22475,40.875655,0.013744846,40.875655,0.013744846
1339002,0.30296,40.8204,0.274703,40.879142,-0.058741904,40.879142,-0.058741904
150457,0.30339,40.9204,0.142521,40.882707,0.037692915,40.882707,0.037692915
7143,0.30354,41.0778,0.197526,40.88395,0.19385034,40.88395,0.19385034
19818,0.30395,40.7052,0.182517,40.887343,-0.18214317,40.887343,-0.18214317
1287626,0.30396,40.719,0.22209,40.887426,-0.16842589,40.887426,-0.16842589
1259412,0.30477,40.9018,0.140115,40.894118,0.007682371,40.894118,0.007682371
1335717,0.30478,41.0411,0.242802,40.8942,0.14689986,40.8942,0.14689986
12883,0.30519,40.5924,0.306711,40.897581,-0.305181,40.897581,-0.305181
350630,0.30525,40.9054,0.133839,40.898075,0.0073245845,40.898075,0.0073245845
440005,0.30551,41.0041,0.226225,40.900217,0.10388316,40.900217,0.10388316
350027,0.30568,40.9451,0.165493,40.901616,0.043483908,40.901616,0.043483908
560087,0.30641,40.8959,0.201565,40.907617,-0.011716567,40.907617,-0.011716567
340334,0.30668,41.16,0.239095,40.909833,0.2501674,40.909833,0.2501674
1281668,0.30697,40.9573,0.150058,40.912211,0.045089204,40.912211,0.045089204
520062,0.30805,41.2018,0.139651,40.921049,0.28075056,40.921049,0.28075056
5966,0.30822,40.9533,0.254065,40.922438,0.030861876,40.922438,0.030861876
1319821,0.30881,40.9954,0.152417,40.927252,0.068147777,40.927252,0.068147777
6699,0.30915,41.046,0.250639,40.930023,0.11597738,40.930023,0.11597738
5844,0.3093,40.9757,0.270379,40.931244,0.044456032,40.931244,0.044456032
16211,0.30939,41.0177,0.300429,40.931977,0.085723484,40.931977,0.085723484
21042,0.30955,40.72,0.257177,40.933278,-0.21327834,40.933278,-0.21327834
1300516,0.31043,40.6197,0.336421,40.940427,-0.32072737,40.940427,-0.32072737
15213,0.31053,40.9962,0.221391,40.941239,0.054961416,40.941239,0.054961416
500100,0.31077,41.046,0.182638,40.943185,0.10281548,40.943185,0.10281548
000420,0.31152,41.0123,0.141744,40.949257,0.063043291,40.949257,0.063043291
1338128,0.31185,41.0377,0.210925,40.951924,0.085775772,40.951924,0.085775772
1337838,0.31195,40.9503,0.160446,40.952732,-0.0024320559,40.952732,-0.0024320559
1263369,0.31252,40.9565,0.149709,40.957332,-0.00083214847,40.957332,-0.00083214847
1294743,0.31258,41.0352,0.279475,40.957816,0.077384079,40.957816,0.077384079
20142,0.31259,40.6239,0.2062,40.957897,-0.33399654,40.957897,-0.33399654
1283878,0.31287,41.0195,0.203499,40.960153,0.059347043,40.960153,0.059347043
1341894,0.31294,41.0061,0.176794,40.960717,0.045383228,40.960717,0.045383228
19632,0.31377,41.0228,0.214434,40.967393,0.055406795,40.967393,0.055406795
530112,0.31444,41.1251,0.155711,40.972771,0.15232918,40.972771,0.15232918
15383,0.31495,41.0194,0.227804,40.976857,0.042542813,40.976857,0.042542813
6649,0.31509,40.8837,0.219964,40.977978,-0.094277875,40.977978,-0.094277875
110716,0.31577,41.2033,0.233304,40.983415,0.21988527,40.983415,0.21988527
15776,0.31582,40.933,0.227638,40.983814,-0.050814075,40.983814,-0.050814075
6100,0.31613,41.1979,0.274091,40.986289,0.21161128,40.986289,0.21161128
100163,0.31773,41.0738,0.195921,40.999026,0.074774172,40.999026,0.074774172
1345553,0.31795,41.0772,0.167213,41.000773,0.07642742,41.000773,0.07642742
080646,0.31813,41.0199,0.153489,41.002201,0.017699083,41.002201,0.017699083
550059,0.31839,41.3345,0.327925,41.004263,0.33023724,41.004263,0.33023724
440509,0.31892,40.8941,0.203876,41.008461,-0.11436098,41.008461,-0.11436098
310188,0.31893,41.141,0.177674,41.00854,0.13245987,41.00854,0.13245987
170078,0.32089,41.2315,0.207296,41.02401,0.20749019,41.02401,0.20749019
330128,0.32095,40.9546,0.156373,41.024482,-0.069882001,41.024482,-0.069882001
1266657,0.32108,41.1921,0.293444,41.025505,0.16659519,41.025505,0.16659519
1261579,0.32214,40.8774,0.138773,41.03383,-0.1564305,41.03383,-0.1564305
580104,0.32214,40.8628,0.158186,41.03383,-0.1710305,41.03383,-0.1710305
120085,0.32214,40.7271,0.199265,41.03383,-0.3067305,41.03383,-0.3067305
7475,0.32265,40.9316,0.211904,41.037827,-0.1062273,41.037827,-0.1062273
05D2ab,0.32454,41.0699,0.126468,41.052589,0.017311322,41.052589,0.017311322
050291,0.32535,41.2273,0.193265,41.058891,0.16840913,41.058891,0.16840913
500301,0.3255,41.2625,0.255286,41.060056,0.20244364,41.060056,0.20244364
18617,0.3257,41.1639,0.271274,41.06161,0.10229042,41.06161,0.10229042
1305626,0.32573,41.0478,0.141716,41.061842,-0.014042492,41.061842,-0.014042492
1308326,0.32622,41.0504,0.157201,41.065644,-0.015243879,41.065644,-0.015243879
14456,0.32794,41.0002,0.171833,41.078946,-0.078746208,41.078946,-0.078746208
050303,0.32829,41.3079,0.308428,41.081645,0.22625476,41.081645,0.22625476
530219,0.32838,41.351,0.278699,41.082339,0.26866115,41.082339,0.26866115
430003,0.32843,40.934,0.295651,41.082724,-0.14872412,41.082724,-0.14872412
1306073,0.32859,41.1,0.144172,41.083957,0.016043399,41.083957,0.016043399
6924,0.3286,40.9276,0.222195,41.084034,-0.15643361,41.084034,-0.15643361
1337687,0.3287,41.0716,0.150485,41.084804,-0.013203614,41.084804,-0.013203614
1316465,0.3291,41.0566,0.165152,41.087881,-0.031281473,41.087881,-0.031281473
13934,0.32931,41.4109,0.310571,41.089496,0.32140402,41.089496,0.32140402
540163,0.32943,41.2391,0.162498,41.090418,0.14868187,41.090418,0.14868187
1301933,0.3296,41.1031,0.114803,41.091724,0.011376024,41.091724,0.011376024
13830,0.32985,40.8444,0.209813,41.093643,-0.24924322,41.093643,-0.24924322
1338675,0.33048,41.1674,0.214426,41.098474,0.068926182,41.098474,0.068926182
4241,0.33052,41.1689,0.23109,41.09878,0.070119763,41.09878,0.070119763
120369,0.33055,41.2306,0.131607,41.09901,0.13158997,41.09901,0.13158997
370394,0.3308,40.996,0.212048,41.100924,-0.10492422,41.100924,-0.10492422
480184,0.3308,41.1586,0.239453,41.100924,0.05767578,41.100924,0.05767578
03D1fc,0.33094,41.0098,0.137116,41.101996,-0.092195587,41.101996,-0.092195587
20106,0.33137,41.2335,0.285481,41.105284,0.12821638,41.105284,0.12821638
580235,0.33154,41.0301,0.218692,41.106582,-0.07648246,41.106582,-0.07648246
370344,0.33155,41.1012,0.166036,41.106659,-0.0054588432,41.106659,-0.0054588432
470041,0.33179,41.0149,0.143999,41.108491,-0.09359141,41.108491,-0.09359141
1306141,0.3324,40.977,0.159233,41.113144,-0.13614372,41.113144,-0.13614372
130862,0.3329,41.3299,0.201675,41.116951,0.21294875,41.116951,0.21294875
1346956,0.33353,41.0366,0.176123,41.121741,-0.085141283,41.121741,-0.085141283
1309492,0.33353,41.0025,0.141896,41.121741,-0.11924128,41.121741,-0.11924128
16093,0.33439,41.1204,0.23572,41.128267,-0.0078666783,41.128267,-0.0078666783
500511,0.3349,41.0251,0.171864,41.132129,-0.10702912,41.132129,-0.10702912
1346966,0.33513,41.0242,0.177927,41.133869,-0.10966925,41.133869,-0.10966925
1314897,0.33663,41.0367,0.18424,41.145191,-0.10849108,41.145191,-0.10849108
040782,0.33739,41.0098,0.23724,41.15091,-0.14110982,41.15091,-0.14110982
470015,0.33752,41.1678,0.278653,41.151887,0.015913158,41.151887,0.015913158
04D3kr,0.33753,41.1477,0.176101,41.151962,-0.0042619834,41.151962,-0.0042619834
1300912,0.3378,41.1537,0.233862,41.15399,-0.00029002673,41.15399,-0.00029002673
380318,0.33825,41.145,0.211242,41.157367,-0.012366797,41.157367,-0.012366797
580276,0.33851,41.1131,0.200412,41.159316,-0.046215942,41.159316,-0.046215942
1343337,0.339,41.0555,0.356511,41.162986,-0.1074856,41.162986,-0.1074856
04D3nh,0.34051,41.1737,0.192422,41.174264,-0.00056362303,41.174264,-0.00056362303
320258,0.3409,41.0587,0.1943,41.177169,-0.11846903,41.177169,-0.11846903
2533,0.34101,41.0641,0.255103,41.177988,-0.11388796,41.177988,-0.11388796
1336009,0.34176,41.2122,0.321008,41.183565,0.028634922,41.183565,0.028634922
1346387,0.34448,41.3081,0.152468,41.203698,0.10440233,41.203698,0.10440233
350606,0.3445,41.2914,0.299203,41.203845,0.087554834,41.203845,0.087554834
1329312,0.34479,41.2333,0.171671,41.205983,0.02731707,41.205983,0.02731707
470110,0.34547,41.2033,0.23021,41.210989,-0.0076891578,41.210989,-0.0076891578
03D1bp,0.34594,41.3318,0.136683,41.214444,0.11735594,41.214444,0.11735594
310090,0.34686,41.4163,0.370346,41.221194,0.19510559,41.221194,0.19510559
050301,0.34704,41.1174,0.244272,41.222513,-0.10511321,41.222513,-0.10511321
330089,0.34872,41.3721,0.218415,41.234792,0.13730819,41.234792,0.13730819
160198,0.34899,41.2499,0.158604,41.23676,0.013139908,41.23676,0.013139908
1258906,0.34918,41.282,0.206036,41.238144,0.043855658,41.238144,0.043855658
070955,0.3492,41.1406,0.157954,41.23829,-0.097690012,41.23829,-0.097690012
380279,0.34946,41.2033,0.168604,41.240183,-0.03688303,41.240183,-0.03688303
440185,0.34952,41.1526,0.205831,41.24062,-0.088019697,41.24062,-0.088019697
05D2ie,0.34956,41.3756,0.171432,41.240911,0.13468923,41.240911,0.13468923
20186,0.34957,41.4873,0.287684,41.240984,0.24631647,41.240984,0.24631647
04D2mc,0.34957,41.005,0.226318,41.240984,-0.23598353,41.240984,-0.23598353
1248677,0.35017,41.1867,0.147015,41.245346,-0.058645848,41.245346,-0.058645848
000196,0.35066,41.2342,0.163121,41.248903,-0.01470332,41.248903,-0.01470332
050296,0.35087,41.2532,0.161378,41.250427,0.0027734453,41.250427,0.0027734453
120400,0.35156,41.3343,0.138963,41.255426,0.078874416,41.255426,0.078874416
05D2hc,0.35157,41.4798,0.209505,41.255498,0.22430203,41.255498,0.22430203
160197,0.35361,41.3657,0.191944,41.270225,0.095475169,41.270225,0.095475169
05D2mp,0.35527,41.4647,0.223042,41.282151,0.18254898,41.282151,0.18254898
1688,0.35767,41.3574,0.291964,41.299304,0.058096418,41.299304,0.058096418
1334423,0.35791,41.3539,0.215252,41.301013,0.052886978,41.301013,0.052886978
04D3fk,0.35833,41.2423,0.215992,41.304002,-0.061702012,41.304002,-0.061702012
04D2fs,0.35858,41.1484,0.288995,41.30578,-0.15737965,41.30578,-0.15737965
160070,0.35897,41.4429,0.171109,41.30855,0.13434952,41.30855,0.13434952
1280217,0.35901,41.1532,0.305677,41.308835,-0.15563452,41.308835,-0.15563452
1307830,0.35949,41.4213,0.15447,41.312241,0.10905936,41.312241,0.10905936
050293,0.36005,41.187,0.191161,41.316209,-0.12920917,41.316209,-0.12920917
160126,0.36023,41.0791,0.230289,41.317484,-0.23838357,41.317484,-0.23838357
470244,0.36081,41.4328,0.197529,41.321586,0.11121401,41.321586,0.11121401
420417,0.36138,41.1159,0.288022,41.325612,-0.20971178,41.325612,-0.20971178
1294014,0.36272,41.2452,0.209997,41.335053,-0.089853003,41.335053,-0.089853003
1346137,0.36326,41.364,0.215101,41.338849,0.025151377,41.338849,0.025151377
560121,0.36491,41.4626,0.291566,41.350414,0.11218567,41.350414,0.11218567
100358,0.36613,41.136,0.226225,41.358935,-0.2229351,41.358935,-0.2229351
190209,0.36648,41.2327,0.155657,41.361375,-0.12867477,41.361375,-0.12867477
1308582,0.36705,41.2088,0.151911,41.365343,-0.15654337,41.365343,-0.15654337
350083,0.3678,41.2627,0.165575,41.370557,-0.1078566,41.370557,-0.1078566
04D1hd,0.36791,41.4699,0.158375,41.37132,0.098579618,41.37132,0.098579618
1343533,0.36844,41.5479,0.336428,41.374998,0.1729025,41.374998,0.1729025
1283936,0.36862,41.463,0.345551,41.376245,0.086754772,41.376245,0.086754772
15704,0.36952,41.4498,0.244353,41.382475,0.067324518,41.382475,0.067324518
18091,0.36977,41.2185,0.255045,41.384204,-0.16570363,41.384204,-0.16570363
510578,0.37012,41.3794,0.188778,41.386621,-0.0072212446,41.386621,-0.0072212446
13136,0.37046,41.6395,0.256631,41.388968,0.25053223,41.388968,0.25053223
05D4bm,0.37051,41.3833,0.160025,41.389313,-0.0060126809,41.389313,-0.0060126809
05D3jr,0.37053,41.273,0.282407,41.389451,-0.11645063,41.389451,-0.11645063
390471,0.37053,41.0698,0.135854,41.389451,-0.31965063,41.389451,-0.31965063
04D2cf,0.37059,41.3759,0.163241,41.389864,-0.013964449,41.389864,-0.013964449
320469,0.37087,41.4098,0.39052,41.391795,0.018005225,41.391795,0.018005225
1291957,0.37143,41.334,0.168104,41.395651,-0.061651413,41.395651,-0.061651413
05D4fo,0.3715,41.4289,0.165418,41.396133,0.032766883,41.396133,0.032766883
000199,0.3716,41.3842,0.116639,41.396821,-0.012621121,41.396821,-0.012621121
05D4cw,0.37351,41.3114,0.133039,41.409929,-0.098529451,41.409929,-0.098529451
16232,0.37426,41.4722,0.234786,41.41506,0.057140135,41.41506,0.057140135
1299643,0.37678,41.4155,0.15471,41.432229,-0.016729127,41.432229,-0.016729127
1282736,0.37798,41.3598,0.223183,41.440368,-0.080567904,41.440368,-0.080567904
590031,0.37859,41.4271,0.182401,41.444496,-0.017396015,41.444496,-0.017396015
7779,0.37986,41.2959,0.219919,41.453071,-0.15717103,41.453071,-0.15717103
320099,0.37989,41.4154,0.163795,41.453273,-0.037873269,41.453273,-0.037873269
500057,0.38052,41.4614,0.188044,41.457517,0.0038830664,41.457517,0.0038830664
110425,0.38083,41.4511,0.201434,41.459603,-0.0085027154,41.459603,-0.0085027154
1299785,0.38131,41.4549,0.20413,41.462829,-0.0079292356,41.462829,-0.0079292356
000011,0.3816,41.6775,0.218983,41.464777,0.21272322,41.464777,0.21272322
040150,0.38174,41.5615,0.198898,41.465716,0.095783509,41.465716,0.095783509
580275,0.3825,41.3726,0.265174,41.470812,-0.098212242,41.470812,-0.098212242
1343401,0.38284,41.3678,0.206585,41.473089,-0.10528891,41.473089,-0.10528891
1281886,0.38394,41.5182,0.20184,41.480442,0.037758128,41.480442,0.037758128
360139,0.38594,41.5217,0.152114,41.493761,0.02793859,41.493761,0.02793859
1338170,0.38677,41.3791,0.270807,41.49927,-0.12017039,41.49927,-0.12017039
550218,0.38735,41.5567,0.273474,41.503114,0.053586411,41.503114,0.053586411
050251,0.38772,41.6302,0.283892,41.505563,0.12463748,41.505563,0.12463748
420352,0.38886,41.383,0.199578,41.513094,-0.13009439,41.513094,-0.13009439
1290779,0.38951,41.544,0.192176,41.51738,0.026620215,41.51738,0.026620215
120086,0.39262,41.4742,0.237288,41.537793,-0.063593165,41.537793,-0.063593165
1291794,0.39512,41.4677,0.203648,41.554095,-0.086395056,41.554095,-0.086395056
1296273,0.39698,41.259,0.168535,41.566162,-0.3071622,41.566162,-0.3071622
1333438,0.39946,41.7119,0.28782,41.582171,0.12972897,41.582171,0.12972897
05D4ff,0.40048,41.4918,0.158339,41.588729,-0.09692877,41.588729,-0.09692877
110734,0.40212,41.4795,0.199524,41.59924,-0.11974042,41.59924,-0.11974042
580312,0.40286,41.5478,0.290402,41.603971,-0.056170562,41.603971,-0.056170562
1329615,0.40361,41.616,0.213828,41.608756,0.0072435306,41.608756,0.0072435306
06D3ed,0.40454,41.6747,0.166047,41.61468,0.060020365,41.61468,0.060020365
350050,0.40472,41.3373,0.202033,41.615825,-0.27852461,41.615825,-0.27852461
05D4dt,0.40547,41.7807,0.135518,41.62059,0.16010973,41.62059,0.16010973
1308314,0.40648,41.6914,0.168815,41.626995,0.064404772,41.626995,0.064404772
1341370,0.409,41.7002,0.240024,41.642912,0.057287784,41.642912,0.057287784
1306390,0.40911,41.7405,0.363654,41.643605,0.096895055,41.643605,0.096895055
450339,0.40927,41.7061,0.274957,41.644612,0.061487754,41.644612,0.061487754
06D4cq,0.40947,41.6784,0.172193,41.645871,0.032529139,41.645871,0.032529139
020090,0.40995,41.6836,0.279968,41.648889,0.034710772,41.648889,0.034710772
1307277,0.41114,41.662,0.318089,41.656358,0.0056417556,41.656358,0.0056417556
530251,0.41131,41.8335,0.242677,41.657424,0.17607638,41.657424,0.17607638
520071,0.41152,41.8131,0.149106,41.658739,0.15436089,41.658739,0.15436089
1315296,0.41258,41.7893,0.330128,41.66537,0.12393021,41.66537,0.12393021
04D2fp,0.41664,41.7295,0.149208,41.690622,0.038877843,41.690622,0.038877843
05D2dw,0.41864,41.6174,0.202099,41.702978,-0.085578465,41.702978,-0.085578465
440162,0.41927,41.6863,0.192599,41.706859,-0.020559432,41.706859,-0.020559432
550137,0.41931,41.4604,0.22264,41.707106,-0.24670566,41.707106,-0.24670566
05D3cf,0.41956,41.7981,0.235757,41.708644,0.089455899,41.708644,0.089455899
1289600,0.41962,41.8662,0.224621,41.709013,0.1571868,41.709013,0.1571868
1340454,0.41997,41.4394,0.294415,41.711165,-0.27176532,41.711165,-0.27176532
550202,0.42027,41.8343,0.344188,41.713009,0.12129133,41.713009,0.12129133
110430,0.42085,41.728,0.250117,41.716569,0.011430953,41.716569,0.011430953
1306626,0.4209,41.6178,0.17643,41.716876,-0.099075764,41.716876,-0.099075764
1306991,0.42199,41.5336,0.270821,41.723554,-0.18995386,41.723554,-0.18995386
1345594,0.42242,41.6796,0.275449,41.726184,-0.046583969,41.726184,-0.046583969
04D4gg,0.42245,41.6483,0.231707,41.726367,-0.078067372,41.726367,-0.078067372
160200,0.42349,41.8403,0.400817,41.732718,0.10758205,41.732718,0.10758205
490037,0.42355,41.5955,0.186465,41.733084,-0.13758389,41.733084,-0.13758389
1302523,0.42392,41.7264,0.13417,41.735339,-0.0089394619,41.735339,-0.0089394619
1312274,0.42451,41.7483,0.195831,41.738932,0.0093675635,41.738932,0.0093675635
1295027,0.42562,41.7039,0.195468,41.74568,-0.041779632,41.74568,-0.041779632
1258940,0.42594,41.7517,0.175449,41.747622,0.0040782444,41.747622,0.0040782444
050003,0.42689,41.813,0.229539,41.75338,0.059620486,41.75338,0.059620486
110542,0.42694,41.8348,0.198324,41.753682,0.081117774,41.753682,0.081117774
110719,0.42784,42.2757,0.23861,41.759125,0.51657454,41.759125,0.51657454
05D2cb,0.42865,41.8825,0.403543,41.764015,0.11848465,41.764015,0.11848465
440236,0.42888,41.6443,0.193398,41.765402,-0.12110228,41.765402,-0.12110228
1306029,0.42895,41.8266,0.250757,41.765824,0.060775748,41.765824,0.060775748
100101,0.42967,41.9219,0.19807,41.770161,0.15173913,41.770161,0.15173913
080723,0.43013,41.8354,0.165783,41.772928,0.062472029,41.772928,0.062472029
04D1rh,0.43487,41.7828,0.183674,41.801283,-0.018483171,41.801283,-0.018483171
06D4co,0.43544,41.5839,0.13365,41.804674,-0.22077373,41.804674,-0.22077373
000142,0.43673,42.0051,0.1818,41.812332,0.192768,41.812332,0.192768
1336008,0.43765,41.6253,0.16614,41.817781,-0.19248096,41.817781,-0.19248096
1333246,0.43774,41.882,0.356877,41.818313,0.063686558,41.818313,0.063686558
560027,0.43883,41.6682,0.279961,41.824754,-0.15655438,41.824754,-0.15655438
1310338,0.43883,41.4679,0.211194,41.824754,-0.35685438,41.824754,-0.35685438
050607,0.43926,41.8262,0.202784,41.827291,-0.0010912328,41.827291,-0.0010912328
040166,0.44004,42.1401,0.441915,41.831887,0.30821288,41.831887,0.30821288
510266,0.44059,41.6364,0.160177,41.835123,-0.19872329,41.835123,-0.19872329
1328105,0.44154,41.6823,0.183572,41.840704,-0.15840426,41.840704,-0.15840426
1295256,0.44246,41.8523,0.172891,41.846098,0.0062015833,41.846098,0.0062015833
06D3df,0.44254,41.9039,0.139699,41.846567,0.057333016,41.846567,0.057333016
06D2gb,0.44368,41.793,0.182219,41.853236,-0.060235581,41.853236,-0.060235581
1291080,0.44384,41.8069,0.290347,41.85417,-0.047270257,41.85417,-0.047270257
040137,0.44756,41.8552,0.223954,41.875814,-0.020614149,41.875814,-0.020614149
1328066,0.4489,41.8853,0.221814,41.88357,0.0017301181,41.88357,0.0017301181
1320166,0.44896,41.9875,0.215648,41.883917,0.10358335,41.883917,0.10358335
050580,0.4506,41.6446,0.157686,41.893378,-0.2487785,41.893378,-0.2487785
520016,0.451,41.9281,0.213431,41.895681,0.032418565,41.895681,0.032418565
04D3gt,0.45155,41.7162,0.305385,41.898845,-0.18264489,41.898845,-0.18264489
120094,0.45169,41.9923,0.154715,41.89965,0.092650436,41.89965,0.092650436
04D2gb,0.45169,41.5892,0.225346,41.89965,-0.31044956,41.89965,-0.31044956
1290127,0.45223,41.9959,0.320076,41.902751,0.093148852,41.902751,0.093148852
1253101,0.45333,41.7953,0.207786,41.909059,-0.11375861,41.909059,-0.11375861
1253039,0.45347,41.8863,0.14411,41.90986,-0.023560359,41.90986,-0.023560359
1334302,0.45463,41.7873,0.209236,41.916495,-0.12919465,41.916495,-0.12919465
1306360,0.45478,41.8839,0.284149,41.917351,-0.03345139,41.917351,-0.03345139
1345582,0.45878,41.9679,0.252185,41.940102,0.02779815,41.940102,0.02779815
380199,0.46055,42.0021,0.190943,41.95011,0.051989604,41.95011,0.051989604
510597,0.46098,42.0162,0.230251,41.952536,0.063663525,41.952536,0.063663525
05D3lc,0.46156,41.9839,0.138441,41.955806,0.028094456,41.955806,0.028094456
03D4au,0.46641,42.3424,0.396492,41.982994,0.3594062,41.982994,0.3594062
000215,0.4666,42.048,0.135922,41.984054,0.063946427,41.984054,0.063946427
04D4jr,0.4684,41.9733,0.206146,41.994074,-0.020773707,41.994074,-0.020773707
1339149,0.4688,41.7631,0.234035,41.996296,-0.23319556,41.996296,-0.23319556
04D4ju,0.47039,42.2151,0.404516,42.00511,0.20998991,42.00511,0.20998991
05D3mx,0.47057,42.0135,0.180637,42.006106,0.0073937833,42.006106,0.0073937833
370367,0.4717,41.9798,0.210913,42.012352,-0.032551651,42.012352,-0.032551651
1316437,0.47196,42.0374,0.25691,42.013787,0.023613309,42.013787,0.023613309
05D2bv,0.47572,41.938,0.177112,42.034458,-0.096458068,42.034458,-0.096458068
370329,0.47793,42.2269,0.228278,42.046537,0.18036257,42.046537,0.18036257
310146,0.47943,41.8695,0.203883,42.054707,-0.18520662,42.054707,-0.18520662
1306537,0.47948,42.0107,0.198987,42.054979,-0.044278516,42.054979,-0.044278516
560054,0.4798,41.8956,0.237796,42.056718,-0.16111804,42.056718,-0.16111804
05D3dd,0.48056,42.0041,0.160362,42.060845,-0.056745099,42.060845,-0.056745099
05D2ac,0.48071,41.9748,0.139221,42.061659,-0.086858935,42.061659,-0.086858935
120044,0.48171,42.3055,0.210887,42.067078,0.23842151,42.067078,0.23842151
05D1ix,0.48881,42.0842,0.199732,42.10526,-0.021059858,42.10526,-0.021059858
1292145,0.49246,42.2783,0.335403,42.124688,0.15361163,42.124688,0.15361163
1343208,0.49501,42.0821,0.165011,42.138183,-0.056082513,42.138183,-0.056082513
1305504,0.4956,42.1453,0.120919,42.141295,0.0040045137,42.141295,0.0040045137
03D1ax,0.49572,42.0817,0.153945,42.141928,-0.060228212,42.141928,-0.060228212
05D4af,0.49737,42.1268,0.225856,42.150614,-0.023813786,42.150614,-0.023813786
06D2bk,0.50073,42.257,0.253816,42.168218,0.08878171,42.168218,0.08878171
350374,0.5009,42.1165,0.283133,42.169106,-0.052606072,42.169106,-0.052606072
030006,0.50276,42.0703,0.312874,42.178801,-0.1085012,42.178801,-0.1085012
1337272,0.50276,42.161,0.218549,42.178801,-0.0178012,42.178801,-0.0178012
510457,0.503,42.1484,0.311282,42.18005,-0.031649754,42.18005,-0.031649754
03D1au,0.50309,42.1444,0.228687,42.180518,-0.036117819,42.180518,-0.036117819
1335472,0.50598,42.079,0.166703,42.195507,-0.11650665,42.195507,-0.11650665
1343759,0.50617,42.1043,0.151709,42.196489,-0.092189286,42.196489,-0.092189286
310091,0.50716,42.2358,0.180974,42.201604,0.034196224,42.201604,0.034196224
05D4av,0.50737,42.2419,0.288822,42.202687,0.039212526,42.202687,0.039212526
090201,0.50817,42.0193,0.184312,42.206812,-0.18751203,42.206812,-0.18751203
180313,0.51006,42.0945,0.144405,42.216532,-0.12203233,42.216532,-0.12203233
110484,0.51087,42.0583,0.239085,42.220688,-0.16238792,42.220688,-0.16238792
05D2dy,0.51175,42.3885,0.227281,42.225196,0.16330431,42.225196,0.16330431
04D1pg,0.5138,42.2567,0.35966,42.235669,0.021031188,42.235669,0.021031188
04D4in,0.51435,42.2259,0.196162,42.238472,-0.012572056,42.238472,-0.012572056
04D2mj,0.51475,42.3259,0.402924,42.240509,0.085390974,42.240509,0.085390974
1338430,0.51718,42.0932,0.190441,42.252852,-0.15965203,42.252852,-0.15965203
1334470,0.51876,42.1949,0.250421,42.260849,-0.065948578,42.260849,-0.065948578
310260,0.51879,42.1824,0.209558,42.261,-0.078600192,42.261,-0.078600192
450175,0.51943,42.2438,0.315111,42.264233,-0.020432669,42.264233,-0.020432669
06D3el,0.5196,42.2905,0.196455,42.265091,0.025409327,42.265091,0.025409327
04D2gc,0.52277,42.3496,0.273927,42.281042,0.068557825,42.281042,0.068557825
1295921,0.52393,42.1774,0.369236,42.286857,-0.1094568,42.286857,-0.1094568
1322229,0.52613,42.1702,0.223271,42.297852,-0.12765163,42.297852,-0.12765163
050005,0.52851,42.0855,0.188829,42.309698,-0.22419788,42.309698,-0.22419788
1322979,0.52939,42.2913,0.141023,42.314065,-0.022765408,42.314065,-0.022765408
330106,0.53091,41.8802,0.23431,42.321593,-0.44139339,42.321593,-0.44139339
160066,0.53105,42.5109,0.289268,42.322286,0.18861425,42.322286,0.18861425
1338471,0.53117,42.5253,0.38093,42.322879,0.20242094,42.322879,0.20242094
1337703,0.53226,41.9821,0.221979,42.328263,-0.34616259,42.328263,-0.34616259
06D2ca,0.53277,42.2472,0.294354,42.330778,-0.08357796,42.330778,-0.08357796
06D2cc,0.53377,42.1649,0.273819,42.335704,-0.17080354,42.335704,-0.17080354
05D4ek,0.53433,42.1433,0.225295,42.338458,-0.1951581,42.338458,-0.1951581
05D4be,0.53532,42.3205,0.204703,42.343321,-0.022821189,42.343321,-0.022821189
05D2eb,0.53578,42.2134,0.209507,42.345578,-0.13217795,42.345578,-0.13217795
1289656,0.53944,42.3338,0.244476,42.36347,-0.029669728,42.36347,-0.029669728
110426,0.54089,42.2791,0.233447,42.370527,-0.091426665,42.370527,-0.091426665
1324542,0.54154,42.53,0.24247,42.373684,0.15631561,42.373684,0.15631561
520041,0.5454,42.5633,0.191404,42.392364,0.17093625,42.392364,0.17093625
04D4bq,0.54832,42.0235,0.363222,42.406412,-0.38291234,42.406412,-0.38291234
1306980,0.54886,42.1695,0.378555,42.409003,-0.23950271,42.409003,-0.23950271
050201,0.55011,42.3253,0.19588,42.41499,-0.089689785,42.41499,-0.089689785
06D4bo,0.55031,42.3728,0.208456,42.415947,-0.043146537,42.415947,-0.043146537
1339450,0.55048,42.4104,0.376261,42.41676,-0.0063595203,42.41676,-0.0063595203
04D3hn,0.5526,42.1938,0.244151,42.426878,-0.23307823,42.426878,-0.23307823
06D2ck,0.5538,42.49,0.207133,42.43259,0.057410286,42.43259,0.057410286
1337117,0.55389,42.0827,0.177409,42.433018,-0.35031761,42.433018,-0.35031761
05D1ee,0.55775,42.4389,0.195189,42.451309,-0.012408574,42.451309,-0.012408574
04D1hx,0.55875,42.2975,0.356215,42.456028,-0.15852784,42.456028,-0.15852784
05D1kl,0.55875,42.7331,0.3833,42.456028,0.27707216,42.456028,0.27707216
1289555,0.56174,42.2937,0.227829,42.470091,-0.17639143,42.470091,-0.17639143
1303952,0.56263,42.6016,0.265242,42.474264,0.12733595,42.474264,0.12733595
05D1cc,0.56276,42.4296,0.234712,42.474873,-0.045273016,42.474873,-0.045273016
1330903,0.5643,42.4881,0.207587,42.482077,0.006023091,42.482077,0.006023091
1338278,0.56431,42.3969,0.296515,42.482124,-0.085223627,42.482124,-0.085223627
1285317,0.56441,42.3928,0.221111,42.482591,-0.089790768,42.482591,-0.089790768
05D1dn,0.56475,42.4873,0.19275,42.484178,0.0031215341,42.484178,0.0031215341
1317454,0.56883,42.2407,0.262337,42.503161,-0.2624613,42.503161,-0.2624613
1306785,0.57535,42.1912,0.452867,42.533233,-0.34203327,42.533233,-0.34203327
05D2dt,0.57583,42.5915,0.213158,42.535435,0.056065494,42.535435,0.056065494
050203,0.57609,42.4887,0.202103,42.536626,-0.047926124,42.536626,-0.047926124
06D3et,0.57661,42.4263,0.166843,42.539008,-0.11270785,42.539008,-0.11270785
1337228,0.57741,42.645,0.290949,42.542668,0.10233189,42.542668,0.10233189
110721,0.57823,42.4512,0.241176,42.546415,-0.095214938,42.546415,-0.095214938
03D4gf,0.57829,42.4174,0.24485,42.546689,-0.1292889,42.546689,-0.1292889
05D1dx,0.57875,42.4272,0.214391,42.548788,-0.12158839,42.548788,-0.12158839
1332059,0.57884,42.5317,0.231686,42.549199,-0.017498982,42.549199,-0.017498982
05D3jq,0.57959,42.3923,0.23116,42.552618,-0.16031821,42.552618,-0.16031821
05D3gp,0.5806,42.573,0.262496,42.557216,0.015783775,42.557216,0.015783775
03D1aw,0.58073,42.7061,0.239821,42.557808,0.1482925,42.557808,0.1482925
04D1jg,0.58294,42.5408,0.168029,42.56784,-0.027040258,42.56784,-0.027040258
05D4ej,0.58328,42.7974,0.186201,42.569381,0.22801941,42.569381,0.22801941
04D1sa,0.58375,42.6489,0.184752,42.571508,0.07739152,42.571508,0.07739152
04D1kj,0.58375,42.4765,0.198486,42.571508,-0.09500848,42.571508,-0.09500848
1338387,0.58382,42.4199,0.199369,42.571825,-0.15192526,42.571825,-0.15192526
05D1hm,0.58575,42.707,0.37297,42.580545,0.12645461,42.580545,0.12645461
05D4bf,0.58728,42.6241,0.203038,42.587439,0.036660924,42.587439,0.036660924
04D1oh,0.58873,42.5021,0.220032,42.593957,-0.091856755,42.593957,-0.091856755
03D4gg,0.59028,42.5156,0.248253,42.600907,-0.085307271,42.600907,-0.085307271
04D2mh,0.59184,42.4508,0.255828,42.607885,-0.15708533,42.607885,-0.15708533
05D3lr,0.6006,42.6116,0.278838,42.646751,-0.035151472,42.646751,-0.035151472
1338233,0.60149,42.7562,0.394779,42.65067,0.10552969,42.65067,0.10552969
05D4ef,0.60327,42.7503,0.2001,42.658492,0.091808362,42.658492,0.091808362
1335564,0.6062,42.6158,0.275076,42.671319,-0.055518881,42.671319,-0.055518881
03D4dy,0.60826,42.5904,0.228388,42.680302,-0.089902445,42.680302,-0.089902445
1332413,0.60873,42.6179,0.230751,42.682348,-0.064448078,42.682348,-0.064448078
1302141,0.6088,42.4282,0.350327,42.682653,-0.25445262,42.682653,-0.25445262
05D2he,0.60987,42.6876,0.321483,42.687304,0.00029634944,42.687304,0.00029634944
04D3do,0.61064,42.6686,0.184238,42.690646,-0.0220459,42.690646,-0.0220459
04D4an,0.61125,42.9049,0.247686,42.693291,0.21160916,42.693291,0.21160916
1295305,0.61171,42.701,0.16444,42.695284,0.0057162636,42.695284,0.0057162636
05D1ck,0.61571,42.7085,0.347272,42.712554,-0.0040539896,42.712554,-0.0040539896
1308957,0.61869,42.7164,0.388756,42.725352,-0.0089517042,42.725352,-0.0089517042
1335868,0.61942,42.6948,0.2753,42.728478,-0.033677849,42.728478,-0.033677849
000202,0.61988,42.7557,0.154862,42.730446,0.025254036,42.730446,0.025254036
04D3co,0.62063,42.6988,0.268136,42.733652,-0.034851894,42.733652,-0.034851894
04D2an,0.62188,42.5894,0.275623,42.738987,-0.149587,42.738987,-0.149587
03D4dh,0.62523,42.6577,0.215148,42.753235,-0.095535328,42.753235,-0.095535328
04D4fx,0.62723,42.585,0.244041,42.761707,-0.17670748,42.761707,-0.17670748
05D1cb,0.63071,42.6632,0.202856,42.776388,-0.11318839,42.776388,-0.11318839
05D2ci,0.63189,42.3111,0.32695,42.781349,-0.47024903,42.781349,-0.47024903
03D4at,0.63223,42.8493,0.323662,42.782777,0.066523252,42.782777,0.066523252
1330642,0.63392,42.5972,0.147609,42.789863,-0.19266258,42.789863,-0.19266258
04D1pu,0.63771,42.5298,0.442879,42.805689,-0.27588859,42.805689,-0.27588859
1343871,0.63787,42.8637,0.31082,42.806355,0.057345251,42.806355,0.057345251
05D4ag,0.63823,42.6594,0.367516,42.807853,-0.14845303,42.807853,-0.14845303
1337325,0.63866,42.7804,0.261646,42.809642,-0.029241594,42.809642,-0.029241594
1334879,0.63936,42.79,0.171844,42.812551,-0.022550777,42.812551,-0.022550777
05D2ec,0.6419,42.8476,0.256941,42.823082,0.024518283,42.823082,0.024518283
1308568,0.64305,42.3609,0.407842,42.827837,-0.46693671,42.827837,-0.46693671
05D3ax,0.64363,42.8034,0.316528,42.830232,-0.026831821,42.830232,-0.026831821
04D3cy,0.64364,42.7992,0.309841,42.830273,-0.031073099,42.830273,-0.031073099
05D3lb,0.64763,42.819,0.288435,42.846694,-0.027694462,42.846694,-0.027694462
1338266,0.64846,43.0397,0.272369,42.850098,0.1896016,42.850098,0.1896016
05D3kt,0.64863,42.7335,0.310678,42.850795,-0.11729508,42.850795,-0.11729508
1334707,0.64964,42.7805,0.149571,42.854931,-0.074430636,42.854931,-0.074430636
04D1sk,0.66207,42.9793,0.279772,42.905334,0.073966196,42.905334,0.073966196
05D3hs,0.66463,42.8698,0.233989,42.915603,-0.045803003,42.915603,-0.045803003
05D3mh,0.67065,43.0677,0.274795,42.939605,0.12809548,42.939605,0.12809548
03D1co,0.67767,43.2251,0.311797,42.967336,0.25776402,42.967336,0.25776402
05D2bt,0.68195,42.8376,0.239367,42.98411,-0.14650983,42.98411,-0.14650983
06D3cc,0.68365,43.1716,0.407734,42.990745,0.18085542,42.990745,0.18085542
04D4ic,0.68517,43.0166,0.366173,42.996664,0.01993644,42.996664,0.01993644
05D1ke,0.68867,42.8137,0.226508,43.010245,-0.19654542,43.010245,-0.19654542
1262214,0.68937,43.0444,0.271991,43.012954,0.031446089,43.012954,0.031446089
1262715,0.68937,42.8535,0.15677,43.012954,-0.15945391,43.012954,-0.15945391
06D3em,0.69065,42.9143,0.425857,43.0179,-0.10359981,43.0179,-0.10359981
03D4cz,0.69316,42.9162,0.318024,43.027573,-0.11137314,43.027573,-0.11137314
04D4ib,0.69716,42.9692,0.212738,43.04292,-0.073720074,43.04292,-0.073720074
06D4ba,0.69816,42.9671,0.342807,43.046744,-0.079643701,43.046744,-0.079643701
05D4cq,0.69916,43.0691,0.215345,43.050562,0.018537887,43.050562,0.018537887
05D4bj,0.69916,42.9402,0.338462,43.050562,-0.11036211,43.050562,-0.11036211
1335718,0.69933,43.1107,0.155898,43.051211,0.059489275,43.051211,0.059489275
05D2ck,0.69997,43.1147,0.29538,43.053651,0.061048786,43.053651,0.061048786
04D1si,0.70064,42.917,0.223194,43.056204,-0.13920382,43.056204,-0.13920382
04D4hu,0.70115,43.0968,0.261582,43.058145,0.038654706,43.058145,0.038654706
04D2iu,0.70197,42.8962,0.462713,43.061264,-0.16506406,43.061264,-0.16506406
05D2le,0.70198,43.0433,0.252753,43.061302,-0.018002068,43.061302,-0.018002068
05D3gv,0.71565,42.9944,0.245932,43.112788,-0.1183879,43.112788,-0.1183879
05D3jh,0.71867,42.8739,0.18843,43.124036,-0.25013556,43.124036,-0.25013556
1331993,0.71962,43.1638,0.204549,43.127564,0.036235596,43.127564,0.036235596
04D1aj,0.71964,42.97,0.342226,43.127639,-0.15763865,43.127639,-0.15763865
05D4ev,0.72013,43.1612,0.243162,43.129457,0.031743002,43.129457,0.031743002
06D3gh,0.72067,43.0459,0.305174,43.13146,-0.085559526,43.13146,-0.085559526
06D3do,0.72667,43.0811,0.248363,43.153614,-0.072513851,43.153614,-0.072513851
06D3bz,0.72767,43.008,0.257091,43.157289,-0.14928923,43.157289,-0.14928923
1304127,0.72861,43.005,0.283498,43.16074,-0.15573968,43.16074,-0.15573968
06D4bw,0.73012,42.9186,0.321961,43.166274,-0.24767352,43.166274,-0.24767352
1329166,0.73163,43.1799,0.196424,43.171796,0.0081035739,43.171796,0.0081035739
04D1pp,0.73362,42.9845,0.195902,43.179058,-0.19455832,43.179058,-0.19455832
04D2gp,0.734,43.22,0.388289,43.180443,0.039557128,43.180443,0.039557128
05D2fq,0.73501,43.2537,0.224615,43.18412,0.069580473,43.18412,0.069580473
05D1eo,0.73562,43.1807,0.25711,43.186338,-0.0056377395,43.186338,-0.0056377395
05D2ct,0.73602,43.1675,0.425639,43.187791,-0.020291349,43.187791,-0.020291349
05D3jk,0.73668,42.992,0.21489,43.190188,-0.19818815,43.190188,-0.19818815
04D2ja,0.74202,43.4813,0.32514,43.209505,0.27179481,43.209505,0.27179481
04D3fq,0.74269,43.0825,0.327179,43.211919,-0.12941946,43.211919,-0.12941946
05D3jb,0.74566,43.1675,0.195179,43.222596,-0.055096431,43.222596,-0.055096431
04D2kr,0.74613,42.9817,0.25474,43.224282,-0.24258232,43.224282,-0.24258232
04D4im,0.7491,42.9396,0.262488,43.234912,-0.2953122,43.234912,-0.2953122
1285160,0.74932,43.1772,0.163225,43.235698,-0.058497985,43.235698,-0.058497985
04D3ks,0.75068,42.9012,0.318716,43.240551,-0.33935069,43.240551,-0.33935069
05D2nt,0.75904,43.2469,0.233153,43.270197,-0.023296566,43.270197,-0.023296566
05D3mn,0.76069,43.0667,0.201161,43.276011,-0.20931068,43.276011,-0.20931068
05D4cn,0.76108,43.1767,0.236628,43.277383,-0.10068315,43.277383,-0.10068315
05D1if,0.76159,43.131,0.239872,43.279177,-0.14817691,43.279177,-0.14817691
04D1qd,0.7656,43.2369,0.225434,43.293241,-0.056340684,43.293241,-0.056340684
04D1de,0.7666,43.4224,0.250162,43.296737,0.12566316,43.296737,0.12566316
05D3hh,0.76668,43.3623,0.27025,43.297016,0.065283662,43.297016,0.065283662
04D4id,0.76707,43.5587,0.25715,43.298379,0.26032149,43.298379,0.26032149
04D1pc,0.7686,43.2929,0.311675,43.303716,-0.010816009,43.303716,-0.010816009
1329196,0.76933,43.2168,0.162741,43.306259,-0.08945906,43.306259,-0.08945906
05D4bi,0.77308,43.3568,0.295081,43.319286,0.03751378,43.319286,0.03751378
1325358,0.77931,43.0395,0.311092,43.340795,-0.3012949,43.340795,-0.3012949
05D4cs,0.78806,43.3042,0.232049,43.370726,-0.06652592,43.370726,-0.06652592
03D4fd,0.78905,43.3837,0.271177,43.374092,0.0096077779,43.374092,0.0096077779
1309749,0.78929,43.1995,0.165559,43.374908,-0.17540768,43.374908,-0.17540768
04D1ks,0.79656,42.9026,0.372096,43.399497,-0.49689673,43.399497,-0.49689673
03D1fq,0.79858,43.4338,0.288144,43.40629,0.027509508,43.40629,0.027509508
Elvis,0.83973,43.36,0.211845,43.54119,-0.18119003,43.54119,-0.18119003
Spock,0.83973,43.2012,0.390423,43.54119,-0.33999003,43.54119,-0.33999003
Manipogo,0.85474,43.6168,0.299913,43.588808,0.027992004,43.588808,0.027992004
Vilas,0.93577,43.5331,0.239939,43.832593,-0.29949266,43.832593,-0.29949266
Ombo,0.97424,44.1111,0.201519,43.941188,0.16991217,43.941188,0.16991217
SCP05D0,1.01236,44.1177,0.367085,44.044713,0.072987358,44.044713,0.072987358
Eagle,1.0198,44.2757,0.225903,44.064469,0.21123117,44.064469,0.21123117
Ferguson,1.02081,43.9706,0.47547,44.06714,-0.09653981,44.06714,-0.09653981
Strolger,1.02781,44.5364,0.353385,44.08558,0.45081993,44.08558,0.45081993
SCP06U4,1.04819,44.4229,0.488758,44.138569,0.28433126,44.138569,0.28433126
Gabi,1.12085,44.4405,0.22363,44.319509,0.12099115,44.319509,0.12099115
SCP06H5,1.23223,44.3207,0.610496,44.575324,-0.25462445,44.575324,-0.25462445
Lancaster,1.23589,44.905,0.273735,44.583332,0.3216681,44.583332,0.3216681
Aphrodite,1.29912,44.8641,0.275291,44.718022,0.14607849,44.718022,0.14607849
Thoth,1.30412,44.7206,0.316517,44.728389,-0.007788632,44.728389,-0.007788632
Inanna,1.30612,45.0197,0.445162,44.732524,0.28717575,44.732524,0.28717575
SCP05D6,1.31311,44.7867,0.316349,44.746928,0.039771875,44.746928,0.039771875
washington,1.32911,44.8745,0.238344,44.779609,0.094891261,44.779609,0.094891261
Borg,1.34093,44.7541,0.306395,44.803497,-0.049396961,44.803497,-0.049396961
SCP06G4,1.35134,44.5492,0.31846,44.82436,-0.27515969,44.82436,-0.27515969
Mcguire,1.3561,44.8094,0.238282,44.833845,-0.024445052,44.833845,-0.024445052
Sasquatch,1.39096,44.7944,0.374345,44.902299,-0.10789937,44.902299,-0.10789937
SCP06K0,1.41631,44.4579,0.735776,44.950994,-0.49309403,44.950994,-0.49309403
carter,1.54295,45.0902,0.371014,45.181676,-0.091476217,45.181676,-0.091476217
Primo,1.54903,45.293,0.233771,45.192259,0.10074055,45.192259,0.10074055
rutledge,1.61499,45.1595,0.333024,45.304414,-0.14491375,45.304414,-0.14491375
geta,1.69702,45.2863,0.38048,45.437508,-0.15120848,45.437508,-0.15120848
stone,1.80111,45.4865,0.281981,45.597168,-0.11066818,45.597168,-0.11066818
wilson,1.9116,45.4233,0.358642,45.756539,-0.33323928,45.756539,-0.33323928
colfax,2.2613,46.1828,0.281309,46.204334,-0.021534169,46.204334,-0.021534169
