Name,zcmb,mu_obs,e_mu_obs,mu_model_lcdm,residual_lcdm,mu_model_LambdaCDM,residual_LambdaCDM
2011fe,0.00122,28.9987,1.51645,28.52125,0.47745042,28.52125,0.47745042
2011fe,0.00122,29.0559,1.51747,28.52125,0.53465042,28.52125,0.53465042
2012cg,0.00256,30.7233,0.782372,30.132722,0.59057754,30.132722,0.59057754
2012cg,0.00256,30.7449,0.799068,30.132722,0.61217754,30.132722,0.61217754
2013dy,0.00293,31.5611,0.530838,30.426432,1.1346679,30.426432,1.1346679
2013dy,0.00293,31.499,0.514259,30.426432,1.0725679,30.426432,1.0725679
1994DRichmond,0.00299,30.7757,0.881212,30.470543,0.30515739,30.470543,0.30515739
1981B,0.0035,30.7946,0.614535,30.813314,-0.01871387,30.813314,-0.01871387
2001el,0.00357,31.5011,0.591006,30.856423,0.6446773,30.856423,0.6446773
2021pit,0.00366,30.9999,0.566505,30.910626,0.08927416,30.910626,0.08927416
2011by,0.00369,31.7933,0.55272,30.928399,0.86490149,30.928399,0.86490149
1998aq,0.00369,31.4967,0.545492,30.928399,0.56830149,30.928399,0.56830149
2005df_ANU,0.00435,31.3779,0.479276,31.28673,0.091169846,31.28673,0.091169846
2005df,0.00435,31.3933,0.476404,31.28673,0.10656985,31.28673,0.10656985
2011B,0.00458,31.6512,0.514401,31.398965,0.25223451,31.398965,0.25223451
1980N,0.0046,31.2476,0.558603,31.408458,-0.16085805,31.408458,-0.16085805
2012fr,0.0046,31.2234,0.410577,31.408458,-0.18505805,31.408458,-0.18505805
1992A,0.0046,31.34,0.562589,31.408458,-0.06845805,31.408458,-0.06845805
2007on,0.0046,31.7635,0.574442,31.408458,0.35504195,31.408458,0.35504195
2007on,0.0046,31.6525,0.564724,31.408458,0.24404195,31.408458,0.24404195
2012fr,0.0046,31.1331,0.446882,31.408458,-0.27535805,31.408458,-0.27535805
1990N,0.00462,31.6969,0.550993,31.41791,0.27899044,31.41791,0.27899044
2012ht,0.00465,32.033,0.420403,31.432011,0.60098936,31.432011,0.60098936
2012ht,0.00465,31.9309,0.442017,31.432011,0.49888936,31.432011,0.49888936
2017cbv,0.00478,30.4013,0.578445,31.492085,-1.0907855,31.492085,-1.0907855
2017cbv,0.00478,30.5107,0.578546,31.492085,-0.9813855,31.492085,-0.9813855
2013aa,0.00478,30.5528,0.580251,31.492085,-0.9392855,31.492085,-0.9392855
2013aa,0.00478,30.4604,0.594683,31.492085,-1.0316855,31.492085,-1.0316855
2016coj,0.00489,31.9117,0.469628,31.54166,0.37004038,31.54166,0.37004038
SN2016coj,0.00489,31.8985,0.483668,31.54166,0.35684038,31.54166,0.35684038
2007gi,0.00505,31.7403,0.491367,31.611818,0.12848156,31.611818,0.12848156
2015F,0.00515,31.539,0.407028,31.654552,-0.11555155,31.654552,-0.11555155
2015F,0.00515,31.4473,0.448264,31.654552,-0.20725155,31.654552,-0.20725155
1994ae,0.0054,32.1822,0.339643,31.757869,0.42433126,31.757869,0.42433126
2014bv,0.00548,32.4001,0.482567,31.789926,0.61017425,31.789926,0.61017425
2019np,0.0055,32.4608,0.318474,31.797867,0.66293284,31.797867,0.66293284
2019np,0.0055,32.4338,0.32229,31.797867,0.63593284,31.797867,0.63593284
2006dd,0.00551,31.1857,0.452235,31.801827,-0.61612708,31.801827,-0.61612708
1981D,0.00551,30.9079,0.524992,31.801827,-0.89392708,31.801827,-0.89392708
2007le,0.00552,32.0203,0.538159,31.80578,0.21452015,31.80578,0.21452015
2007le,0.00552,32.0754,0.533991,31.80578,0.26962015,31.80578,0.26962015
2007le,0.00552,32.0843,0.537335,31.80578,0.27852015,31.80578,0.27852015
1998dm,0.00567,32.8333,0.562902,31.86423,0.96906964,31.86423,0.96906964
1995al,0.00592,32.3593,0.359446,31.958308,0.40099218,31.958308,0.40099218
2011iv,0.00594,31.2217,0.420706,31.965662,-0.74396224,31.965662,-0.74396224
2018gv,0.00596,31.9404,0.344335,31.972992,-0.032592042,31.972992,-0.032592042
2018gv,0.00596,31.9102,0.350249,31.972992,-0.062792042,31.972992,-0.062792042
2018gv,0.00596,32.0666,0.343707,31.972992,0.093607958,31.972992,0.093607958
2015bp,0.00603,32.4685,0.487055,31.998455,0.47004515,31.998455,0.47004515
1992G,0.00611,32.4405,0.439634,32.027197,0.41330276,32.027197,0.41330276
2007af,0.00635,32.0999,0.322811,32.111228,-0.011328407,32.111228,-0.011328407
2007af,0.00635,32.0667,0.32593,32.111228,-0.044528407,32.111228,-0.044528407
2007af,0.00635,32.0023,0.36156,32.111228,-0.10892841,32.111228,-0.10892841
2007af,0.00635,32.0337,0.339166,32.111228,-0.077528407,32.111228,-0.077528407
2007sr,0.0066,31.6799,0.375913,32.195463,-0.51556326,32.195463,-0.51556326
2007sr,0.0066,31.6292,0.385756,32.195463,-0.56626326,32.195463,-0.56626326
2003du,0.00664,32.7685,0.292411,32.208645,0.55985462,32.208645,0.55985462
2003du,0.00664,32.7943,0.289134,32.208645,0.58565462,32.208645,0.58565462
2003du,0.00664,32.7423,0.294759,32.208645,0.53365462,32.208645,0.53365462
2002fk,0.00668,32.4423,0.300309,32.221749,0.22055132,32.221749,0.22055132
2002fk,0.00668,32.4642,0.300269,32.221749,0.24245132,32.221749,0.24245132
2018aoz,0.00701,31.7282,0.501431,32.326963,-0.59876278,32.326963,-0.59876278
2005cf,0.00703,32.3327,0.348317,32.33318,-0.00047999596,32.33318,-0.00047999596
2005cf,0.00703,32.3221,0.322655,32.33318,-0.011079996,32.33318,-0.011079996
2005cf,0.00703,32.3193,0.325586,32.33318,-0.013879996,32.33318,-0.013879996
2008Q,0.00722,32.3312,0.373843,32.391381,-0.060180749,32.391381,-0.060180749
2008Q,0.00722,32.2998,0.396652,32.391381,-0.091580749,32.391381,-0.091580749
2017erp,0.00727,32.1729,0.371125,32.406443,-0.23354348,32.406443,-0.23354348
2017erp,0.00727,32.2048,0.34795,32.406443,-0.20164348,32.406443,-0.20164348
2017erp,0.00727,32.1951,0.34053,32.406443,-0.21134348,32.406443,-0.21134348
1991M,0.00758,33.2138,0.462834,32.497593,0.71620734,32.497593,0.71620734
2003kf,0.00769,32.6418,0.362719,32.529047,0.11275311,32.529047,0.11275311
1998dh,0.00769,32.6151,0.317457,32.529047,0.086053109,32.529047,0.086053109
1998dh,0.00769,32.7164,0.317031,32.529047,0.18735311,32.529047,0.18735311
ASASSN-15so,0.00773,32.7527,0.26758,32.540374,0.21232605,32.540374,0.21232605
2013gh,0.00775,32.6922,0.484865,32.546016,0.14618436,32.546016,0.14618436
2013gh,0.00775,32.521,0.465611,32.546016,-0.025015636,32.546016,-0.025015636
1995D,0.0078,32.484,0.342662,32.560057,-0.07605674,32.560057,-0.07605674
2012hr,0.00788,32.7092,0.367554,32.582337,0.12686263,32.582337,0.12686263
2001bg,0.00796,32.6928,0.359218,32.604394,0.088405847,32.604394,0.088405847
2009ig,0.00801,32.6707,0.286975,32.618068,0.052632028,32.618068,0.052632028
1997br,0.00801,31.7321,0.531169,32.618068,-0.88596797,32.618068,-0.88596797
2009ig,0.00801,32.7434,0.280148,32.618068,0.12533203,32.618068,0.12533203
2009ig,0.00801,32.3711,0.371926,32.618068,-0.24696797,32.618068,-0.24696797
1996X,0.00812,31.9733,0.415464,32.647854,-0.67455399,32.647854,-0.67455399
PSNJ0717457,0.00812,32.7223,0.383433,32.647854,0.074446014,32.647854,0.074446014
2019ein,0.00837,32.8616,0.327035,32.714084,0.14751614,32.714084,0.14751614
2005am,0.00841,32.335,0.337879,32.724498,-0.38949777,32.724498,-0.38949777
2005am,0.00841,32.3945,0.331296,32.724498,-0.32999777,32.724498,-0.32999777
2005am,0.00841,32.3744,0.338325,32.724498,-0.35009777,32.724498,-0.35009777
2002er,0.00853,32.799,0.368859,32.755447,0.043553409,32.755447,0.043553409
2002er,0.00853,32.7498,0.409525,32.755447,-0.0056465914,32.755447,-0.0056465914
2005W,0.00861,32.852,0.318032,32.77584,0.076160397,32.77584,0.076160397
1996Z,0.00867,32.4455,0.490787,32.791011,-0.34551113,32.791011,-0.34551113
PTF10icb,0.009,33.4753,0.372879,32.872633,0.60266708,32.872633,0.60266708
2009an,0.00921,33.2253,0.299086,32.92304,0.30226042,32.92304,0.30226042
2009an,0.00921,33.3378,0.306294,32.92304,0.41476042,32.92304,0.41476042
1997bp,0.00931,32.4198,0.425219,32.946643,-0.52684268,32.946643,-0.52684268
1998es,0.00957,32.9165,0.372831,33.006851,-0.090351248,33.006851,-0.090351248
1998es,0.00957,32.8029,0.35789,33.006851,-0.20395125,33.006851,-0.20395125
2021hpr,0.00958,33.0869,0.343916,33.009134,0.077765619,33.009134,0.077765619
2006D,0.00966,32.8914,0.286425,33.027315,-0.13591467,33.027315,-0.13591467
2006D,0.00966,32.9159,0.285505,33.027315,-0.11141467,33.027315,-0.11141467
2006D,0.00966,32.8973,0.282867,33.027315,-0.13001467,33.027315,-0.13001467
1999ac,0.00979,32.9674,0.341878,33.056541,-0.089141055,33.056541,-0.089141055
1999ac,0.00979,32.9182,0.365223,33.056541,-0.13834105,33.056541,-0.13834105
2004S,0.0098,33.1236,0.317227,33.058773,0.064826754,33.058773,0.064826754
1997bq,0.00993,33.0683,0.324016,33.087588,-0.019287619,33.087588,-0.019287619
2008fv_comb,0.00993,33.1809,0.377969,33.087588,0.093312381,33.087588,0.093312381
2002cr,0.00998,33.2469,0.254885,33.09857,0.14832958,33.09857,0.14832958
1999cp,0.00998,33.0399,0.268981,33.09857,-0.058670422,33.09857,-0.058670422
1999cp,0.00998,33.2135,0.253629,33.09857,0.11492958,33.09857,0.11492958
2002cr,0.00998,33.2309,0.251906,33.09857,0.13232958,33.09857,0.13232958
2013cs,0.01029,32.3353,0.401367,33.165468,-0.83016776,33.165468,-0.83016776
ASASSN-16jf,0.0104,33.5709,0.314858,33.188725,0.38217458,33.188725,0.38217458
2006bh,0.01042,33.2788,0.247952,33.192928,0.085872169,33.192928,0.085872169
2013E,0.01042,32.7794,0.348547,33.192928,-0.41352783,33.192928,-0.41352783
1997do,0.01048,33.1081,0.364668,33.205487,-0.097387185,33.205487,-0.097387185
2002dp,0.01049,33.2931,0.27457,33.207573,0.085526533,33.207573,0.085526533
2002dp,0.01049,33.3806,0.309009,33.207573,0.17302653,33.207573,0.17302653
2009Y,0.0105,32.7458,0.360296,33.209658,-0.46385778,33.209658,-0.46385778
2009Y,0.0105,32.9015,0.334006,33.209658,-0.30815778,33.209658,-0.30815778
2009Y,0.0105,32.6457,0.409088,33.209658,-0.56395778,33.209658,-0.56395778
2002dj,0.01051,32.901,0.309548,33.21174,-0.31074012,33.21174,-0.31074012
2002dj,0.01051,32.8654,0.334488,33.21174,-0.34634012,33.21174,-0.34634012
2010ko,0.01096,33.8347,0.353909,33.303466,0.53123449,33.303466,0.53123449
2013ex,0.01096,33.4947,0.325172,33.303466,0.19123449,33.303466,0.19123449
2013ex,0.01096,33.4336,0.283424,33.303466,0.13013449,33.303466,0.13013449
2010Y,0.01142,33.7403,0.254135,33.393444,0.3468558,33.393444,0.3468558
2011ao,0.01168,33.4974,0.301502,33.442724,0.054676141,33.442724,0.054676141
2009ab,0.01189,33.5833,0.281169,33.481739,0.10156139,33.481739,0.10156139
2002ha,0.0122,33.708,0.24076,33.5381,0.16989977,33.5381,0.16989977
2002ha,0.0122,33.7246,0.250097,33.5381,0.18649977,33.5381,0.18649977
AT2017cfd,0.01222,33.5752,0.292564,33.541688,0.033512463,33.541688,0.033512463
2017cfd,0.01222,33.5673,0.284786,33.541688,0.025612463,33.541688,0.025612463
iPTF13ebh,0.01238,33.7337,0.342487,33.570178,0.16352189,33.570178,0.16352189
iPTF13ebh,0.01238,33.6369,0.29522,33.570178,0.066721889,33.570178,0.066721889
2009kk,0.01244,33.7023,0.266666,33.580768,0.12153196,33.580768,0.12153196
2009kq,0.01247,33.5178,0.26619,33.586044,-0.068244029,33.586044,-0.068244029
2009kq,0.01247,33.5874,0.26006,33.586044,0.0013559712,33.586044,0.0013559712
2008R,0.0126,33.8286,0.265115,33.608762,0.21983784,33.608762,0.21983784
2001cz,0.01275,33.8783,0.346381,33.634688,0.24361161,33.634688,0.24361161
2007hj,0.01288,33.9846,0.299399,33.656914,0.32768563,33.656914,0.32768563
2007hj,0.01288,33.9682,0.303693,33.656914,0.31128563,33.656914,0.31128563
2007hj,0.01288,33.9247,0.304606,33.656914,0.26778563,33.656914,0.26778563
2001ep,0.01306,33.6365,0.287379,33.687324,-0.050824451,33.687324,-0.050824451
2001ep,0.01306,33.5028,0.331124,33.687324,-0.18452445,33.687324,-0.18452445
2013gy,0.01309,33.7355,0.239783,33.692352,0.043147624,33.692352,0.043147624
2013gy,0.01309,33.7607,0.28722,33.692352,0.068347624,33.692352,0.068347624
1997E,0.01314,33.7649,0.288791,33.700707,0.064193072,33.700707,0.064193072
1999dq,0.01334,33.52,0.273536,33.733813,-0.21381302,33.733813,-0.21381302
1999dq,0.01334,33.4717,0.261601,33.733813,-0.26211302,33.733813,-0.26211302
2008hv,0.0136,33.797,0.277855,33.776123,0.020876821,33.776123,0.020876821
2008hv,0.0136,33.772,0.235755,33.776123,-0.0041231794,33.776123,-0.0041231794
2008hv,0.0136,33.7683,0.232778,33.776123,-0.0078231794,33.776123,-0.0078231794
2007cv,0.01361,33.6741,0.345367,33.777734,-0.10363444,33.777734,-0.10363444
2005kc,0.01386,34.0249,0.352338,33.817639,0.20726061,33.817639,0.20726061
2005kc,0.01386,34.0187,0.307194,33.817639,0.20106061,33.817639,0.20106061
1999dk,0.014,33.8053,0.288803,33.839676,-0.034375826,33.839676,-0.034375826
1999dk,0.014,33.6651,0.296207,33.839676,-0.17457583,33.839676,-0.17457583
2011df,0.01402,33.8524,0.277558,33.842806,0.0095939442,33.842806,0.0095939442
ASASSN-16dn,0.01406,33.8206,0.250873,33.849053,-0.028453269,33.849053,-0.028453269
2001bt,0.01407,33.7492,0.416658,33.850612,-0.10141232,33.850612,-0.10141232
2006N,0.01416,33.9078,0.240515,33.864595,0.043205389,33.864595,0.043205389
2004eo,0.0142,33.8826,0.249316,33.870781,0.01181927,33.870781,0.01181927
2003gt,0.01422,33.9253,0.243928,33.873867,0.051432679,33.873867,0.051432679
ASASSN-16la,0.01424,33.8444,0.265489,33.87695,-0.032549616,33.87695,-0.032549616
2013fa,0.01429,33.7894,0.397352,33.884637,-0.095236634,33.884637,-0.095236634
1992al,0.01434,33.6968,0.233531,33.892297,-0.19549706,33.892297,-0.19549706
2001fe,0.01448,33.8916,0.240694,33.913606,-0.022006362,33.913606,-0.022006362
PSNJ2043531,0.01449,34.1902,0.372674,33.915121,0.27507936,33.915121,0.27507936
2013gq,0.01457,33.7526,0.2163,33.927198,-0.17459773,33.927198,-0.17459773
2000dm,0.01472,34.0109,0.270222,33.949666,0.061233651,33.949666,0.061233651
2005el,0.01483,33.974,0.229564,33.966,0.0080002749,33.966,0.0080002749
2005el,0.01483,33.9261,0.231708,33.966,-0.039899725,33.966,-0.039899725
2011im,0.01493,34.2732,0.34036,33.980745,0.2924555,33.980745,0.2924555
2005de,0.01495,34.1793,0.26677,33.983682,0.19561828,33.983682,0.19561828
2005bo,0.01503,33.7553,0.390506,33.995392,-0.24009184,33.995392,-0.24009184
2005bo,0.01503,33.7189,0.39282,33.995392,-0.27649184,33.995392,-0.27649184
2006td,0.01504,34.1727,0.365029,33.996851,0.17584874,33.996851,0.17584874
2008ec,0.01506,34.1302,0.33431,33.999767,0.13043277,33.999767,0.13043277
2008ec,0.01506,34.1732,0.264363,33.999767,0.17343277,33.999767,0.17343277
2007ca,0.01509,34.3366,0.370715,34.004134,0.332466,34.004134,0.332466
2007ca,0.01509,34.1781,0.396908,34.004134,0.173966,34.004134,0.173966
2001cn,0.01509,33.8877,0.294985,34.004134,-0.116434,34.004134,-0.116434
2007ca,0.01509,34.252,0.397235,34.004134,0.247866,34.004134,0.247866
ATLAS16cxr,0.01518,34.3426,0.372888,34.017183,0.32541705,34.017183,0.32541705
ASASSN-16ad,0.01522,34.0334,0.344305,34.022958,0.010442077,34.022958,0.010442077
2009nq,0.01527,34.1657,0.28688,34.030156,0.13554445,34.030156,0.13554445
SN2017jl,0.01529,33.7706,0.30219,34.033028,-0.26242807,34.033028,-0.26242807
1999ej,0.01534,34.2581,0.272528,34.040193,0.21790686,34.040193,0.21790686
1999ej,0.01534,34.2112,0.258071,34.040193,0.17100686,34.040193,0.17100686
2001en,0.01534,33.9994,0.28632,34.040193,-0.040793137,34.040193,-0.040793137
2001en,0.01534,33.8852,0.313932,34.040193,-0.15499314,34.040193,-0.15499314
2002cs,0.01538,34.0329,0.272511,34.045909,-0.013008568,34.045909,-0.013008568
2008eo,0.01539,34.3317,0.278713,34.047335,0.28436487,34.047335,0.28436487
2001bf,0.01556,33.9004,0.218994,34.071447,-0.17104729,34.071447,-0.17104729
2001bf,0.01556,33.9926,0.239289,34.071447,-0.078847289,34.071447,-0.078847289
iPTF16auf,0.01566,34.0744,0.314862,34.085509,-0.011109434,34.085509,-0.011109434
2013fw,0.0157,34.1608,0.218117,34.091109,0.069690572,34.091109,0.069690572
2008bc,0.01572,34.0331,0.226465,34.093904,-0.060804134,34.093904,-0.060804134
1999aa,0.01579,34.1323,0.209471,34.103658,0.028642025,34.103658,0.028642025
ASASSN-15oh,0.01579,34.3916,0.270341,34.103658,0.28794203,34.103658,0.28794203
1999aa,0.01579,34.1663,0.242893,34.103658,0.062642025,34.103658,0.062642025
iPTF13dge,0.01581,34.2793,0.261916,34.106437,0.17286307,34.106437,0.17286307
2001V,0.01592,33.7902,0.290577,34.121659,-0.33145928,34.121659,-0.33145928
2001V,0.01592,33.8072,0.290395,34.121659,-0.31445928,34.121659,-0.31445928
2010kg,0.01595,33.9999,0.334729,34.125793,-0.12589277,34.125793,-0.12589277
PSNJ0107203,0.01601,33.9673,0.284408,34.134037,-0.16673674,34.134037,-0.16673674
1998ef,0.0161,33.841,0.289311,34.146346,-0.30534555,34.146346,-0.30534555
1998ef,0.0161,33.8975,0.264562,34.146346,-0.24884555,34.146346,-0.24884555
2013Q,0.01612,33.9726,0.41528,34.149072,-0.17647159,34.149072,-0.17647159
1994S,0.01619,34.0287,0.224824,34.158586,-0.12988648,34.158586,-0.12988648
2007ss,0.01619,34.4137,0.34637,34.158586,0.25511352,34.158586,0.25511352
2013hn,0.01629,34.0697,0.290382,34.172109,-0.10240883,34.172109,-0.10240883
2005al,0.01629,33.9986,0.219937,34.172109,-0.17350883,34.172109,-0.17350883
SN2016gfr,0.0163,33.8985,0.245383,34.173457,-0.27495655,34.173457,-0.27495655
ASASSN-16ip,0.01632,34.1679,0.246475,34.17615,-0.0082495274,34.17615,-0.0082495274
2007fs,0.01633,34.3408,0.198023,34.177495,0.16330521,34.177495,0.16330521
iPTF14bdn,0.01636,34.1062,0.281582,34.181526,-0.07532571,34.181526,-0.07532571
2007A,0.01646,34.5341,0.341619,34.194909,0.3391905,34.194909,0.3391905
2007A,0.01646,34.4649,0.358327,34.194909,0.2699905,34.194909,0.2699905
2004fz,0.01646,33.7799,0.330633,34.194909,-0.4150095,34.194909,-0.4150095
2000dk,0.01649,34.1517,0.257136,34.198909,-0.047208954,34.198909,-0.047208954
2000dk,0.01649,34.1436,0.28269,34.198909,-0.055308954,34.198909,-0.055308954
2001da,0.01658,34.2003,0.325329,34.210864,-0.010564296,34.210864,-0.010564296
2001da,0.01658,34.022,0.308995,34.210864,-0.1888643,34.210864,-0.1888643
1997Y,0.01661,34.1973,0.214463,34.214835,-0.017535153,34.214835,-0.017535153
ASASSN-15ti,0.01671,34.4894,0.310314,34.22802,0.26137969,34.22802,0.26137969
1996bv,0.01673,34.0755,0.297815,34.230648,-0.15514798,34.230648,-0.15514798
ASASSN-15od,0.01678,34.3409,0.228387,34.237204,0.10369642,34.237204,0.10369642
2007fb,0.0168,34.4009,0.221698,34.23982,0.16107959,34.23982,0.16107959
2007fb,0.0168,34.5101,0.231239,34.23982,0.27027959,34.23982,0.27027959
2006ef,0.01694,34.361,0.220285,34.258052,0.10294754,34.258052,0.10294754
ASASSN-15kx,0.01697,34.6084,0.219814,34.26194,0.34646006,34.26194,0.34646006
2008C,0.01709,34.2669,0.262425,34.277422,-0.010522218,34.277422,-0.010522218
2008C,0.01709,34.31,0.263557,34.277422,0.032577782,34.277422,0.032577782
1998V,0.01718,34.1465,0.231417,34.288964,-0.14246356,34.288964,-0.14246356
2008L,0.01734,34.3364,0.210115,34.309335,0.027065287,34.309335,0.027065287
2008L,0.01734,34.2464,0.213428,34.309335,-0.062934713,34.309335,-0.062934713
2009le,0.01739,34.2939,0.246602,34.315663,-0.021762608,34.315663,-0.021762608
2009le,0.01739,34.2418,0.22287,34.315663,-0.073862608,34.315663,-0.073862608
2013gs,0.01748,34.2221,0.320412,34.327008,-0.10490764,34.327008,-0.10490764
2000dr,0.01765,34.2975,0.318912,34.34828,-0.050780494,34.34828,-0.050780494
2006ax,0.01774,34.3133,0.19782,34.359461,-0.046160763,34.359461,-0.046160763
2006ax,0.01774,34.3228,0.200241,34.359461,-0.036660763,34.359461,-0.036660763
2007as,0.01791,34.2661,0.234211,34.380427,-0.11432696,34.380427,-0.11432696
ASASSN-17co,0.01791,34.2005,0.280568,34.380427,-0.17992696,34.380427,-0.17992696
PS15coh,0.01796,34.4393,0.226901,34.386556,0.052743924,34.386556,0.052743924
1992bo,0.01805,34.6078,0.20147,34.397546,0.21025388,34.397546,0.21025388
2011fs,0.01822,34.5466,0.215514,34.418158,0.12844183,34.418158,0.12844183
2011fs,0.01822,34.4866,0.321023,34.418158,0.068441827,34.418158,0.068441827
2008hs,0.01835,34.7394,0.433516,34.433793,0.30560746,34.433793,0.30560746
2008hs,0.01835,34.757,0.466611,34.433793,0.32320746,34.433793,0.32320746
ASASSN-16cs,0.01839,34.4286,0.281407,34.438581,-0.0099811083,34.438581,-0.0099811083
ATLAS16cpu,0.01851,34.5716,0.239989,34.452885,0.11871467,34.452885,0.11871467
2016ffh,0.01851,34.6171,0.238984,34.452885,0.16421467,34.452885,0.16421467
2016W,0.01855,34.3648,0.295725,34.457633,-0.092833054,34.457633,-0.092833054
2002jy,0.0187,34.9988,0.187715,34.475347,0.52345258,34.475347,0.52345258
2000cu,0.01902,34.6066,0.277471,34.512674,0.093926302,34.512674,0.093926302
2010ai,0.01918,34.9792,0.21848,34.531105,0.44809507,34.531105,0.44809507
2009gf,0.01925,34.492,0.255362,34.539121,-0.04712091,34.539121,-0.04712091
2009gf,0.01925,34.576,0.296243,34.539121,0.03687909,34.539121,0.03687909
2006ej,0.01926,34.5995,0.188309,34.540264,0.0592363,34.540264,0.0592363
2006ej,0.01926,34.6482,0.187832,34.540264,0.1079363,34.540264,0.1079363
2006ej,0.01926,34.5012,0.295566,34.540264,-0.0390637,34.540264,-0.0390637
2006ej,0.01926,34.576,0.189903,34.540264,0.0357363,34.540264,0.0357363
2002kf,0.01948,34.6854,0.204275,34.565258,0.12014202,34.565258,0.12014202
2006kf,0.01955,34.8085,0.195531,34.573152,0.2353477,34.573152,0.2353477
2006kf,0.01955,34.7747,0.195403,34.573152,0.2015477,34.573152,0.2015477
1992bc,0.01976,34.5121,0.199486,34.596669,-0.084568948,34.596669,-0.084568948
SN2016ajf,0.01978,34.7627,0.339971,34.598896,0.16380425,34.598896,0.16380425
2001dl,0.01983,35.1263,0.375783,34.604453,0.52184695,34.604453,0.52184695
2007au,0.01992,34.6865,0.406241,34.614421,0.07207858,34.614421,0.07207858
AT2016eoa,0.01993,34.6693,0.230687,34.615526,0.053773728,34.615526,0.053773728
ASASSN-16lc,0.02001,34.6956,0.216494,34.624345,0.071254552,34.624345,0.071254552
ASASSN-17bs,0.02014,34.5647,0.249505,34.638603,-0.073902672,34.638603,-0.073902672
2018fop,0.02017,34.5899,0.199177,34.64188,-0.051979904,34.64188,-0.051979904
ATLAS16dqf,0.02019,34.5749,0.375822,34.644062,-0.069162055,34.644062,-0.069162055
2016hpw,0.02019,34.8165,0.241825,34.644062,0.17243795,34.644062,0.17243795
2009ds,0.02033,34.5072,0.233893,34.659278,-0.15207765,34.659278,-0.15207765
2009ds,0.02033,34.702,0.19246,34.659278,0.042722346,34.659278,0.042722346
PSNJ1602512,0.02039,34.556,0.333904,34.665767,-0.109767,34.665767,-0.109767
2001br,0.02046,34.8118,0.300223,34.673314,0.13848586,34.673314,0.13848586
2007st,0.02061,34.4168,0.217156,34.689401,-0.27260118,34.689401,-0.27260118
2005ki,0.02066,34.5709,0.187708,34.694738,-0.12383787,34.694738,-0.12383787
2005ki,0.02066,34.4931,0.19075,34.694738,-0.20163787,34.694738,-0.20163787
2005ki,0.02066,34.5656,0.177716,34.694738,-0.12913787,34.694738,-0.12913787
2010A,0.02079,34.4863,0.330445,34.708554,-0.22225387,34.708554,-0.22225387
2003W,0.02087,34.6349,0.254511,34.717014,-0.082113731,34.717014,-0.082113731
2003W,0.02087,34.674,0.230899,34.717014,-0.043013731,34.717014,-0.043013731
ASASSN-16lg,0.02093,34.375,0.203089,34.723338,-0.34833767,34.723338,-0.34833767
ASASSN-15uv,0.02104,34.6114,0.393324,34.734885,-0.12348525,34.734885,-0.12348525
ASASSN-15lg,0.02121,34.6552,0.214591,34.752615,-0.097414932,34.752615,-0.097414932
2006et,0.0214,34.7742,0.253646,34.772265,0.0019346053,34.772265,0.0019346053
2006et,0.0214,34.7583,0.283448,34.772265,-0.013965395,34.772265,-0.013965395
2008Z,0.02146,35.118,0.310686,34.778435,0.33956492,34.778435,0.33956492
2008Z,0.02146,35.2056,0.304103,34.778435,0.42716492,34.778435,0.42716492
ASASSN-18da,0.02157,34.7709,0.195863,34.789702,-0.018802127,34.789702,-0.018802127
2006dm,0.02161,34.8059,0.18018,34.793785,0.012114804,34.793785,0.012114804
2006dm,0.02161,34.8234,0.25811,34.793785,0.029614804,34.793785,0.029614804
2009dc,0.02179,34.3468,0.19901,34.812067,-0.46526729,34.812067,-0.46526729
2000fa,0.02181,34.759,0.288719,34.814089,-0.055089434,34.814089,-0.055089434
2000fa,0.02181,34.7997,0.25527,34.814089,-0.014389434,34.814089,-0.014389434
2007bc,0.02187,34.7344,0.177177,34.820145,-0.085744926,34.820145,-0.085744926
2007bc,0.02187,34.7419,0.187753,34.820145,-0.078244926,34.820145,-0.078244926
2007bc,0.02187,34.7561,0.180584,34.820145,-0.064044926,34.820145,-0.064044926
1995ak,0.02193,34.6739,0.247785,34.826184,-0.15228407,34.826184,-0.15228407
ASASSN-18iu,0.02202,34.8847,0.186029,34.835212,0.04948769,34.835212,0.04948769
2004bw,0.02207,34.8194,0.196425,34.840212,-0.020812299,34.840212,-0.020812299
2009na,0.02209,34.7477,0.199095,34.842209,-0.09450917,34.842209,-0.09450917
2004bg,0.02214,34.8704,0.204479,34.847194,0.023206439,34.847194,0.023206439
2004bg,0.02214,34.7727,0.199004,34.847194,-0.074493561,34.847194,-0.074493561
2002cu,0.02217,34.7814,0.224663,34.850179,-0.068778875,34.850179,-0.068778875
ASASSN-15tz,0.0222,34.9543,0.274039,34.85316,0.10113979,34.85316,0.10113979
PS15cku,0.02222,35.0537,0.229702,34.855146,0.19855444,34.855146,0.19855444
2002ef,0.02224,34.6849,0.358325,34.857129,-0.17222915,34.857129,-0.17222915
2006bq,0.02226,34.8693,0.2033,34.859111,0.010189013,34.859111,0.010189013
ATLAS16dpb,0.02238,35.0481,0.288632,34.870965,0.17713473,34.870965,0.17713473
2001cp,0.02245,34.9654,0.216973,34.877851,0.087548617,34.877851,0.087548617
ASASSN-17aj,0.02253,34.7306,0.243141,34.885695,-0.15509537,34.885695,-0.15509537
ASASSN-16bn,0.02253,35.0392,0.214526,34.885695,0.15350463,34.885695,0.15350463
2008ia,0.02257,34.9245,0.169837,34.889607,0.034892928,34.889607,0.034892928
2000cn,0.0226,34.9712,0.237284,34.892536,0.078663628,34.892536,0.078663628
2000cn,0.0226,34.9992,0.267367,34.892536,0.10666363,34.892536,0.10666363
ASASSN-14fa,0.02262,34.883,0.27497,34.894487,-0.011487111,34.894487,-0.011487111
1999dg,0.02263,34.8589,0.246447,34.895462,-0.036561844,34.895462,-0.036561844
2007qe,0.0228,35.0406,0.206572,34.911968,0.12863231,34.911968,0.12863231
2007qe,0.0228,34.9509,0.259128,34.911968,0.03893231,34.911968,0.03893231
2004at,0.02287,34.9168,0.178524,34.918729,-0.0019290032,34.918729,-0.0019290032
SNF20080514-002,0.02292,35.0136,0.216159,34.923546,0.090053957,34.923546,0.090053957
2007ci,0.02295,34.6478,0.266962,34.926431,-0.2786313,34.926431,-0.2786313
2007ci,0.02295,34.4301,0.279423,34.926431,-0.4963313,34.926431,-0.4963313
ASASSN-16em,0.02296,34.994,0.277383,34.927392,0.066607771,34.927392,0.066607771
2006sr,0.02307,34.9949,0.180801,34.937935,0.056964696,34.937935,0.056964696
ASASSN-15nr,0.02309,34.8331,0.263771,34.939847,-0.10674691,34.939847,-0.10674691
2009cz,0.02315,34.8582,0.260273,34.945572,-0.087371943,34.945572,-0.087371943
2009cz,0.02315,34.8582,0.170636,34.945572,-0.087371943,34.945572,-0.087371943
2014ai,0.02317,35.0225,0.271221,34.947477,0.075022959,34.947477,0.075022959
2009jb,0.02324,34.7666,0.340338,34.954132,-0.18753215,34.954132,-0.18753215
2009al,0.02328,34.9851,0.282579,34.957926,0.027173781,34.957926,0.027173781
2009al,0.02328,35.0081,0.221692,34.957926,0.050173781,34.957926,0.050173781
2009al,0.02328,34.9783,0.225403,34.957926,0.020373781,34.957926,0.020373781
ATLAS17bas,0.02331,34.5715,0.261746,34.960768,-0.38926756,34.960768,-0.38926756
2006cp,0.02334,34.8603,0.24312,34.963605,-0.1033053,34.963605,-0.1033053
2006cp,0.02334,34.7714,0.302654,34.963605,-0.1922053,34.963605,-0.1922053
ASASSN-15sf,0.02349,35.2317,0.235205,34.97774,0.25395967,34.97774,0.25395967
2017hoq,0.0235,34.985,0.19074,34.97868,0.0063204998,34.97868,0.0063204998
1998eg,0.02358,35.1018,0.195014,34.986179,0.11562125,34.986179,0.11562125
2010cr,0.02368,35.2685,0.304874,34.995518,0.27298235,34.995518,0.27298235
ASASSN-15il,0.02374,34.8584,0.20127,35.001102,-0.14270238,35.001102,-0.14270238
AT2017cfb,0.02382,34.8438,0.220547,35.008527,-0.1647271,35.008527,-0.1647271
PS16ccn,0.02395,35.1784,0.189112,35.02054,0.15785993,35.02054,0.15785993
2006ac,0.02395,34.9871,0.184147,35.02054,-0.03344007,35.02054,-0.03344007
2006ac,0.02395,34.953,0.198064,35.02054,-0.06754007,35.02054,-0.06754007
ASASSN-15jt,0.02396,34.889,0.403697,35.021461,-0.13246148,35.021461,-0.13246148
2003he,0.02404,35.0862,0.240547,35.028819,0.0573808,35.028819,0.0573808
2004bk,0.02405,34.8391,0.21588,35.029737,-0.19063722,35.029737,-0.19063722
ASASSN-16hz,0.02406,34.8112,0.317595,35.030655,-0.21945486,35.030655,-0.21945486
2003it,0.02413,35.079,0.205996,35.037068,0.041932125,35.037068,0.041932125
2005bg,0.02414,35.0102,0.201948,35.037983,-0.027782524,35.037983,-0.027782524
2007F,0.0242,35.084,0.183555,35.043463,0.040537398,35.043463,0.040537398
2007F,0.0242,34.9421,0.208286,35.043463,-0.1013626,35.043463,-0.1013626
2000bh,0.02421,34.8782,0.224067,35.044375,-0.16617465,35.044375,-0.16617465
2010ao,0.02422,34.943,0.2098,35.045286,-0.10228632,35.045286,-0.10228632
AT2016bln,0.02425,35.0771,0.195416,35.048019,0.029080873,35.048019,0.029080873
2004br,0.02426,34.807,0.18246,35.048929,-0.24192932,35.048929,-0.24192932
1994M,0.02426,34.9528,0.213795,35.048929,-0.096129323,35.048929,-0.096129323
2010gp,0.02436,34.4711,0.398476,35.058011,-0.58691102,35.058011,-0.58691102
PS1-14xw,0.02436,35.1049,0.31033,35.058011,0.046888979,35.058011,0.046888979
2011dn,0.02443,34.4583,0.333265,35.064346,-0.6060464,35.064346,-0.6060464
2018enc,0.0245,34.9998,0.217718,35.070664,-0.070863949,35.070664,-0.070863949
1993H,0.0245,35.1803,0.232251,35.070664,0.10963605,35.070664,0.10963605
2008bf,0.02451,35.0521,0.231261,35.071565,-0.019465005,35.071565,-0.019465005
2008bf,0.02451,34.8898,0.233972,35.071565,-0.18176501,35.071565,-0.18176501
2008bf,0.02451,35.1061,0.235556,35.071565,0.034534995,35.071565,0.034534995
2000ca,0.02454,34.8993,0.190331,35.074266,-0.174966,35.074266,-0.174966
2002he,0.02469,35.1139,0.15531,35.087722,0.026177554,35.087722,0.026177554
2002he,0.02469,35.1145,0.174825,35.087722,0.026777554,35.087722,0.026777554
PSNJ0153424,0.02474,35.1828,0.233724,35.09219,0.090609944,35.09219,0.090609944
2009D,0.02476,35.008,0.162015,35.093975,-0.085974613,35.093975,-0.085974613
2009D,0.02476,34.9493,0.170871,35.093975,-0.14467461,35.093975,-0.14467461
2009D,0.02476,35.0746,0.209952,35.093975,-0.019374613,35.093975,-0.019374613
2007cq,0.02481,35.009,0.176889,35.09843,-0.089429807,35.09843,-0.089429807
2007cq,0.02481,34.8369,0.288042,35.09843,-0.26152981,35.09843,-0.26152981
2007cq,0.02481,34.8482,0.181918,35.09843,-0.25022981,35.09843,-0.25022981
2001cj,0.02491,35.1973,0.228493,35.107314,0.089986244,35.107314,0.089986244
SN2017hn,0.02492,35.0621,0.190177,35.1082,-0.04610022,35.1082,-0.04610022
2002bf,0.02494,34.9063,0.269066,35.109972,-0.2036721,35.109972,-0.2036721
2002bf,0.02494,34.9441,0.240723,35.109972,-0.1658721,35.109972,-0.1658721
AT2017cfc,0.02499,35.0276,0.190198,35.114396,-0.086795688,35.114396,-0.086795688
2012bh,0.025,35.1989,0.238281,35.115279,0.083620639,35.115279,0.083620639
2007sw,0.025,34.9117,0.306484,35.115279,-0.20357936,35.115279,-0.20357936
370356,0.025,35.2277,0.204374,35.115279,0.11242064,35.115279,0.11242064
PS15ahs,0.02522,35.1974,0.185937,35.134633,0.062767309,35.134633,0.062767309
PSNJ2352371,0.02525,35.4014,0.200491,35.137259,0.26414109,35.137259,0.26414109
SN2017ms,0.02538,35.1181,0.200181,35.148604,-0.030503815,35.148604,-0.030503815
2018jjd,0.02547,34.9842,0.185284,35.156425,-0.17222455,35.156425,-0.17222455
Gaia16agf,0.02553,35.2152,0.268527,35.161623,0.05357671,35.161623,0.05357671
ASASSN-15uu,0.02579,35.0223,0.372346,35.184013,-0.16171318,35.184013,-0.16171318
ASASSN-16bq,0.02582,35.1882,0.176701,35.186582,0.0016176641,35.186582,0.0016176641
2005M,0.02584,35.2931,0.179545,35.188293,0.10480653,35.188293,0.10480653
2005M,0.02584,34.835,0.348314,35.188293,-0.35329347,35.188293,-0.35329347
2005M,0.02584,35.1081,0.198242,35.188293,-0.080193474,35.188293,-0.080193474
1992ag,0.02592,34.7664,0.344692,35.195125,-0.42872503,35.195125,-0.42872503
2005ms,0.02595,35.308,0.179587,35.197682,0.11031848,35.197682,0.11031848
2005mc,0.02597,35.3429,0.323231,35.199384,0.14351577,35.199384,0.14351577
2005mc,0.02597,35.2855,0.288909,35.199384,0.08611577,35.199384,0.08611577
1999gp,0.02603,35.2892,0.205883,35.204485,0.084715359,35.204485,0.084715359
1999gp,0.02603,35.2688,0.183373,35.204485,0.064315359,35.204485,0.064315359
SN2017mf,0.02618,35.3111,0.17873,35.217185,0.093914727,35.217185,0.093914727
2002eb,0.02633,35.2673,0.172357,35.229815,0.037485433,35.229815,0.037485433
SNF20071021-000,0.0264,35.3224,0.216057,35.235684,0.086715948,35.235684,0.086715948
1992P,0.02643,35.313,0.220137,35.238195,0.074805136,35.238195,0.074805136
ASASSN-17at,0.02643,35.2513,0.18676,35.238195,0.013105136,35.238195,0.013105136
2007co,0.02655,35.227,0.261645,35.24821,-0.021210177,35.24821,-0.021210177
2007co,0.02655,35.1118,0.346591,35.24821,-0.13641018,35.24821,-0.13641018
2007co,0.02655,35.3437,0.230789,35.24821,0.095489823,35.24821,0.095489823
2007su,0.0266,35.3042,0.352852,35.25237,0.051829902,35.25237,0.051829902
ASASSN-16av,0.02676,35.3467,0.289875,35.26563,0.081069608,35.26563,0.081069608
ASASSN-15mf,0.02691,35.1184,0.181369,35.277991,-0.15959134,35.277991,-0.15959134
2010ii,0.02704,35.1306,0.184771,35.28865,-0.15804952,35.28865,-0.15804952
2005na,0.02717,35.1538,0.186856,35.299257,-0.14545746,35.299257,-0.14545746
2005na,0.02717,35.113,0.172724,35.299257,-0.18625746,35.299257,-0.18625746
2005na,0.02717,35.1117,0.170295,35.299257,-0.18755746,35.299257,-0.18755746
ASASSN-15fa,0.02721,35.5236,0.225337,35.302511,0.22108858,35.302511,0.22108858
2013fn,0.02724,35.2892,0.298907,35.304949,-0.015748797,35.304949,-0.015748797
2008ar,0.02732,35.359,0.180243,35.311436,0.047564391,35.311436,0.047564391
2008ar,0.02732,35.4368,0.180322,35.311436,0.12536439,35.311436,0.12536439
2008ar,0.02732,35.2913,0.178243,35.311436,-0.020135609,35.311436,-0.020135609
PSNJ0252467,0.02748,35.3613,0.190628,35.324353,0.036946561,35.324353,0.036946561
2006ev,0.02759,35.6739,0.216353,35.333192,0.34070834,35.333192,0.34070834
2006gj,0.0277,35.7258,0.321699,35.341995,0.38380467,35.341995,0.38380467
2011hb,0.02775,35.2874,0.292934,35.345986,-0.058585654,35.345986,-0.058585654
2002el,0.02778,35.1049,0.181734,35.348376,-0.24347646,35.348376,-0.24347646
SN2017ckx,0.02779,35.6596,0.251383,35.349173,0.31042717,35.349173,0.31042717
2003U,0.02794,35.2665,0.177545,35.361085,-0.094584753,35.361085,-0.094584753
AT2017ns,0.02802,35.1963,0.366604,35.367412,-0.17111212,35.367412,-0.17111212
1998ab,0.02806,34.9487,0.227749,35.370569,-0.42186916,35.370569,-0.42186916
2009aa,0.02827,35.3174,0.173415,35.387071,-0.069671424,35.387071,-0.069671424
1993ah,0.02828,35.2763,0.655117,35.387854,-0.11155424,35.387854,-0.11155424
2004gs,0.02829,35.5996,0.235009,35.388637,0.21096321,35.388637,0.21096321
2005eq,0.02831,35.558,0.160985,35.390201,0.16779894,35.390201,0.16779894
2005eq,0.02831,35.5061,0.163093,35.390201,0.11589894,35.390201,0.11589894
2005eq,0.02831,35.5563,0.160218,35.390201,0.16609894,35.390201,0.16609894
2009ad,0.02834,35.372,0.160301,35.392545,-0.020545441,35.392545,-0.020545441
2009ad,0.02834,35.3421,0.156527,35.392545,-0.050445441,35.392545,-0.050445441
PS16cvc,0.02844,35.6948,0.183345,35.400342,0.29445752,35.400342,0.29445752
ASASSN-15la,0.02845,35.0558,0.218663,35.401121,-0.3453207,35.401121,-0.3453207
ASASSN-15fs,0.0285,35.2391,0.185823,35.405008,-0.16590779,35.405008,-0.16590779
2013bs,0.02859,35.4105,0.201911,35.411988,-0.0014877156,35.411988,-0.0014877156
2006qo,0.02871,35.4779,0.275376,35.421261,0.056639201,35.421261,0.056639201
PSNJ0859349,0.02874,35.472,0.225755,35.423573,0.048426875,35.423573,0.048426875
1996C,0.02875,35.5152,0.250819,35.424343,0.090856626,35.424343,0.090856626
LSQ12gdj,0.02886,35.0939,0.272694,35.432799,-0.3388988,35.432799,-0.3388988
2003ch,0.02895,35.6024,0.169987,35.439693,0.16270663,35.439693,0.16270663
ASASSN-16ay,0.02895,35.6222,0.299966,35.439693,0.18250663,35.439693,0.18250663
2000cw,0.02896,35.6079,0.224233,35.440458,0.16744186,35.440458,0.16744186
ASASSN-16br,0.029,35.5064,0.190895,35.443515,0.062885392,35.443515,0.062885392
Gaia16bba,0.02934,35.4354,0.185335,35.469329,-0.033928799,35.469329,-0.033928799
ASASSN-16hh,0.02935,35.5015,0.190369,35.470084,0.031416412,35.470084,0.031416412
2007is,0.02953,35.3449,0.211378,35.483627,-0.13872681,35.483627,-0.13872681
1997dg,0.02962,35.861,0.192522,35.490368,0.37063192,35.490368,0.37063192
AT2016cyt,0.02965,35.3586,0.164518,35.492611,-0.1340107,35.492611,-0.1340107
ASASSN-16es,0.02973,35.5345,0.258248,35.49858,0.035919836,35.49858,0.035919836
2004ef,0.02978,35.5195,0.196088,35.502303,0.017196919,35.502303,0.017196919
2004ef,0.02978,35.4838,0.199296,35.502303,-0.018503081,35.502303,-0.018503081
2004ef,0.02978,35.4761,0.233488,35.502303,-0.026203081,35.502303,-0.026203081
ASASSN-16hr,0.0298,35.4648,0.278746,35.503791,-0.038990531,35.503791,-0.038990531
ATLAS17ajn,0.02988,35.5116,0.190788,35.509731,0.0018694459,35.509731,0.0018694459
ASASSN-16fs,0.0299,35.2761,0.180915,35.511213,-0.23511312,35.511213,-0.23511312
ASASSN-16fo,0.02994,35.4803,0.173804,35.514175,-0.033875342,35.514175,-0.033875342
AT2017lm,0.03002,35.5542,0.216273,35.520088,0.034111847,35.520088,0.034111847
ASASSN-15uw,0.03004,35.6084,0.212671,35.521564,0.086836059,35.521564,0.086836059
PS15cwx,0.03007,35.4164,0.184841,35.523776,-0.10737582,35.523776,-0.10737582
SNF20080909-030,0.03013,35.565,0.183722,35.528193,0.036806919,35.528193,0.036806919
ASASSN-15nq,0.03025,35.5185,0.166012,35.537002,-0.018501787,35.537002,-0.018501787
AT2017zd,0.03048,35.2781,0.194122,35.55379,-0.27568976,35.55379,-0.27568976
2002de,0.0305,35.3638,0.283742,35.555244,-0.19144371,35.555244,-0.19144371
ASASSN-16aj,0.03053,35.4654,0.177866,35.557423,-0.092022878,35.557423,-0.092022878
2009fv,0.03072,35.3374,0.375292,35.571176,-0.23377572,35.571176,-0.23377572
2009fv,0.03072,35.406,0.332119,35.571176,-0.16517572,35.571176,-0.16517572
2009eu,0.03072,35.9224,0.399302,35.571176,0.35122428,35.571176,0.35122428
2006bw,0.03075,35.6231,0.320886,35.57334,0.049760412,35.57334,0.049760412
2006en,0.03081,35.6474,0.19424,35.577661,0.069738868,35.577661,0.069738868
2000dn,0.03081,35.707,0.22057,35.577661,0.12933887,35.577661,0.12933887
CSS160428,0.03081,35.7017,0.164289,35.577661,0.12403887,35.577661,0.12403887
2006en,0.03081,35.6847,0.188076,35.577661,0.10703887,35.577661,0.10703887
1990O,0.03093,35.4926,0.166476,35.58628,-0.093679521,35.58628,-0.093679521
AT2017wb,0.03093,35.5304,0.283582,35.58628,-0.055879521,35.58628,-0.055879521
2013fy,0.03099,35.3522,0.343157,35.590576,-0.23837643,35.590576,-0.23837643
2008gg,0.03107,35.67,0.236835,35.596293,0.073707028,35.596293,0.073707028
2008gg,0.03107,35.5409,0.184896,35.596293,-0.055392972,35.596293,-0.055392972
ASASSN-15hg,0.03107,35.6461,0.196214,35.596293,0.049807028,35.596293,0.049807028
2010gn,0.03123,35.9119,0.273901,35.607683,0.3042171,35.607683,0.3042171
1999cc,0.03132,35.5877,0.169094,35.614065,-0.026364618,35.614065,-0.026364618
2001ba,0.03136,35.6481,0.206672,35.616895,0.031204828,35.616895,0.031204828
2007bd,0.03141,35.5793,0.14868,35.620428,-0.041128391,35.620428,-0.041128391
2007bd,0.03141,35.4841,0.153803,35.620428,-0.13632839,35.620428,-0.13632839
2007bd,0.03141,35.4957,0.175954,35.620428,-0.12472839,35.620428,-0.12472839
MASTEROTJ08,0.03156,35.6675,0.174531,35.630995,0.036504931,35.630995,0.036504931
2006az,0.03158,35.4896,0.148675,35.6324,-0.14280024,35.6324,-0.14280024
010026,0.03174,35.6746,0.20211,35.64361,0.030989696,35.64361,0.030989696
2007ux,0.03183,35.6656,0.274525,35.649892,0.015708345,35.649892,0.015708345
2007ux,0.03183,35.8808,0.19004,35.649892,0.23090835,35.649892,0.23090835
ASASSN-15pr,0.03189,35.9082,0.198168,35.65407,0.25413044,35.65407,0.25413044
AT2017po,0.03201,35.576,0.196814,35.662402,-0.086402316,35.662402,-0.086402316
ASASSN-16oz,0.03207,35.4592,0.276064,35.666557,-0.20735722,35.666557,-0.20735722
2006os,0.03212,35.7992,0.326022,35.670014,0.12918617,35.670014,0.12918617
2006te,0.03212,35.7248,0.15355,35.670014,0.054786168,35.670014,0.054786168
2007ai,0.03212,35.8577,0.294619,35.670014,0.18768617,35.670014,0.18768617
2007ai,0.03212,35.8562,0.258808,35.670014,0.18618617,35.670014,0.18618617
2006bt,0.03241,35.772,0.224228,35.689959,0.082041203,35.689959,0.082041203
2006bt,0.03241,35.7428,0.226764,35.689959,0.052841203,35.689959,0.052841203
2006bt,0.03241,35.7867,0.216659,35.689959,0.096741203,35.689959,0.096741203
2008gp,0.03245,35.7268,0.162633,35.692696,0.034103903,35.692696,0.034103903
2008gp,0.03245,35.6643,0.150947,35.692696,-0.028396097,35.692696,-0.028396097
2008gl,0.03246,35.6431,0.148421,35.69338,-0.050279905,35.69338,-0.050279905
2008gl,0.03246,35.6366,0.169859,35.69338,-0.056779905,35.69338,-0.056779905
2008gl,0.03246,35.6638,0.156049,35.69338,-0.029579905,35.69338,-0.029579905
2004as,0.0325,35.7324,0.22019,35.696113,0.036286923,35.696113,0.036286923
2004as,0.0325,35.8907,0.225741,35.696113,0.19458692,35.696113,0.19458692
ATLAS17axb,0.03264,35.5602,0.185563,35.705653,-0.1454533,35.705653,-0.1454533
2008bq,0.03279,35.7279,0.17805,35.715831,0.012069405,35.715831,0.012069405
2005iq,0.03292,35.8516,0.143619,35.724614,0.1269859,35.724614,0.1269859
2005iq,0.03292,35.8647,0.150987,35.724614,0.1400859,35.724614,0.1400859
PS15bsq,0.03309,35.7797,0.159699,35.736049,0.043650885,35.736049,0.043650885
2006S,0.0331,35.9089,0.177213,35.73672,0.17218003,35.73672,0.17218003
ASASSN-16bc,0.03314,35.6164,0.168015,35.739401,-0.12300141,35.739401,-0.12300141
2003gn,0.03316,36.0229,0.243018,35.740741,0.28215906,35.740741,0.28215906
2003cq,0.03323,35.8276,0.259126,35.745423,0.082176927,35.745423,0.082176927
2010ag,0.03336,35.8159,0.198961,35.754093,0.061807098,35.754093,0.061807098
SN2017cii,0.03337,35.8381,0.178659,35.754758,0.083341558,35.754758,0.083341558
2004L,0.03344,35.829,0.273673,35.759412,0.069588244,35.759412,0.069588244
2003iv,0.03351,35.9118,0.165632,35.764056,0.14774446,35.764056,0.14774446
2006gr,0.03352,35.9188,0.207416,35.764718,0.15408183,35.764718,0.15408183
2006gr,0.03352,35.9378,0.211316,35.764718,0.17308183,35.764718,0.17308183
2005eu,0.03369,35.8038,0.482057,35.775953,0.027846753,35.775953,0.027846753
2005eu,0.03369,35.8012,0.48333,35.775953,0.025246753,35.775953,0.025246753
SN2016hpx,0.0337,35.6329,0.204026,35.776612,-0.14371241,35.776612,-0.14371241
ATLAS17ajs,0.0337,35.9757,0.358083,35.776612,0.19908759,35.776612,0.19908759
2003kc,0.0341,35.8566,0.205773,35.802823,0.053777064,35.802823,0.053777064
2011dl,0.03432,35.7587,0.312966,35.817111,-0.058410757,35.817111,-0.058410757
ASASSN-15tg,0.03445,35.861,0.1686,35.825511,0.035488507,35.825511,0.035488507
1996bl,0.03481,35.7348,0.155656,35.848614,-0.1138142,35.848614,-0.1138142
ASASSN-15jl,0.03492,35.8816,0.169326,35.855627,0.025973246,35.855627,0.025973246
AT2016fbk,0.03495,36.1545,0.230318,35.857536,0.29696448,35.857536,0.29696448
2016fbk,0.03495,35.9591,0.225173,35.857536,0.10156448,35.857536,0.10156448
2008at,0.03497,35.8349,0.334212,35.858807,-0.023907138,35.858807,-0.023907138
ASASSN-15mi,0.03501,35.5515,0.204326,35.861348,-0.30984824,35.861348,-0.30984824
2007hu,0.03518,35.9905,0.374822,35.872116,0.11838364,35.872116,0.11838364
2007ba,0.03533,35.825,0.340606,35.881575,-0.056575457,35.881575,-0.056575457
PTSS-16efw,0.03542,36.234,0.188455,35.887232,0.34676792,35.887232,0.34676792
2001ck,0.03544,35.8586,0.223482,35.888487,-0.029887199,35.888487,-0.029887199
1994T,0.03564,35.9325,0.204232,35.901,0.031499573,35.901,0.031499573
ASASSN-16dw,0.03565,35.7837,0.217075,35.901624,-0.11792428,35.901624,-0.11792428
1992bg,0.03574,35.8937,0.211664,35.907231,-0.013531316,35.907231,-0.013531316
ASASSN-15lu,0.03577,36.0035,0.185251,35.909097,0.094402742,35.909097,0.094402742
ASASSN-16db,0.03589,35.8698,0.18969,35.916546,-0.04674576,35.916546,-0.04674576
2002hu,0.03591,35.9637,0.166565,35.917785,0.045915191,35.917785,0.045915191
ASASSN-15ss,0.03592,35.9909,0.187185,35.918404,0.072495919,35.918404,0.072495919
PS15bbn,0.03602,36.1845,0.187245,35.924588,0.25991246,35.924588,0.25991246
2006mo,0.03616,36.0695,0.175025,35.933216,0.13628374,35.933216,0.13628374
2001eh,0.03627,36.0067,0.135213,35.939973,0.06672692,35.939973,0.06672692
2001eh,0.03627,35.9927,0.149174,35.939973,0.05272692,35.939973,0.05272692
2002G,0.03631,35.8056,0.308166,35.942425,-0.13682514,35.942425,-0.13682514
2002G,0.03631,35.9287,0.318471,35.942425,-0.013725141,35.942425,-0.013725141
ASASSN-15bc,0.03639,35.949,0.262609,35.947321,0.001678647,35.947321,0.001678647
2008gb,0.03641,36.0889,0.198876,35.948544,0.14035624,35.948544,0.14035624
2008hj,0.03643,35.8836,0.185109,35.949766,-0.066165515,35.949766,-0.066165515
2008hj,0.03643,35.9282,0.1566,35.949766,-0.021565515,35.949766,-0.021565515
2000cf,0.03646,36.0475,0.166339,35.951597,0.095903084,35.951597,0.095903084
2007jg,0.03652,36.3333,0.171248,35.955255,0.3780447,35.955255,0.3780447
2007jg,0.03652,36.2185,0.171341,35.955255,0.2632447,35.955255,0.2632447
2008ei,0.03654,36.08,0.336812,35.956473,0.12352654,35.956473,0.12352654
2002eu,0.03672,36.0624,0.163008,35.967408,0.094992355,35.967408,0.094992355
AT2016hns,0.03704,35.9789,0.163683,35.986717,-0.0078174995,35.986717,-0.0078174995
2000dg,0.03725,36.0748,0.289284,35.999301,0.075498793,35.999301,0.075498793
2007O,0.03732,35.8617,0.152703,36.00348,-0.14178038,36.00348,-0.14178038
2007O,0.03732,35.8938,0.151724,36.00348,-0.10968038,36.00348,-0.10968038
2009bv,0.03748,36.2564,0.149974,36.013004,0.24339591,36.013004,0.24339591
AT2016cvw,0.03761,36.0063,0.206656,36.020713,-0.014412905,36.020713,-0.014412905
SN2017ciy,0.03762,36.5177,0.245806,36.021305,0.49639519,36.021305,0.49639519
2008fr,0.0379,36.1141,0.236153,36.037816,0.07628387,36.037816,0.07628387
ASASSN-15pn,0.038,36.1962,0.220822,36.043684,0.15251583,36.043684,0.15251583
ASASSN-15np,0.03832,36.026,0.219507,36.062361,-0.036361083,36.062361,-0.036361083
2008051,0.03835,36.0125,0.17035,36.064104,-0.051604229,36.064104,-0.051604229
2010dw,0.03871,36.0125,0.204712,36.084919,-0.072418757,36.084919,-0.072418757
PS15cze,0.03891,36.5486,0.234635,36.096401,0.45219912,36.096401,0.45219912
1999aw,0.03928,36.2125,0.18352,36.117492,0.095008244,36.117492,0.095008244
2008O,0.0394,36.2254,0.311188,36.12429,0.10110958,36.12429,0.10110958
SN2016glz,0.03975,35.9918,0.210464,36.144005,-0.15220506,36.144005,-0.15220506
2008dr,0.03996,36.284,0.147901,36.155753,0.12824729,36.155753,0.12824729
2003fa,0.04015,36.0818,0.14498,36.16633,-0.084529756,36.16633,-0.084529756
2003fa,0.04015,36.0167,0.143473,36.16633,-0.14962976,36.16633,-0.14962976
2007jh,0.04023,36.5601,0.280122,36.170769,0.38933135,36.170769,0.38933135
2009do,0.04027,36.0403,0.147245,36.172985,-0.13268487,36.172985,-0.13268487
SN2017coa,0.04045,36.4104,0.307187,36.182931,0.22746864,36.182931,0.22746864
PS16axi,0.04056,36.1263,0.168835,36.188989,-0.062688541,36.188989,-0.062688541
2001az,0.04059,36.3153,0.150794,36.190638,0.12466228,36.190638,0.12466228
2007kk,0.0413,36.2071,0.166515,36.229325,-0.022225257,36.229325,-0.022225257
2007kk,0.0413,36.2521,0.175538,36.229325,0.022774743,36.229325,0.022774743
2006cf,0.04223,36.2931,0.151018,36.279031,0.014068843,36.279031,0.014068843
2014bj,0.04239,36.5106,0.426487,36.287475,0.22312498,36.287475,0.22312498
2006cz,0.04251,35.9138,0.29449,36.293788,-0.37998757,36.293788,-0.37998757
ASASSN-16ct,0.04252,36.2457,0.207056,36.294313,-0.048612831,36.294313,-0.048612831
AT2016htm,0.04265,36.2018,0.162522,36.30113,-0.099330303,36.30113,-0.099330303
2007nq,0.04275,36.2882,0.166626,36.306361,-0.018160752,36.306361,-0.018160752
2007nq,0.04275,36.2137,0.152187,36.306361,-0.092660752,36.306361,-0.092660752
1992bl,0.0428,36.2101,0.208042,36.308972,-0.098871508,36.308972,-0.098871508
ASASSN-15mg,0.04307,36.3298,0.181208,36.323018,0.0067815378,36.323018,0.0067815378
SN2016ayg,0.04328,36.4165,0.166064,36.333885,0.082615296,36.333885,0.082615296
2006gt,0.04366,36.5114,0.286272,36.353418,0.15798244,36.353418,0.15798244
MASTERJ0134,0.04391,36.2594,0.177777,36.366178,-0.10677805,36.366178,-0.10677805
2005ku,0.04397,36.2916,0.249078,36.36923,-0.077630045,36.36923,-0.077630045
AT2016cvv,0.04404,36.5469,0.231201,36.372786,0.17411442,36.372786,0.17411442
2006hx,0.04429,36.4565,0.162334,36.385439,0.071060814,36.385439,0.071060814
PS16cqa,0.04433,36.6866,0.304921,36.387457,0.29914269,36.387457,0.29914269
SN2016esh,0.04488,36.1579,0.182756,36.415028,-0.2571282,36.415028,-0.2571282
2005hc,0.04496,36.5139,0.151933,36.419011,0.094888901,36.419011,0.094888901
2005hc,0.04496,36.4634,0.173532,36.419011,0.044388901,36.419011,0.044388901
PSNJ1204051,0.04502,36.4541,0.196266,36.421994,0.032106252,36.421994,0.032106252
1992bh,0.0451,36.551,0.270525,36.425965,0.1250354,36.425965,0.1250354
2005lz,0.04541,36.3247,0.195021,36.441287,-0.11658722,36.441287,-0.11658722
PS17tn,0.04549,36.3811,0.196005,36.445225,-0.064124921,36.445225,-0.064124921
AT2016ews,0.04612,36.5394,0.159223,36.476001,0.063398976,36.476001,0.063398976
2008050,0.04627,36.2636,0.218105,36.483268,-0.2196684,36.483268,-0.2196684
2004gu,0.0467,36.4713,0.19409,36.503975,-0.032675275,36.503975,-0.032675275
360156,0.04673,36.5081,0.209562,36.505413,0.0026869845,36.505413,0.0026869845
2016afk,0.04677,36.5642,0.229149,36.507329,0.056871392,36.507329,0.056871392
2008cf,0.04692,36.4786,0.148197,36.514498,-0.035897925,36.514498,-0.035897925
2008cf,0.04692,36.4857,0.182928,36.514498,-0.028797925,36.514498,-0.028797925
PS16fa,0.04734,36.6009,0.161688,36.534454,0.066445875,36.534454,0.066445875
AT2017yk,0.04764,36.7582,0.280677,36.548603,0.20959651,36.548603,0.20959651
PS15aii,0.04768,36.5946,0.145385,36.550484,0.044116477,36.550484,0.044116477
ASASSN-15pm,0.04777,36.3735,0.154741,36.554708,-0.18120801,36.554708,-0.18120801
ATLAS16agv,0.04777,36.4976,0.165873,36.554708,-0.057108008,36.554708,-0.057108008
PS17akj,0.0478,36.5627,0.208806,36.556114,0.0065855482,36.556114,0.0065855482
AT2016gmg,0.04839,36.641,0.181462,36.583602,0.057398383,36.583602,0.057398383
1995ac,0.04867,36.3303,0.135835,36.596533,-0.26623266,36.596533,-0.26623266
PS16el,0.04896,36.4691,0.176995,36.60985,-0.14074959,36.60985,-0.14074959
2006cq,0.04928,36.5828,0.168097,36.624456,-0.041655532,36.624456,-0.041655532
2007kh,0.04944,36.5403,0.453411,36.631724,-0.091424008,36.631724,-0.091424008
PS15asb,0.04952,36.4714,0.18553,36.63535,-0.16394969,36.63535,-0.16394969
ASASSN-17eb,0.0497,36.4621,0.201896,36.643487,-0.18138672,36.643487,-0.18138672
1998dx,0.0498,36.5693,0.155812,36.647995,-0.07869494,36.647995,-0.07869494
AT2016cor,0.04995,36.8523,0.302557,36.654741,0.19755918,36.654741,0.19755918
PS16dnp,0.04998,36.8583,0.163226,36.656088,0.20221236,36.656088,0.20221236
1990af,0.05018,36.5997,0.202684,36.665046,-0.065346423,36.665046,-0.065346423
1993ag,0.05019,36.6402,0.244395,36.665493,-0.025293452,36.665493,-0.025293452
PS15brr,0.05063,36.5461,0.190961,36.685078,-0.13897765,36.685078,-0.13897765
2008hu,0.05071,36.7036,0.133364,36.688621,0.014979335,36.688621,0.014979335
PS16fbb,0.05139,36.8804,0.16836,36.718519,0.16188079,36.718519,0.16188079
1993O,0.05148,36.7759,0.228182,36.722448,0.053452422,36.722448,0.053452422
ASASSN-16hc,0.05165,36.5862,0.156832,36.72985,-0.1436497,36.72985,-0.1436497
2003ic,0.05196,36.393,0.201448,36.743287,-0.35028707,36.743287,-0.35028707
AT2016htn,0.05229,36.8411,0.218249,36.757506,0.083593787,36.757506,0.083593787
2006ot,0.05232,36.8679,0.208308,36.758795,0.10910545,36.758795,0.10910545
2006ot,0.05232,36.5433,0.298829,36.758795,-0.21549455,36.758795,-0.21549455
PS16n,0.05268,36.7752,0.161766,36.774199,0.0010010699,36.774199,0.0010010699
2010dt,0.05291,36.8474,0.172204,36.783987,0.063412709,36.783987,0.063412709
PS16evk,0.0532,36.9144,0.207509,36.796271,0.11812947,36.796271,0.11812947
PS16bby,0.0543,36.8327,0.178902,36.84228,-0.0095797343,36.84228,-0.0095797343
2006lu,0.05449,36.8631,0.133817,36.850135,0.01296477,36.850135,0.01296477
PS16ayd,0.05485,36.8581,0.149593,36.864947,-0.0068468549,36.864947,-0.0068468549
490007,0.05513,36.8676,0.194374,36.876402,-0.0088020756,36.876402,-0.0088020756
SN2017cpu,0.05529,36.6433,0.175423,36.882923,-0.23962265,36.882923,-0.23962265
2005hj,0.05631,36.9903,0.171451,36.924067,0.066233097,36.924067,0.066233097
AT2017oz,0.05641,36.8109,0.193162,36.928062,-0.11716176,36.928062,-0.11716176
2006py,0.05658,36.9098,0.185051,36.934837,-0.025037307,36.934837,-0.025037307
PS16aer,0.05668,37.0393,0.176308,36.938814,0.10048627,36.938814,0.10048627
2008eq,0.0568,37.0687,0.221323,36.943576,0.12512351,36.943576,0.12512351
SN2016gmb,0.05708,36.9545,0.182842,36.954652,-0.00015185403,36.954652,-0.00015185403
2006ob,0.0576,36.9821,0.138149,36.975082,0.0070183145,36.975082,0.0070183145
2006ob,0.0576,36.9324,0.14674,36.975082,-0.042681686,36.975082,-0.042681686
2001ah,0.05837,36.9802,0.215566,37.005008,-0.024808325,37.005008,-0.024808325
2001ah,0.05837,37.146,0.252804,37.005008,0.14099167,37.005008,0.14099167
LSQ13crf,0.05934,36.3001,0.617516,37.04217,-0.74206959,37.04217,-0.74206959
SN2016hhv,0.06067,37.1383,0.198009,37.09218,0.046120265,37.09218,0.046120265
SN2017cjv,0.06079,37.032,0.17759,37.09664,-0.064639721,37.09664,-0.064639721
2008go,0.06116,36.9608,0.196145,37.110338,-0.14953803,37.110338,-0.14953803
2008go,0.06116,36.9691,0.141986,37.110338,-0.14123803,37.110338,-0.14123803
2008bz,0.0613,37.1925,0.16057,37.1155,0.076999686,37.1155,0.076999686
2008bz,0.0613,37.1631,0.123921,37.1155,0.047599686,37.1155,0.047599686
2006oa,0.06142,37.0747,0.183316,37.119916,-0.045216081,37.119916,-0.045216081
1992bs,0.0637,37.3517,0.206518,37.202271,0.14942924,37.202271,0.14942924
PS16bnz,0.06398,37.0786,0.154429,37.212188,-0.13358779,37.212188,-0.13358779
SN2016aqb,0.06419,37.0197,0.155855,37.219598,-0.19989814,37.219598,-0.19989814
2007ae,0.06485,37.0851,0.153034,37.242737,-0.15763659,37.242737,-0.15763659
PS15cms,0.06603,37.3617,0.203312,37.283545,0.078154623,37.283545,0.078154623
6057,0.06652,37.1627,0.296189,37.300285,-0.1375853,37.300285,-0.1375853
SN2016ixf,0.06723,37.4237,0.194412,37.324332,0.099368417,37.324332,0.099368417
AT2016aj,0.06731,37.2344,0.203006,37.327026,-0.092625678,37.327026,-0.092625678
PS15bjg,0.06758,37.4935,0.190499,37.336096,0.15740445,37.336096,0.15740445
CSS160129,0.06841,37.2381,0.191221,37.36376,-0.12566015,37.36376,-0.12566015
2006al,0.06908,37.4213,0.159324,37.385857,0.035442796,37.385857,0.035442796
PTSS17-niq,0.0691,37.2817,0.174144,37.386514,-0.10481364,37.386514,-0.10481364
2008Y,0.07028,37.2775,0.212322,37.424924,-0.14742362,37.424924,-0.14742362
2008Y,0.07028,37.2961,0.226908,37.424924,-0.12882362,37.424924,-0.12882362
PS17yt,0.07046,37.4787,0.176182,37.430728,0.04797182,37.430728,0.04797182
470043,0.07061,37.7291,0.501827,37.435554,0.29354557,37.435554,0.29354557
2006on,0.07068,37.4543,0.24781,37.437803,0.01649669,37.437803,0.01649669
ATLAS16bwu,0.07074,37.3712,0.228257,37.439729,-0.068529216,37.439729,-0.068529216
1993B,0.07076,37.2944,0.277681,37.440371,-0.14597084,37.440371,-0.14597084
PS15bdr,0.07094,37.3552,0.196012,37.446138,-0.090937581,37.446138,-0.090937581
PS16em,0.07113,37.4814,0.447068,37.452209,0.02919054,37.452209,0.02919054
370566,0.07134,37.4155,0.208957,37.458902,-0.043402373,37.458902,-0.043402373
PS15bwh,0.07149,37.2494,0.16107,37.463671,-0.21427144,37.463671,-0.21427144
PS15mt,0.07193,37.5618,0.180815,37.477605,0.084194571,37.477605,0.084194571
2007jd,0.07196,37.6319,0.199695,37.478552,0.15334751,37.478552,0.15334751
PS15atx,0.07301,37.6225,0.304764,37.511463,0.11103718,37.511463,0.11103718
Gaia16aki,0.07398,37.5535,0.176502,37.541464,0.012035807,37.541464,0.012035807
PS17bii,0.07467,37.4501,0.192118,37.562576,-0.11247635,37.562576,-0.11247635
1992ae,0.07478,37.4346,0.222054,37.565925,-0.13132474,37.565925,-0.13132474
2005ir,0.0749,37.5656,0.154994,37.569572,-0.003972136,37.569572,-0.003972136
7876,0.0749,37.4763,0.179761,37.569572,-0.093272136,37.569572,-0.093272136
2010hs,0.07514,37.8142,0.289148,37.57685,0.23734986,37.57685,0.23734986
AT2016gsu,0.07529,37.5461,0.217171,37.581388,-0.035287571,37.581388,-0.035287571
370333,0.07557,37.6342,0.198325,37.589834,0.044365719,37.589834,0.044365719
Gaia16acv,0.07833,37.8315,0.146078,37.671525,0.15997533,37.671525,0.15997533
2007hx,0.07849,38.0942,0.180119,37.676175,0.4180247,37.676175,0.4180247
17186,0.07849,38.0154,0.239252,37.676175,0.3392247,37.676175,0.3392247
PS15bif,0.07855,37.5715,0.150392,37.677917,-0.10641694,37.677917,-0.10641694
560033,0.07869,37.5988,0.503338,37.681976,-0.083175822,37.681976,-0.083175822
12779,0.07891,37.7843,0.238199,37.68834,0.095959894,37.68834,0.095959894
PS15bzz,0.07901,37.53,0.147217,37.691227,-0.16122734,37.691227,-0.16122734
350316,0.07966,37.6003,0.157805,37.709909,-0.10960948,37.709909,-0.10960948
2005ag,0.08024,37.6668,0.119289,37.726457,-0.059656811,37.726457,-0.059656811
12950,0.08141,37.7215,0.219648,37.759491,-0.037991024,37.759491,-0.037991024
130308,0.08221,37.8192,0.217606,37.781818,0.037382109,37.781818,0.037382109
12898,0.08255,37.6774,0.265638,37.791244,-0.11384391,37.791244,-0.11384391
12781,0.08282,37.9939,0.195118,37.798703,0.19519716,37.798703,0.19519716
SN2016glp,0.08366,37.9686,0.221594,37.821761,0.14683947,37.821761,0.14683947
3592,0.08544,37.8406,0.128563,37.869898,-0.029297893,37.869898,-0.029297893
SN2016grz,0.08656,37.8484,0.21681,37.899698,-0.051297562,37.899698,-0.051297562
1241,0.08848,37.7772,0.253181,37.949936,-0.17273595,37.949936,-0.17273595
590194,0.09015,37.9202,0.21704,37.992794,-0.072593518,37.992794,-0.072593518
370066,0.09066,38.0269,0.167553,38.005731,0.021169209,38.005731,0.021169209
300105,0.09181,38.1602,0.266341,38.03465,0.12554988,38.03465,0.12554988
iPTF17dz,0.09284,38.2226,0.493293,38.06026,0.16234001,38.06026,0.16234001
010010,0.09968,38.4377,0.194713,38.223762,0.21393832,38.223762,0.21393832
160099,0.10142,38.2982,0.165557,38.263649,0.0345511,38.263649,0.0345511
140181,0.10231,38.2511,0.199553,38.2838,-0.032700158,38.2838,-0.032700158
000190,0.10237,38.4085,0.187412,38.285153,0.12334733,38.285153,0.12334733
100405,0.10298,38.1815,0.18625,38.298861,-0.11736059,38.298861,-0.11736059
13135,0.10338,38.3338,0.12638,38.307808,0.025992432,38.307808,0.025992432
20064,0.10351,38.2079,0.196456,38.310708,-0.10280826,38.310708,-0.10280826
13038,0.10485,38.4295,0.236183,38.340408,0.089092381,38.340408,0.089092381
18697,0.10638,38.2611,0.195537,38.373881,-0.11278053,38.373881,-0.11278053
20625,0.10684,38.4624,0.151122,38.383855,0.078545042,38.383855,0.078545042
3256,0.10694,38.4295,0.210466,38.386018,0.043482082,38.386018,0.043482082
120225,0.10728,38.7801,0.468541,38.393358,0.38674235,38.393358,0.38674235
21034,0.10751,38.4984,0.180059,38.39831,0.10008974,38.39831,0.10008974
500038,0.1081,38.4017,0.187108,38.410969,-0.0092689441,38.410969,-0.0092689441
7147,0.10886,38.4016,0.133183,38.427179,-0.025578809,38.427179,-0.025578809
020027,0.10988,38.5701,0.179741,38.448766,0.12133372,38.448766,0.12133372
18650,0.11243,38.6214,0.163201,38.501915,0.1194852,38.501915,0.1194852
18612,0.11365,38.3876,0.194923,38.52694,-0.13933996,38.52694,-0.13933996
8719,0.11628,38.5408,0.159897,38.580033,-0.039233494,38.580033,-0.039233494
5395,0.11635,38.6302,0.185742,38.581431,0.048768957,38.581431,0.048768957
2561,0.11741,38.5727,0.239635,38.602497,-0.029797236,38.602497,-0.029797236
16259,0.11771,38.6088,0.214419,38.608427,0.00037330366,38.608427,0.00037330366
1371,0.11797,38.4157,0.127058,38.613554,-0.19785401,38.613554,-0.19785401
000137,0.11878,38.5629,0.212381,38.629459,-0.066559313,38.629459,-0.066559313
5549,0.11992,38.5958,0.200195,38.651672,-0.055871648,38.651672,-0.055871648
12860,0.12042,38.7926,0.252257,38.661351,0.13124902,38.661351,0.13124902
490008,0.12067,38.6348,0.302627,38.666176,-0.031376404,38.666176,-0.031376404
19953,0.1219,38.5945,0.157915,38.689781,-0.095280742,38.689781,-0.095280742
390259,0.12208,38.6119,0.231142,38.693216,-0.08131614,38.693216,-0.08131614
18835,0.12262,38.6853,0.144584,38.703494,-0.018193692,38.703494,-0.018193692
2916,0.12303,38.5967,0.274641,38.711268,-0.1145685,38.711268,-0.1145685
16021,0.12336,38.6164,0.162163,38.717509,-0.10110851,38.717509,-0.10110851
13894,0.12356,38.8009,0.333367,38.721283,0.079617333,38.721283,0.079617333
570062,0.12363,38.8242,0.150324,38.722602,0.10159774,38.722602,0.10159774
6406,0.12377,38.6504,0.145797,38.725239,-0.074839326,38.725239,-0.074839326
19543,0.12384,38.835,0.221531,38.726557,0.1084432,38.726557,0.1084432
13044,0.12455,38.7616,0.12587,38.73988,0.021719813,38.73988,0.021719813
15459,0.12542,39.1417,0.298944,38.756109,0.38559142,38.756109,0.38559142
2992,0.12608,38.4956,0.293348,38.768349,-0.27274904,38.768349,-0.27274904
16069,0.12688,38.8125,0.259679,38.783105,0.029394879,38.783105,0.029394879
744,0.12694,38.6849,0.280884,38.784208,-0.099308285,38.784208,-0.099308285
14871,0.12705,38.7429,0.159508,38.786229,-0.043329474,38.786229,-0.043329474
18855,0.12716,38.7841,0.176913,38.788249,-0.004149012,38.788249,-0.004149012
22075,0.129,38.7547,0.150979,38.821788,-0.067088215,38.821788,-0.067088215
1032,0.12904,38.8403,0.212795,38.822512,0.017787696,38.822512,0.017787696
5751,0.12929,38.833,0.250442,38.827033,0.0059669289,38.827033,0.0059669289
18415,0.1294,38.8429,0.142748,38.82902,0.013880403,38.82902,0.013880403
18809,0.13153,38.802,0.134576,38.867175,-0.065175266,38.867175,-0.065175266
151034,0.13269,38.7841,0.122177,38.887711,-0.10361057,38.887711,-0.10361057
1334084,0.13349,38.8266,0.283718,38.901774,-0.075174499,38.901774,-0.075174499
15508,0.13353,38.8434,0.157696,38.902476,-0.059075609,38.902476,-0.059075609
14108,0.13463,39.2366,0.199357,38.921679,0.314921,38.921679,0.314921
15234,0.13514,39.0775,0.31333,38.930532,0.14696771,38.930532,0.14696771
000014,0.13599,38.9771,0.206627,38.945218,0.031881913,38.945218,0.031881913
17629,0.1364,38.8475,0.195569,38.952271,-0.10477094,38.952271,-0.10477094
19775,0.13687,39.0095,0.224296,38.960331,0.049168587,38.960331,0.049168587
18602,0.13696,38.9616,0.259136,38.961872,-0.00027193361,38.961872,-0.00027193361
21062,0.13729,39.3511,0.230391,38.967512,0.38358763,38.967512,0.38358763
17366,0.13811,38.8857,0.128482,38.981473,-0.095772919,38.981473,-0.095772919
15171,0.13818,38.9503,0.15974,38.982661,-0.032361056,38.982661,-0.032361056
190340,0.13824,39.0229,0.12425,38.983679,0.039220991,38.983679,0.039220991
20084,0.13834,39.0401,0.319084,38.985375,0.054725327,38.985375,0.054725327
190230,0.13864,39.0467,0.130742,38.990455,0.056245247,38.990455,0.056245247
12928,0.13868,38.9999,0.176022,38.991131,0.0087686854,38.991131,0.0087686854
090275,0.13959,39.0213,0.145767,39.006474,0.014826301,39.006474,0.014826301
1794,0.1407,39.1775,0.184019,39.025061,0.15243886,39.025061,0.15243886
17208,0.14084,39.2835,0.203514,39.027396,0.25610431,39.027396,0.25610431
340229,0.14108,39.0407,0.212429,39.031393,0.0093072815,39.031393,0.0093072815
1317666,0.1412,39.1237,0.260864,39.033389,0.090311167,39.033389,0.090311167
2635,0.14311,39.047,0.160602,39.064947,-0.017947362,39.064947,-0.017947362
17568,0.14335,39.5154,0.37065,39.068885,0.44651521,39.068885,0.44651521
190260,0.14344,39.1135,0.129494,39.07036,0.043140278,39.07036,0.043140278
17497,0.14388,39.0756,0.170594,39.077558,-0.0019580223,39.077558,-0.0019580223
8921,0.1441,39.016,0.24096,39.081149,-0.065149416,39.081149,-0.065149416
17605,0.14533,39.1518,0.210163,39.101134,0.050665889,39.101134,0.050665889
1296657,0.14624,39.1857,0.207408,39.115817,0.069882507,39.115817,0.069882507
440008,0.14656,39.158,0.187578,39.12096,0.037039517,39.12096,0.037039517
13796,0.14729,38.9672,0.171803,39.132654,-0.16545356,39.132654,-0.16545356
1316385,0.14741,39.0154,0.197495,39.13457,-0.11917049,39.13457,-0.11917049
180166,0.14757,39.161,0.170177,39.137124,0.023875869,39.137124,0.023875869
14024,0.14759,39.134,0.188785,39.137443,-0.0034431531,39.137443,-0.0034431531
14437,0.14792,39.0382,0.157931,39.142701,-0.10450116,39.142701,-0.10450116
1293758,0.14812,39.2285,0.184985,39.145882,0.082617532,39.145882,0.082617532
1255502,0.14819,39.0239,0.142683,39.146995,-0.12309497,39.146995,-0.12309497
13736,0.14882,39.1606,0.17494,39.156985,0.0036146285,39.156985,0.0036146285
2308,0.14923,39.1104,0.175216,39.163466,-0.053065747,39.163466,-0.053065747
000038,0.15036,39.1058,0.170038,39.18124,-0.075440141,39.18124,-0.075440141
460003,0.15067,39.1687,0.134119,39.186094,-0.01739438,39.186094,-0.01739438
2031,0.15186,39.0477,0.158769,39.204642,-0.15694174,39.204642,-0.15694174
18323,0.15272,39.3239,0.173198,39.217961,0.10593901,39.217961,0.10593901
15132,0.15304,39.2175,0.127754,39.222899,-0.0053990328,39.222899,-0.0053990328
18740,0.15317,39.0991,0.159928,39.224902,-0.12580234,39.224902,-0.12580234
19353,0.15325,39.2564,0.179373,39.226134,0.03026564,39.226134,0.03026564
16073,0.15339,39.3639,0.175468,39.228289,0.13561107,39.228289,0.13561107
5550,0.15493,39.2076,0.167881,39.251868,-0.044268254,39.251868,-0.044268254
16116,0.15509,39.278,0.157843,39.254305,0.023694568,39.254305,0.023694568
18030,0.15518,39.3994,0.175858,39.255675,0.14372469,39.255675,0.14372469
19940,0.15591,38.9704,0.179204,39.266759,-0.29635907,39.266759,-0.29635907
13354,0.15654,39.2087,0.210288,39.276285,-0.06758546,39.276285,-0.06758546
16206,0.15838,39.0794,0.163715,39.303904,-0.22450415,39.303904,-0.22450415
440042,0.15906,39.4267,0.283686,39.314035,0.11266501,39.314035,0.11266501
14782,0.15922,38.9503,0.143914,39.316413,-0.36611281,39.316413,-0.36611281
15425,0.15935,39.0908,0.143045,39.318343,-0.22754315,39.318343,-0.22754315
3317,0.15991,39.2286,0.167715,39.326642,-0.098041602,39.326642,-0.098041602
1299775,0.16009,39.0428,0.270648,39.329303,-0.28650318,39.329303,-0.28650318
2689,0.16036,39.2057,0.217053,39.33329,-0.12759029,39.33329,-0.12759029
390627,0.16045,39.4242,0.26036,39.334618,0.089582068,39.334618,0.089582068
5103,0.1606,39.2162,0.20927,39.336829,-0.12062911,39.336829,-0.12062911
120336,0.16134,39.3106,0.246322,39.347709,-0.037109376,39.347709,-0.037109376
17825,0.1622,39.3252,0.224064,39.360295,-0.035095417,39.360295,-0.035095417
19174,0.16357,39.2807,0.200998,39.380217,-0.099516746,39.380217,-0.099516746
3087,0.16431,39.2634,0.199319,39.390912,-0.12751226,39.390912,-0.12751226
19616,0.16455,39.3293,0.139452,39.394371,-0.065071396,39.394371,-0.065071396
20764,0.16478,39.3182,0.150918,39.397682,-0.079481967,39.397682,-0.079481967
20430,0.16593,39.4938,0.241887,39.41417,0.079629803,39.41417,0.079629803
12843,0.16595,39.1817,0.193496,39.414456,-0.232756,39.414456,-0.232756
12853,0.16817,39.2757,0.165826,39.445982,-0.17028157,39.445982,-0.17028157
350233,0.16935,39.5155,0.182871,39.46258,0.052919782,39.46258,0.052919782
17389,0.1696,39.6721,0.274897,39.466083,0.20601702,39.466083,0.20601702
12856,0.17029,39.4742,0.132684,39.475726,-0.0015256134,39.475726,-0.0015256134
590005,0.17137,39.5424,0.275502,39.490745,0.051654707,39.490745,0.051654707
310039,0.17156,39.4603,0.214715,39.493378,-0.033078482,39.493378,-0.033078482
19282,0.17239,39.5021,0.177409,39.504849,-0.0027494706,39.504849,-0.0027494706
1303279,0.17274,39.2676,0.152344,39.509671,-0.24207116,39.509671,-0.24207116
100090,0.17282,39.7263,0.252568,39.510772,0.21552802,39.510772,0.21552802
3080,0.17315,39.3871,0.131849,39.515308,-0.12820782,39.515308,-0.12820782
15897,0.17357,39.5403,0.18318,39.521069,0.019230972,39.521069,0.019230972
120143,0.1736,39.3493,0.151501,39.52148,-0.17218004,39.52148,-0.17218004
15648,0.17383,39.5986,0.318528,39.524629,0.073971037,39.524629,0.073971037
14421,0.174,39.5734,0.137128,39.526954,0.046446078,39.526954,0.046446078
16165,0.17405,39.3317,0.154309,39.527637,-0.19593733,39.527637,-0.19593733
15583,0.17427,39.5546,0.230974,39.530642,0.023957858,39.530642,0.023957858
19969,0.17428,39.4849,0.162645,39.530779,-0.045878641,39.530779,-0.045878641
5350,0.17431,39.5053,0.183971,39.531188,-0.025888091,39.531188,-0.025888091
18604,0.17483,39.7434,0.182014,39.538275,0.20512522,39.538275,0.20512522
14979,0.17654,39.5164,0.135467,39.561441,-0.045040964,39.561441,-0.045040964
17218,0.17697,39.5095,0.175623,39.567233,-0.057733372,39.567233,-0.057733372
14451,0.17729,39.4771,0.138264,39.571535,-0.09443547,39.571535,-0.09443547
17220,0.17769,39.3394,0.257355,39.576903,-0.2375029,39.576903,-0.2375029
370428,0.1778,39.6477,0.131546,39.578377,0.069323036,39.578377,0.069323036
5635,0.17839,39.9669,0.207864,39.586269,0.38063121,39.586269,0.38063121
6936,0.1789,39.641,0.157339,39.593071,0.047929086,39.593071,0.047929086
300179,0.17896,39.7672,0.201468,39.59387,0.17333003,39.59387,0.17333003
13045,0.17916,39.5355,0.229828,39.596532,-0.061031693,39.596532,-0.061031693
1347120,0.17955,39.5509,0.280575,39.601714,-0.050814074,39.601714,-0.050814074
2372,0.17959,39.5519,0.174634,39.602245,-0.050345006,39.602245,-0.050345006
1303496,0.17979,39.5962,0.208929,39.604898,-0.008698007,39.604898,-0.008698007
13254,0.1799,39.9979,0.268081,39.606356,0.39154402,39.606356,0.39154402
14284,0.18037,39.3688,0.13762,39.612576,-0.24377615,39.612576,-0.24377615
420159,0.18059,39.5035,0.133745,39.615483,-0.11198252,39.615483,-0.11198252
330023,0.18064,39.7166,0.179158,39.616143,0.10045741,39.616143,0.10045741
350548,0.18067,39.6391,0.133983,39.616539,0.022561443,39.616539,0.022561443
360112,0.18071,39.6151,0.246207,39.617066,-0.001966414,39.617066,-0.001966414
17215,0.1808,39.6213,0.207991,39.618254,0.0030463076,39.618254,0.0030463076
15443,0.18123,39.4868,0.134057,39.623919,-0.13711864,39.623919,-0.13711864
370595,0.18138,39.6585,0.225961,39.625892,0.032608173,39.625892,0.032608173
1339392,0.18148,39.3953,0.235174,39.627206,-0.23190644,39.627206,-0.23190644
17332,0.18203,39.5863,0.201062,39.634425,-0.048124743,39.634425,-0.048124743
1580,0.18216,39.5259,0.149858,39.636128,-0.11022791,39.636128,-0.11022791
1250017,0.18217,39.6885,0.152439,39.636259,0.052241123,39.636259,0.052241123
15453,0.18243,39.7821,0.177319,39.639662,0.14243836,39.639662,0.14243836
17391,0.18345,39.5995,0.294191,39.652967,-0.053467335,39.652967,-0.053467335
17168,0.18376,39.752,0.19743,39.656998,0.095002463,39.656998,0.095002463
1257695,0.18383,39.68,0.151568,39.657907,0.022093296,39.657907,0.022093296
20048,0.18388,39.796,0.218377,39.658556,0.13744409,39.658556,0.13744409
15421,0.18443,39.7891,0.142656,39.665686,0.12341367,39.665686,0.12341367
1296321,0.18444,39.9384,0.282465,39.665816,0.27258421,39.665816,0.27258421
8213,0.18468,39.6548,0.27682,39.668921,-0.014120872,39.668921,-0.014120872
15461,0.18482,39.613,0.134864,39.67073,-0.05773043,39.67073,-0.05773043
1336453,0.18492,39.7435,0.159325,39.672022,0.071477813,39.672022,0.071477813
6422,0.18501,39.6347,0.160441,39.673184,-0.038484211,39.673184,-0.038484211
16281,0.18507,39.5427,0.172189,39.673959,-0.1312586,39.673959,-0.1312586
370563,0.18538,39.7882,0.139358,39.677956,0.11024411,39.677956,0.11024411
15365,0.18651,39.7559,0.144508,39.692474,0.063426005,39.692474,0.063426005
18807,0.18714,39.7694,0.13671,39.700533,0.068867444,39.700533,0.068867444
5994,0.18801,39.7451,0.191467,39.71162,0.03348048,39.71162,0.03348048
12927,0.18892,39.4384,0.149571,39.723165,-0.28476512,39.723165,-0.28476512
16100,0.18893,39.8089,0.256269,39.723292,0.085608296,39.723292,0.085608296
18787,0.18915,40.1408,0.200523,39.726075,0.41472498,39.726075,0.41472498
18749,0.18931,39.7413,0.209197,39.728097,0.013202647,39.728097,0.013202647
1273127,0.18937,39.9359,0.228953,39.728855,0.20704468,39.728855,0.20704468
440643,0.18955,39.7624,0.238646,39.731128,0.031272135,39.731128,0.031272135
6304,0.18979,39.7286,0.224725,39.734155,-0.0055547985,39.734155,-0.0055547985
762,0.19009,39.8807,0.15799,39.737933,0.14276655,39.737933,0.14276655
20687,0.19026,39.6892,0.294972,39.740072,-0.050872213,39.740072,-0.050872213
2440,0.1903,39.9182,0.154841,39.740575,0.17762481,39.740575,0.17762481
16276,0.19397,39.7983,0.218857,39.786309,0.011990891,39.786309,0.011990891
2246,0.19422,39.8787,0.222002,39.789395,0.089304936,39.789395,0.089304936
20821,0.19534,40.1343,0.403955,39.803175,0.33112517,39.803175,0.33112517
14984,0.19549,39.9082,0.195934,39.805015,0.10318526,39.805015,0.10318526
15674,0.19555,39.958,0.212325,39.80575,0.15224967,39.80575,0.15224967
1253920,0.19556,39.7111,0.156617,39.805873,-0.094772911,39.805873,-0.094772911
000236,0.19602,39.7288,0.124812,39.811505,-0.08270522,39.811505,-0.08270522
15129,0.19611,39.7747,0.157962,39.812606,-0.037905752,39.812606,-0.037905752
1298893,0.19616,39.8397,0.254651,39.813217,0.026483045,39.813217,0.026483045
1334620,0.19624,39.8927,0.29342,39.814195,0.078505422,39.814195,0.078505422
13070,0.19719,39.8018,0.14158,39.825776,-0.023975536,39.825776,-0.023975536
18804,0.19726,39.6932,0.130873,39.826627,-0.13342681,39.826627,-0.13342681
1302058,0.19786,39.492,0.189171,39.833912,-0.34191192,39.833912,-0.34191192
15222,0.19801,39.7561,0.182544,39.83573,-0.079629985,39.83573,-0.079629985
1316431,0.19815,39.8879,0.174409,39.837426,0.050474316,39.837426,0.050474316
13370,0.19846,40.3246,0.238597,39.841176,0.48342353,39.841176,0.48342353
360145,0.1986,39.8881,0.211487,39.842869,0.045231409,39.842869,0.045231409
19658,0.19863,39.889,0.174502,39.843231,0.045768958,39.843231,0.045768958
18768,0.19892,40.0216,0.217638,39.846732,0.17486789,39.846732,0.17486789
500504,0.19948,39.6764,0.246154,39.853479,-0.17707936,39.853479,-0.17707936
110460,0.19956,39.8511,0.254227,39.854442,-0.0033418113,39.854442,-0.0033418113
560150,0.19957,39.8965,0.17155,39.854562,0.041937908,39.854562,0.041937908
19101,0.20062,39.6837,0.194976,39.86716,-0.18346046,39.86716,-0.18346046
470232,0.20068,39.9838,0.252956,39.867879,0.1159215,39.867879,0.1159215
370308,0.20074,39.7672,0.316127,39.868596,-0.10139635,39.868596,-0.10139635
590002,0.20139,39.8575,0.216953,39.87636,-0.018860264,39.87636,-0.018860264
13152,0.20216,39.6184,0.198124,39.885527,-0.26712736,39.885527,-0.26712736
19913,0.20237,39.9949,0.159703,39.888022,0.10687817,39.888022,0.10687817
6780,0.20268,39.8373,0.184965,39.8917,-0.054399733,39.8917,-0.054399733
14212,0.20308,39.9658,0.146626,39.896438,0.069362315,39.896438,0.069362315
15203,0.20314,39.8822,0.166845,39.897148,-0.014947627,39.897148,-0.014947627
16032,0.20318,39.9277,0.173799,39.897621,0.030079186,39.897621,0.030079186
7243,0.20323,39.9335,0.216127,39.898212,0.035287825,39.898212,0.035287825
15901,0.20368,39.9041,0.171481,39.903528,0.00057166408,39.903528,0.00057166408
18965,0.20454,39.8809,0.160012,39.913658,-0.032757744,39.913658,-0.032757744
110033,0.20471,39.8427,0.202322,39.915655,-0.072955372,39.915655,-0.072955372
17801,0.20515,40.1661,0.227714,39.920819,0.24528146,39.920819,0.24528146
15872,0.20549,39.8126,0.174944,39.924801,-0.11220119,39.924801,-0.11220119
1327978,0.20699,39.9225,0.279831,39.942299,-0.019798796,39.942299,-0.019798796
15201,0.20736,40.316,0.333666,39.946597,0.36940329,39.946597,0.36940329
1283373,0.20754,40.0725,0.148972,39.948685,0.12381499,39.948685,0.12381499
20376,0.20831,39.7299,0.272182,39.957599,-0.22769928,39.957599,-0.22769928
15467,0.20847,39.8758,0.146778,39.959448,-0.083647743,39.959448,-0.083647743
200132,0.20856,40.1034,0.239508,39.960487,0.14291308,39.960487,0.14291308
15259,0.20857,39.8639,0.197696,39.960602,-0.096702363,39.960602,-0.096702363
140152,0.20864,39.8798,0.15965,39.96141,-0.081610291,39.96141,-0.081610291
16482,0.20937,39.8413,0.262138,39.969821,-0.12852081,39.969821,-0.12852081
550154,0.21003,40.1479,0.148877,39.977401,0.17049863,39.977401,0.17049863
19149,0.21023,39.4543,0.186032,39.979694,-0.52539414,39.979694,-0.52539414
460105,0.21071,39.9632,0.223017,39.985188,-0.02198849,39.985188,-0.02198849
14157,0.21083,39.806,0.155718,39.98656,-0.18056026,39.98656,-0.18056026
18940,0.21099,39.9552,0.163264,39.988388,-0.033188151,39.988388,-0.033188151
1257366,0.21137,40.1415,0.266119,39.992724,0.14877577,39.992724,0.14877577
7847,0.2116,39.9676,0.230498,39.995345,-0.027745177,39.995345,-0.027745177
17811,0.21186,39.9136,0.194498,39.998305,-0.084704794,39.998305,-0.084704794
18927,0.21214,39.9374,0.243726,40.001488,-0.064088295,40.001488,-0.064088295
13305,0.21339,40.0218,0.16528,40.015653,0.0061471838,40.015653,0.0061471838
8495,0.21353,40.0084,0.19033,40.017234,-0.0088344303,40.017234,-0.0088344303
6933,0.21383,39.8874,0.197488,40.02062,-0.13322036,40.02062,-0.13322036
110567,0.21442,40.0179,0.298904,40.027266,-0.0093664651,40.027266,-0.0093664651
1249851,0.21511,39.8825,0.477887,40.035017,-0.15251748,40.035017,-0.15251748
14019,0.21513,40.4641,0.22943,40.035242,0.4288582,40.035242,0.4288582
1316,0.21566,40.2253,0.258716,40.041179,0.18412074,40.041179,0.18412074
100206,0.21653,39.8253,0.141535,40.050896,-0.2255963,40.050896,-0.2255963
17435,0.21674,40.0672,0.190384,40.053236,0.013963658,40.053236,0.013963658
7473,0.21677,40.0932,0.185301,40.05357,0.039629538,40.05357,0.039629538
20364,0.21729,40.1395,0.269611,40.059355,0.080144948,40.059355,0.080144948
13641,0.21781,39.9942,0.174837,40.065127,-0.070926776,40.065127,-0.070926776
1290816,0.21848,40.2216,0.204417,40.072545,0.14905545,40.072545,0.14905545
1304678,0.21884,40.1416,0.247596,40.076521,0.06507852,40.076521,0.06507852
9467,0.21885,40.1925,0.240729,40.076632,0.11586814,40.076632,0.11586814
1342255,0.21886,40.0296,0.130815,40.076742,-0.047142242,40.076742,-0.047142242
5533,0.21887,40.1292,0.218822,40.076853,0.052347384,40.076853,0.052347384
15433,0.21935,40.1098,0.160031,40.082145,0.027654939,40.082145,0.027654939
1302187,0.21943,40.0048,0.208962,40.083026,-0.078226087,40.083026,-0.078226087
18466,0.21967,40.0882,0.173376,40.085667,0.0025326253,40.085667,0.0025326253
14331,0.21976,40.2387,0.220195,40.086657,0.15204283,40.086657,0.15204283
000220,0.21982,40.0616,0.124319,40.087317,-0.025716816,40.087317,-0.025716816
19230,0.22005,39.9228,0.242946,40.089844,-0.16704393,40.089844,-0.16704393
7512,0.22055,40.1876,0.225274,40.095329,0.092270818,40.095329,0.092270818
15354,0.22069,40.0798,0.266821,40.096863,-0.01706298,40.096863,-0.01706298
370098,0.22141,40.0441,0.143254,40.104737,-0.060636817,40.104737,-0.060636817
480464,0.22141,40.0588,0.204756,40.104737,-0.045936817,40.104737,-0.045936817
1331123,0.22157,40.1937,0.166162,40.106483,0.087216676,40.106483,0.087216676
13025,0.22287,40.3257,0.281229,40.12063,0.20506964,40.12063,0.20506964
14846,0.22335,40.1511,0.167278,40.125834,0.02526551,40.125834,0.02526551
330083,0.22373,40.0162,0.172818,40.129947,-0.11374705,40.129947,-0.11374705
1304442,0.22451,40.1293,0.19721,40.138368,-0.009068314,40.138368,-0.009068314
550096,0.22451,39.9449,0.245775,40.138368,-0.19346831,40.138368,-0.19346831
1292560,0.22482,40.1126,0.160616,40.141708,-0.029107672,40.141708,-0.029107672
13727,0.22534,40.1329,0.188923,40.1473,-0.014399572,40.1473,-0.014399572
15229,0.22536,40.1856,0.197444,40.147514,0.038085594,40.147514,0.038085594
030066,0.22552,40.1491,0.174035,40.149232,-0.00013243453,40.149232,-0.00013243453
020096,0.22563,39.9865,0.175963,40.150413,-0.16391292,40.150413,-0.16391292
19992,0.22632,40.3912,0.201078,40.157806,0.23339439,40.157806,0.23339439
1315192,0.22714,40.097,0.228488,40.166564,-0.069563927,40.166564,-0.069563927
1315259,0.22806,40.2236,0.183395,40.176355,0.0472446,40.176355,0.0472446
180561,0.22853,40.1604,0.308241,40.181343,-0.020943401,40.181343,-0.020943401
13072,0.22917,40.2229,0.202405,40.18812,0.034779741,40.18812,0.034779741
3452,0.22967,40.1351,0.188066,40.193402,-0.058302447,40.193402,-0.058302447
21033,0.23006,40.1283,0.227444,40.197515,-0.069215137,40.197515,-0.069215137
000006,0.23044,40.3062,0.260109,40.201516,0.10468386,40.201516,0.10468386
040780,0.23066,40.0717,0.296847,40.20383,-0.13212971,40.20383,-0.13212971
19008,0.23075,40.1049,0.204707,40.204776,-0.099875584,40.204776,-0.099875584
360140,0.23083,40.2958,0.226289,40.205616,0.090183931,40.205616,0.090183931
17875,0.23111,40.3169,0.189753,40.208556,0.10834437,40.208556,0.10834437
430004,0.2315,40.201,0.226906,40.212645,-0.011644518,40.212645,-0.011644518
1302648,0.23171,40.0875,0.237265,40.214844,-0.12734357,40.214844,-0.12734357
1275946,0.23212,40.2045,0.159507,40.219132,-0.014631632,40.219132,-0.014631632
15369,0.23269,39.8341,0.180906,40.225081,-0.3909814,40.225081,-0.3909814
1292336,0.23356,40.1857,0.255059,40.234137,-0.048436549,40.234137,-0.048436549
350047,0.23364,40.4148,0.19637,40.234968,0.17983237,40.234968,0.17983237
12971,0.23381,40.1389,0.214099,40.236733,-0.097832806,40.236733,-0.097832806
1336687,0.23381,40.1788,0.292139,40.236733,-0.057932806,40.236733,-0.057932806
1279500,0.23471,40.2784,0.167703,40.246058,0.032341985,40.246058,0.032341985
110536,0.23475,40.1912,0.32799,40.246472,-0.055271697,40.246472,-0.055271697
1319366,0.23483,40.158,0.183242,40.247299,-0.089298864,40.247299,-0.089298864
1298281,0.23508,40.1629,0.275154,40.249882,-0.086982075,40.249882,-0.086982075
19341,0.23543,40.2336,0.214202,40.253494,-0.019894284,40.253494,-0.019894284
15287,0.2363,40.3805,0.155735,40.262452,0.11804837,40.262452,0.11804837
310574,0.23649,40.2636,0.156727,40.264404,-0.00080375301,40.264404,-0.00080375301
13511,0.23653,40.4674,0.193131,40.264815,0.20258546,40.264815,0.20258546
12881,0.23671,40.119,0.236651,40.266662,-0.14766229,40.266662,-0.14766229
16350,0.23684,40.2279,0.210237,40.267996,-0.040095958,40.267996,-0.040095958
1317277,0.23711,40.2245,0.203948,40.270764,-0.046263718,40.270764,-0.046263718
20768,0.23735,40.7365,0.305716,40.273221,0.46327851,40.273221,0.46327851
17884,0.23776,40.2317,0.172272,40.277415,-0.045714852,40.277415,-0.045714852
470008,0.23954,39.9059,0.208409,40.295543,-0.38964261,40.295543,-0.38964261
18486,0.23971,40.13,0.180786,40.297267,-0.16726735,40.297267,-0.16726735
510251,0.24004,40.3847,0.264226,40.300612,0.084087846,40.300612,0.084087846
580300,0.24072,40.4016,0.166736,40.307491,0.094108984,40.307491,0.094108984
510550,0.24106,40.3291,0.130654,40.310924,0.018176321,40.310924,0.018176321
17223,0.24151,40.172,0.261675,40.31546,-0.14346,40.31546,-0.14346
460064,0.24153,40.1214,0.184136,40.315661,-0.19426143,40.315661,-0.19426143
14481,0.24207,40.564,0.221356,40.321094,0.24290576,40.321094,0.24290576
20111,0.24267,40.4217,0.219858,40.327118,0.094582487,40.327118,0.094582487
480064,0.24271,40.5734,0.259119,40.327519,0.24588143,40.327519,0.24588143
20088,0.24316,40.2516,0.143114,40.332026,-0.080426261,40.332026,-0.080426261
13506,0.24341,40.538,0.306318,40.334527,0.20347282,40.334527,0.20347282
19023,0.24405,40.2956,0.242814,40.340919,-0.045318692,40.340919,-0.045318692
15466,0.24436,40.2064,0.221704,40.344009,-0.13760898,40.344009,-0.13760898
3377,0.24449,40.1263,0.186144,40.345304,-0.21900383,40.345304,-0.21900383
000174,0.24497,40.3336,0.209543,40.350079,-0.016479258,40.350079,-0.016479258
420407,0.24512,40.4957,0.181643,40.35157,0.1441302,40.35157,0.1441302
20039,0.24539,40.3582,0.219468,40.354251,0.0039493651,40.354251,0.0039493651
000010,0.24594,40.4318,0.167359,40.359703,0.072096866,40.359703,0.072096866
13835,0.24604,40.3473,0.149416,40.360693,-0.013393281,40.360693,-0.013393281
15219,0.24637,40.378,0.17135,40.363958,0.014041887,40.363958,0.014041887
12977,0.24643,40.2829,0.214739,40.364551,-0.081651283,40.364551,-0.081651283
05D3mq,0.24649,40.3907,0.15515,40.365144,0.025555682,40.365144,0.025555682
1334645,0.24701,40.1983,0.137434,40.370278,-0.17197835,40.370278,-0.17197835
3451,0.24835,40.203,0.17717,40.383462,-0.18046222,40.383462,-0.18046222
450082,0.24848,40.4276,0.195634,40.384738,0.042862261,40.384738,0.042862261
420087,0.24848,40.4912,0.215929,40.384738,0.10646226,40.384738,0.10646226
560152,0.24851,40.3657,0.261564,40.385032,-0.019332001,40.385032,-0.019332001
15161,0.24853,40.3256,0.178325,40.385228,-0.059628157,40.385228,-0.059628157
19990,0.24883,40.427,0.180619,40.388169,0.038831261,40.388169,0.038831261
120585,0.24899,40.3167,0.167358,40.389736,-0.073035703,40.389736,-0.073035703
3199,0.24961,40.6733,0.220606,40.395799,0.27750113,40.395799,0.27750113
16106,0.24973,40.2961,0.206796,40.396971,-0.10087077,40.396971,-0.10087077
15868,0.24974,40.3915,0.163714,40.397068,-0.0055684032,40.397068,-0.0055684032
520077,0.25004,40.5965,0.224495,40.399996,0.19650424,40.399996,0.19650424
390449,0.25008,40.3764,0.218218,40.400386,-0.023985825,40.400386,-0.023985825
13689,0.2503,40.4145,0.179616,40.40253,0.011969839,40.40253,0.011969839
5717,0.25037,40.5692,0.188725,40.403212,0.16598792,40.403212,0.16598792
500004,0.25052,40.3009,0.188277,40.404673,-0.10377275,40.404673,-0.10377275
16213,0.25077,40.3873,0.202604,40.407105,-0.019805383,40.407105,-0.019805383
17552,0.25191,40.4698,0.207347,40.41817,0.051630269,40.41817,0.051630269
310161,0.25247,40.4622,0.166497,40.423588,0.038612172,40.423588,0.038612172
9032,0.25249,40.4066,0.259149,40.423781,-0.017181125,40.423781,-0.017181125
000034,0.25319,40.3688,0.15705,40.430538,-0.061737576,40.430538,-0.061737576
17464,0.25345,40.0303,0.262822,40.433043,-0.4027427,40.433043,-0.4027427
5736,0.25394,40.4546,0.167762,40.437757,0.016842593,40.437757,0.016842593
1336480,0.25605,40.6458,0.194176,40.457963,0.18783651,40.457963,0.18783651
1112,0.25609,40.5593,0.271675,40.458345,0.10095495,40.458345,0.10095495
17340,0.25625,40.3729,0.207312,40.459871,-0.086970725,40.459871,-0.086970725
9457,0.25672,40.5023,0.251739,40.464347,0.037952702,40.464347,0.037952702
19207,0.25721,40.5776,0.249962,40.469006,0.10859373,40.469006,0.10859373
18325,0.25723,40.4941,0.193606,40.469196,0.024903745,40.469196,0.024903745
8046,0.2576,40.6088,0.22531,40.472709,0.13609146,40.472709,0.13609146
6108,0.258,40.528,0.231214,40.4765,0.051499659,40.4765,0.051499659
550041,0.25847,40.4663,0.209281,40.480949,-0.014648737,40.480949,-0.014648737
1297026,0.25855,40.51,0.149785,40.481705,0.028294837,40.481705,0.028294837
1289664,0.25908,40.2879,0.178603,40.486711,-0.198811,40.486711,-0.198811
1303883,0.25911,40.5418,0.163699,40.486994,0.054805934,40.486994,0.054805934
1335694,0.25912,40.4255,0.162943,40.487088,-0.061588414,40.487088,-0.061588414
12972,0.25935,40.5238,0.233841,40.489257,0.03454251,40.489257,0.03454251
1330426,0.25954,40.442,0.169977,40.491048,-0.049047989,40.491048,-0.049047989
020176,0.26051,40.5033,0.171288,40.50017,0.0031299686,40.50017,0.0031299686
370498,0.26086,40.6128,0.185932,40.503454,0.10934625,40.503454,0.10934625
15440,0.2613,40.447,0.207526,40.507576,-0.060576052,40.507576,-0.060576052
1337649,0.26151,40.4182,0.225542,40.509541,-0.091341243,40.509541,-0.091341243
2017,0.26162,40.6874,0.258941,40.51057,0.17682996,40.51057,0.17682996
19702,0.26162,40.681,0.233293,40.51057,0.17042996,40.51057,0.17042996
1253,0.26166,40.392,0.226027,40.510944,-0.11894405,40.510944,-0.11894405
13655,0.26173,40.6935,0.249126,40.511598,0.18190156,40.511598,0.18190156
18945,0.26187,40.7216,0.216893,40.512907,0.20869326,40.512907,0.20869326
13956,0.2629,41.2641,0.514634,40.522512,0.74158789,40.522512,0.74158789
520019,0.26309,40.6388,0.170092,40.52428,0.11451984,40.52428,0.11451984
04D3ez,0.26348,40.3997,0.177345,40.527906,-0.1282056,40.527906,-0.1282056
350235,0.26384,40.5588,0.167704,40.531248,0.027552264,40.531248,0.027552264
330022,0.26386,40.3035,0.205843,40.531433,-0.22793329,40.531433,-0.22793329
12983,0.26395,40.6342,0.381046,40.532268,0.1019319,40.532268,0.1019319
2943,0.26405,40.5074,0.238455,40.533195,-0.025795363,40.533195,-0.025795363
13099,0.26451,40.6719,0.256474,40.537457,0.13444343,40.537457,0.13444343
110478,0.26462,40.5153,0.197965,40.538475,-0.023174538,40.538475,-0.023174538
2422,0.2657,40.6087,0.219728,40.548448,0.060251704,40.548448,0.060251704
6315,0.26576,40.3244,0.206109,40.549001,-0.22460129,40.549001,-0.22460129
1334087,0.26629,40.2901,0.264978,40.553881,-0.26378104,40.553881,-0.26378104
18463,0.26687,40.5463,0.204902,40.559211,-0.012910817,40.559211,-0.012910817
1309288,0.26794,40.5103,0.202065,40.569015,-0.058715183,40.569015,-0.058715183
520023,0.26804,40.4623,0.232043,40.56993,-0.10762962,40.56993,-0.10762962
06D3fp,0.26848,40.4553,0.240404,40.573949,-0.11864939,40.573949,-0.11864939
530037,0.2685,40.579,0.191142,40.574132,0.0048680408,40.574132,0.0048680408
14298,0.26879,40.6039,0.217156,40.576778,0.027122174,40.576778,0.027122174
510638,0.27006,40.6363,0.197002,40.588334,0.047966231,40.588334,0.047966231
19002,0.2701,40.5089,0.164866,40.588697,-0.079796916,40.588697,-0.079796916
310051,0.27045,40.5139,0.20931,40.591872,-0.077972321,40.591872,-0.077972321
160039,0.27085,40.4887,0.166124,40.595497,-0.10679669,40.595497,-0.10679669
380378,0.27129,40.5677,0.123404,40.599478,-0.031777755,40.599478,-0.031777755
1292332,0.27265,40.5415,0.173203,40.611745,-0.070245088,40.611745,-0.070245088
15356,0.2734,40.4721,0.208686,40.618486,-0.14638588,40.618486,-0.14638588
420258,0.27444,40.7399,0.293068,40.627805,0.11209523,40.627805,0.11209523
150254,0.27508,40.5286,0.241865,40.633523,-0.10492318,40.633523,-0.10492318
100213,0.27511,40.7769,0.239421,40.633791,0.14310907,40.633791,0.14310907
20227,0.27574,40.6631,0.213576,40.639407,0.023692619,40.639407,0.023692619
19051,0.27619,40.6749,0.180061,40.643412,0.031488158,40.643412,0.031488158
4000,0.27656,40.8504,0.272235,40.6467,0.20370014,40.6467,0.20370014
4046,0.27764,40.6186,0.24474,40.656274,-0.037674031,40.656274,-0.037674031
1297465,0.27784,40.9187,0.17803,40.658043,0.26065677,40.658043,0.26065677
5957,0.27924,40.7037,0.164335,40.670395,0.033305375,40.670395,0.033305375
6196,0.2798,40.5056,0.19932,40.675319,-0.16971909,40.675319,-0.16971909
040201,0.27987,40.5664,0.153331,40.675934,-0.10953401,40.675934,-0.10953401
520188,0.28049,40.6663,0.153096,40.681374,-0.015074176,40.681374,-0.015074176
18485,0.28122,40.6224,0.174763,40.687765,-0.065365244,40.687765,-0.065365244
1317286,0.28198,40.5986,0.166629,40.694403,-0.095802617,40.694403,-0.095802617
06D3dt,0.28256,40.744,0.297355,40.699457,0.044543182,40.699457,0.044543182
15584,0.28333,40.6596,0.184378,40.706152,-0.046551846,40.706152,-0.046551846
310238,0.28395,40.5735,0.154134,40.71153,-0.13803038,40.71153,-0.13803038
16072,0.28434,40.6919,0.20709,40.714908,-0.023008075,40.714908,-0.023008075
14261,0.28436,40.5431,0.186562,40.715081,-0.17198117,40.715081,-0.17198117
17791,0.28468,41.1135,0.351325,40.717849,0.39565078,40.717849,0.39565078
440050,0.28547,40.7046,0.185989,40.72467,-0.020070492,40.72467,-0.020070492
350080,0.28577,40.671,0.173206,40.727256,-0.056256258,40.727256,-0.056256258
20040,0.28655,40.6389,0.217509,40.733967,-0.095067476,40.733967,-0.095067476
20245,0.28723,40.5691,0.250397,40.739804,-0.17070446,40.739804,-0.17070446
17809,0.28746,40.5379,0.238886,40.741776,-0.20387583,40.741776,-0.20387583
19128,0.28763,40.8753,0.227224,40.743232,0.13206801,40.743232,0.13206801
1334644,0.28806,40.7075,0.188011,40.746912,-0.039411652,40.746912,-0.039411652
1313594,0.28835,40.749,0.137848,40.74939,-0.00039040791,40.74939,-0.00039040791
091869,0.28843,40.7458,0.165419,40.750074,-0.0042737953,40.750074,-0.0042737953
2165,0.28882,40.9433,0.226038,40.753403,0.18989721,40.753403,0.18989721
2789,0.2889,40.7428,0.228497,40.754085,-0.011285146,40.754085,-0.011285146
1334597,0.28896,40.6763,0.168052,40.754597,-0.078296798,40.754597,-0.078296798
1310395,0.28899,40.702,0.277224,40.754853,-0.052852586,40.754853,-0.052852586
350180,0.28952,40.9765,0.256114,40.759367,0.21713254,40.759367,0.21713254
570056,0.28998,40.7298,0.234493,40.76328,-0.033479813,40.76328,-0.033479813
1289288,0.29001,40.7393,0.271437,40.763535,-0.024234767,40.763535,-0.024234767
19596,0.29036,40.7861,0.23085,40.766507,0.019592585,40.766507,0.019592585
19027,0.29114,40.484,0.219145,40.77312,-0.28912023,40.77312,-0.28912023
1263715,0.29186,40.7653,0.172199,40.77921,-0.013909777,40.77921,-0.013909777
1291090,0.29199,40.7606,0.177707,40.780308,-0.019707793,40.780308,-0.019707793
390264,0.29208,40.4229,0.292471,40.781068,-0.35816769,40.781068,-0.35816769
12841,0.29208,40.7505,0.483728,40.781068,-0.030567692,40.781068,-0.030567692
21006,0.29241,40.6378,0.228825,40.783852,-0.14605213,40.783852,-0.14605213
420414,0.29246,40.6952,0.224836,40.784274,-0.08907376,40.784274,-0.08907376
150509,0.2928,40.7458,0.174302,40.787139,-0.041339071,40.787139,-0.041339071
130755,0.29291,40.8268,0.203556,40.788065,0.038734578,40.788065,0.038734578
6249,0.29354,40.857,0.204834,40.793365,0.063635326,40.793365,0.063635326
1303004,0.29496,40.762,0.173778,40.80527,-0.043270406,40.80527,-0.043270406
19794,0.29568,41.0209,0.307913,40.811287,0.2096132,40.811287,0.2096132
580270,0.29576,40.9989,0.165779,40.811954,0.18694555,40.811954,0.18694555
1119,0.29639,40.9938,0.366054,40.817206,0.17659367,40.817206,0.17659367
13610,0.29683,40.6595,0.202621,40.820868,-0.16136817,40.820868,-0.16136817
1293319,0.29687,40.7505,0.210501,40.821201,-0.070700811,40.821201,-0.070700811
420196,0.29842,41.2705,0.232731,40.834059,0.43644116,40.834059,0.43644116
570025,0.29845,40.6539,0.272883,40.834307,-0.18040709,40.834307,-0.18040709
6137,0.29888,40.9195,0.25505,40.837863,0.081637158,40.837863,0.081637158
10550,0.29923,41.0113,0.341681,40.840754,0.17054645,40.840754,0.17054645
14735,0.29936,40.7335,0.186464,40.841826,-0.10832644,40.841826,-0.10832644
120444,0.29947,41.0213,0.195981,40.842734,0.17856606,40.842734,0.17856606
170428,0.30007,40.9837,0.198158,40.847678,0.13602153,40.847678,0.13602153
5391,0.30022,40.8795,0.247188,40.848913,0.030586834,40.848913,0.030586834
350078,0.30078,41.1729,0.294726,40.853518,0.31938235,40.853518,0.31938235
570022,0.30141,41.1086,0.206046,40.858688,0.24991181,40.858688,0.24991181
350192,0.3015,40.8585,0.191702,40.859426,-0.00092602033,40.859426,-0.00092602033
460037,0.30254,40.8894,0.22475,40.867937,0.021462752,40.867937,0.021462752
1339002,0.30296,40.8204,0.274703,40.871367,-0.050966776,40.871367,-0.050966776
150457,0.30339,40.9204,0.142521,40.874873,0.04552661,40.874873,0.04552661
7143,0.30354,41.0778,0.197526,40.876096,0.20170446,40.876096,0.20170446
19818,0.30395,40.7052,0.182517,40.879433,-0.17423323,40.879433,-0.17423323
1287626,0.30396,40.719,0.22209,40.879515,-0.16051459,40.879515,-0.16051459
1259412,0.30477,40.9018,0.140115,40.886096,0.015703911,40.886096,0.015703911
1335717,0.30478,41.0411,0.242802,40.886177,0.15492276,40.886177,0.15492276
12883,0.30519,40.5924,0.306711,40.889502,-0.29710233,40.889502,-0.29710233
350630,0.30525,40.9054,0.133839,40.889989,0.015411421,40.889989,0.015411421
440005,0.30551,41.0041,0.226225,40.892095,0.11200536,40.892095,0.11200536
350027,0.30568,40.9451,0.165493,40.893471,0.051629222,40.893471,0.051629222
560087,0.30641,40.8959,0.201565,40.899372,-0.0034720175,40.899372,-0.0034720175
340334,0.30668,41.16,0.239095,40.901551,0.25844864,40.901551,0.25844864
1281668,0.30697,40.9573,0.150058,40.90389,0.053409846,40.90389,0.053409846
520062,0.30805,41.2018,0.139651,40.912582,0.28921787,40.912582,0.28921787
5966,0.30822,40.9533,0.254065,40.913948,0.039352264,40.913948,0.039352264
1319821,0.30881,40.9954,0.152417,40.918682,0.076718236,40.918682,0.076718236
6699,0.30915,41.046,0.250639,40.921406,0.12459397,40.921406,0.12459397
5844,0.3093,40.9757,0.270379,40.922607,0.053092965,40.922607,0.053092965
16211,0.30939,41.0177,0.300429,40.923327,0.094372625,40.923327,0.094372625
21042,0.30955,40.72,0.257177,40.924607,-0.2046075,40.924607,-0.2046075
1300516,0.31043,40.6197,0.336421,40.931637,-0.31193722,40.931637,-0.31193722
15213,0.31053,40.9962,0.221391,40.932435,0.063765116,40.932435,0.063765116
500100,0.31077,41.046,0.182638,40.934348,0.1116517,40.934348,0.1116517
000420,0.31152,41.0123,0.141744,40.940319,0.071981118,40.940319,0.071981118
1338128,0.31185,41.0377,0.210925,40.942942,0.094758288,40.942942,0.094758288
1337838,0.31195,40.9503,0.160446,40.943736,0.0065639999,40.943736,0.0065639999
1263369,0.31252,40.9565,0.149709,40.948259,0.0082410679,40.948259,0.0082410679
1294743,0.31258,41.0352,0.279475,40.948735,0.086465415,40.948735,0.086465415
20142,0.31259,40.6239,0.2062,40.948814,-0.32491385,40.948814,-0.32491385
1283878,0.31287,41.0195,0.203499,40.951032,0.068467624,40.951032,0.068467624
1341894,0.31294,41.0061,0.176794,40.951587,0.05451328,40.951587,0.05451328
19632,0.31377,41.0228,0.214434,40.958151,0.064649118,40.958151,0.064649118
530112,0.31444,41.1251,0.155711,40.963438,0.16166209,40.963438,0.16166209
15383,0.31495,41.0194,0.227804,40.967455,0.05194464,40.967455,0.05194464
6649,0.31509,40.8837,0.219964,40.968557,-0.084857132,40.968557,-0.084857132
110716,0.31577,41.2033,0.233304,40.973902,0.22939786,40.973902,0.22939786
15776,0.31582,40.933,0.227638,40.974295,-0.04129473,40.974295,-0.04129473
6100,0.31613,41.1979,0.274091,40.976728,0.22117248,40.976728,0.22117248
100163,0.31773,41.0738,0.195921,40.989249,0.084551269,40.989249,0.084551269
1345553,0.31795,41.0772,0.167213,40.990966,0.086234185,40.990966,0.086234185
080646,0.31813,41.0199,0.153489,40.99237,0.027530118,40.99237,0.027530118
550059,0.31839,41.3345,0.327925,40.994397,0.34010332,40.994397,0.34010332
440509,0.31892,40.8941,0.203876,40.998523,-0.10442346,40.998523,-0.10442346
310188,0.31893,41.141,0.177674,40.998601,0.14239873,40.998601,0.14239873
170078,0.32089,41.2315,0.207296,41.013807,0.21769299,41.013807,0.21769299
330128,0.32095,40.9546,0.156373,41.014271,-0.059671134,41.014271,-0.059671134
1266657,0.32108,41.1921,0.293444,41.015276,0.17682355,41.015276,0.17682355
1261579,0.32214,40.8774,0.138773,41.02346,-0.14605957,41.02346,-0.14605957
580104,0.32214,40.8628,0.158186,41.02346,-0.16065957,41.02346,-0.16065957
120085,0.32214,40.7271,0.199265,41.02346,-0.29635957,41.02346,-0.29635957
7475,0.32265,40.9316,0.211904,41.027388,-0.095787818,41.027388,-0.095787818
05D2ab,0.32454,41.0699,0.126468,41.041895,0.028004664,41.041895,0.028004664
050291,0.32535,41.2273,0.193265,41.048089,0.17921117,41.048089,0.17921117
500301,0.3255,41.2625,0.255286,41.049234,0.2132658,41.049234,0.2132658
18617,0.3257,41.1639,0.271274,41.050761,0.1131394,41.050761,0.1131394
1305626,0.32573,41.0478,0.141716,41.050989,-0.0031894866,41.050989,-0.0031894866
1308326,0.32622,41.0504,0.157201,41.054725,-0.0043251685,41.054725,-0.0043251685
14456,0.32794,41.0002,0.171833,41.067797,-0.067597037,41.067797,-0.067597037
050303,0.32829,41.3079,0.308428,41.070449,0.23745079,41.070449,0.23745079
530219,0.32838,41.351,0.278699,41.071131,0.27986923,41.071131,0.27986923
430003,0.32843,40.934,0.295651,41.071509,-0.13750934,41.071509,-0.13750934
1306073,0.32859,41.1,0.144172,41.07272,0.027279592,41.07272,0.027279592
6924,0.3286,40.9276,0.222195,41.072796,-0.14519608,41.072796,-0.14519608
1337687,0.3287,41.0716,0.150485,41.073553,-0.0019526987,41.073553,-0.0019526987
1316465,0.3291,41.0566,0.165152,41.076577,-0.01997703,41.076577,-0.01997703
13934,0.32931,41.4109,0.310571,41.078163,0.33273656,41.078163,0.33273656
540163,0.32943,41.2391,0.162498,41.07907,0.16003047,41.07907,0.16003047
1301933,0.3296,41.1031,0.114803,41.080353,0.022747355,41.080353,0.022747355
13830,0.32985,40.8444,0.209813,41.082238,-0.23783846,41.082238,-0.23783846
1338675,0.33048,41.1674,0.214426,41.086985,0.08041518,41.086985,0.08041518
4241,0.33052,41.1689,0.23109,41.087286,0.081614107,41.087286,0.081614107
120369,0.33055,41.2306,0.131607,41.087512,0.14308833,41.087512,0.14308833
370394,0.3308,40.996,0.212048,41.089392,-0.093392453,41.089392,-0.093392453
480184,0.3308,41.1586,0.239453,41.089392,0.069207547,41.089392,0.069207547
03D1fc,0.33094,41.0098,0.137116,41.090445,-0.080645111,41.090445,-0.080645111
20106,0.33137,41.2335,0.285481,41.093676,0.13982431,41.093676,0.13982431
580235,0.33154,41.0301,0.218692,41.094952,-0.064851824,41.094952,-0.064851824
370344,0.33155,41.1012,0.166036,41.095027,0.0061731282,41.095027,0.0061731282
470041,0.33179,41.0149,0.143999,41.096827,-0.081927385,41.096827,-0.081927385
1306141,0.3324,40.977,0.159233,41.101398,-0.12439825,41.101398,-0.12439825
130862,0.3329,41.3299,0.201675,41.105139,0.22476095,41.105139,0.22476095
1346956,0.33353,41.0366,0.176123,41.109845,-0.073245027,41.109845,-0.073245027
1309492,0.33353,41.0025,0.141896,41.109845,-0.10734503,41.109845,-0.10734503
16093,0.33439,41.1204,0.23572,41.116256,0.0041442535,41.116256,0.0041442535
500511,0.3349,41.0251,0.171864,41.12005,-0.094950219,41.12005,-0.094950219
1346966,0.33513,41.0242,0.177927,41.12176,-0.097559695,41.12176,-0.097559695
1314897,0.33663,41.0367,0.18424,41.132882,-0.096181781,41.132882,-0.096181781
040782,0.33739,41.0098,0.23724,41.138499,-0.1286994,41.138499,-0.1286994
470015,0.33752,41.1678,0.278653,41.139459,0.028340868,41.139459,0.028340868
04D3kr,0.33753,41.1477,0.176101,41.139533,0.0081670564,41.139533,0.0081670564
1300912,0.3378,41.1537,0.233862,41.141525,0.012174922,41.141525,0.012174922
380318,0.33825,41.145,0.211242,41.144842,0.00015798355,41.144842,0.00015798355
580276,0.33851,41.1131,0.200412,41.146757,-0.033656601,41.146757,-0.033656601
1343337,0.339,41.0555,0.356511,41.150361,-0.094861143,41.150361,-0.094861143
04D3nh,0.34051,41.1737,0.192422,41.161439,0.01226136,41.161439,0.01226136
320258,0.3409,41.0587,0.1943,41.164292,-0.1055923,41.164292,-0.1055923
2533,0.34101,41.0641,0.255103,41.165097,-0.10099662,41.165097,-0.10099662
1336009,0.34176,41.2122,0.321008,41.170574,0.041625738,41.170574,0.041625738
1346387,0.34448,41.3081,0.152468,41.190347,0.11775349,41.190347,0.11775349
350606,0.3445,41.2914,0.299203,41.190491,0.10090864,41.190491,0.10090864
1329312,0.34479,41.2333,0.171671,41.192591,0.040709253,41.192591,0.040709253
470110,0.34547,41.2033,0.23021,41.197507,0.0057929822,41.197507,0.0057929822
03D1bp,0.34594,41.3318,0.136683,41.2009,0.13090023,41.2009,0.13090023
310090,0.34686,41.4163,0.370346,41.207529,0.20877148,41.207529,0.20877148
050301,0.34704,41.1174,0.244272,41.208824,-0.091423541,41.208824,-0.091423541
330089,0.34872,41.3721,0.218415,41.22088,0.15121966,41.22088,0.15121966
160198,0.34899,41.2499,0.158604,41.222813,0.027087003,41.222813,0.027087003
1258906,0.34918,41.282,0.206036,41.224172,0.057827816,41.224172,0.057827816
070955,0.3492,41.1406,0.157954,41.224315,-0.083715216,41.224315,-0.083715216
380279,0.34946,41.2033,0.168604,41.226174,-0.022873942,41.226174,-0.022873942
440185,0.34952,41.1526,0.205831,41.226603,-0.074002697,41.226603,-0.074002697
05D2ie,0.34956,41.3756,0.171432,41.226888,0.14871151,41.226888,0.14871151
20186,0.34957,41.4873,0.287684,41.22696,0.26034006,41.22696,0.26034006
04D2mc,0.34957,41.005,0.226318,41.22696,-0.22195994,41.22696,-0.22195994
1248677,0.35017,41.1867,0.147015,41.231243,-0.044543152,41.231243,-0.044543152
000196,0.35066,41.2342,0.163121,41.234736,-0.00053604828,41.234736,-0.00053604828
050296,0.35087,41.2532,0.161378,41.236232,0.016968385,41.236232,0.016968385
120400,0.35156,41.3343,0.138963,41.24114,0.093160237,41.24114,0.093160237
05D2hc,0.35157,41.4798,0.209505,41.241211,0.23858917,41.241211,0.23858917
160197,0.35361,41.3657,0.191944,41.255669,0.11003073,41.255669,0.11003073
05D2mp,0.35527,41.4647,0.223042,41.267377,0.19732267,41.267377,0.19732267
1688,0.35767,41.3574,0.291964,41.284215,0.073185009,41.284215,0.073185009
1334423,0.35791,41.3539,0.215252,41.285893,0.068007029,41.285893,0.068007029
04D3fk,0.35833,41.2423,0.215992,41.288827,-0.046526919,41.288827,-0.046526919
04D2fs,0.35858,41.1484,0.288995,41.290572,-0.1421718,41.290572,-0.1421718
160070,0.35897,41.4429,0.171109,41.293292,0.14960845,41.293292,0.14960845
1280217,0.35901,41.1532,0.305677,41.29357,-0.14037034,41.29357,-0.14037034
1307830,0.35949,41.4213,0.15447,41.296914,0.12438639,41.296914,0.12438639
050293,0.36005,41.187,0.191161,41.300809,-0.11380885,41.300809,-0.11380885
160126,0.36023,41.0791,0.230289,41.30206,-0.22295969,41.30206,-0.22295969
470244,0.36081,41.4328,0.197529,41.306086,0.12671377,41.306086,0.12671377
420417,0.36138,41.1159,0.288022,41.310037,-0.19413749,41.310037,-0.19413749
1294014,0.36272,41.2452,0.209997,41.319304,-0.074103604,41.319304,-0.074103604
1346137,0.36326,41.364,0.215101,41.323029,0.040971292,41.323029,0.040971292
560121,0.36491,41.4626,0.291566,41.334379,0.12822088,41.334379,0.12822088
100358,0.36613,41.136,0.226225,41.342741,-0.20674088,41.342741,-0.20674088
190209,0.36648,41.2327,0.155657,41.345135,-0.11243495,41.345135,-0.11243495
1308582,0.36705,41.2088,0.151911,41.349029,-0.14022932,41.349029,-0.14022932
350083,0.3678,41.2627,0.165575,41.354145,-0.09144493,41.354145,-0.09144493
04D1hd,0.36791,41.4699,0.158375,41.354894,0.1150056,41.354894,0.1150056
1343533,0.36844,41.5479,0.336428,41.358503,0.18939743,41.358503,0.18939743
1283936,0.36862,41.463,0.345551,41.359727,0.10327311,41.359727,0.10327311
15704,0.36952,41.4498,0.244353,41.36584,0.083959855,41.36584,0.083959855
18091,0.36977,41.2185,0.255045,41.367536,-0.14903581,41.367536,-0.14903581
510578,0.37012,41.3794,0.188778,41.369908,0.0094920497,41.369908,0.0094920497
13136,0.37046,41.6395,0.256631,41.37221,0.26728968,41.37221,0.26728968
05D4bm,0.37051,41.3833,0.160025,41.372549,0.010751267,41.372549,0.010751267
05D3jr,0.37053,41.273,0.282407,41.372684,-0.099684088,41.372684,-0.099684088
390471,0.37053,41.0698,0.135854,41.372684,-0.30288409,41.372684,-0.30288409
04D2cf,0.37059,41.3759,0.163241,41.37309,0.0028098883,41.37309,0.0028098883
320469,0.37087,41.4098,0.39052,41.374984,0.034815918,41.374984,0.034815918
1291957,0.37143,41.334,0.168104,41.378768,-0.044768031,41.378768,-0.044768031
05D4fo,0.3715,41.4289,0.165418,41.379241,0.049659348,41.379241,0.049659348
000199,0.3716,41.3842,0.116639,41.379916,0.0042843206,41.379916,0.0042843206
05D4cw,0.37351,41.3114,0.133039,41.392776,-0.081376347,41.392776,-0.081376347
16232,0.37426,41.4722,0.234786,41.39781,0.074390392,41.39781,0.074390392
1299643,0.37678,41.4155,0.15471,41.414653,0.00084716762,41.414653,0.00084716762
1282736,0.37798,41.3598,0.223183,41.422637,-0.062836569,41.422637,-0.062836569
590031,0.37859,41.4271,0.182401,41.426686,0.00041407936,41.426686,0.00041407936
7779,0.37986,41.2959,0.219919,41.435097,-0.13919708,41.435097,-0.13919708
320099,0.37989,41.4154,0.163795,41.435295,-0.019895448,41.435295,-0.019895448
500057,0.38052,41.4614,0.188044,41.439458,0.021942112,41.439458,0.021942112
110425,0.38083,41.4511,0.201434,41.441504,0.0095962841,41.441504,0.0095962841
1299785,0.38131,41.4549,0.20413,41.444668,0.010231609,41.444668,0.010231609
000011,0.3816,41.6775,0.218983,41.446579,0.23092142,41.446579,0.23092142
040150,0.38174,41.5615,0.198898,41.4475,0.11399974,41.4475,0.11399974
580275,0.3825,41.3726,0.265174,41.452498,-0.079898169,41.452498,-0.079898169
1343401,0.38284,41.3678,0.206585,41.454731,-0.08693108,41.454731,-0.08693108
1281886,0.38394,41.5182,0.20184,41.461943,0.056257436,41.461943,0.056257436
360139,0.38594,41.5217,0.152114,41.475005,0.046694836,41.475005,0.046694836
1338170,0.38677,41.3791,0.270807,41.480408,-0.10130763,41.480408,-0.10130763
550218,0.38735,41.5567,0.273474,41.484176,0.072523566,41.484176,0.072523566
050251,0.38772,41.6302,0.283892,41.486578,0.14362208,41.486578,0.14362208
420352,0.38886,41.383,0.199578,41.493964,-0.11096371,41.493964,-0.11096371
1290779,0.38951,41.544,0.192176,41.498166,0.045834133,41.498166,0.045834133
120086,0.39262,41.4742,0.237288,41.518182,-0.043981556,41.518182,-0.043981556
1291794,0.39512,41.4677,0.203648,41.534164,-0.066464442,41.534164,-0.066464442
1296273,0.39698,41.259,0.168535,41.545995,-0.28699464,41.545995,-0.28699464
1333438,0.39946,41.7119,0.28782,41.561688,0.15021193,41.561688,0.15021193
05D4ff,0.40048,41.4918,0.158339,41.568116,-0.076316258,41.568116,-0.076316258
110734,0.40212,41.4795,0.199524,41.57842,-0.098919825,41.57842,-0.098919825
580312,0.40286,41.5478,0.290402,41.583056,-0.035256164,41.583056,-0.035256164
1329615,0.40361,41.616,0.213828,41.587747,0.028252946,41.587747,0.028252946
06D3ed,0.40454,41.6747,0.166047,41.593552,0.081147527,41.593552,0.081147527
350050,0.40472,41.3373,0.202033,41.594675,-0.25737466,41.594675,-0.25737466
05D4dt,0.40547,41.7807,0.135518,41.599345,0.18135455,41.599345,0.18135455
1308314,0.40648,41.6914,0.168815,41.605623,0.085777281,41.605623,0.085777281
1341370,0.409,41.7002,0.240024,41.621222,0.078978444,41.621222,0.078978444
1306390,0.40911,41.7405,0.363654,41.6219,0.11859959,41.6219,0.11859959
450339,0.40927,41.7061,0.274957,41.622888,0.083212465,41.622888,0.083212465
06D4cq,0.40947,41.6784,0.172193,41.624121,0.054279068,41.624121,0.054279068
020090,0.40995,41.6836,0.279968,41.627079,0.056521209,41.627079,0.056521209
1307277,0.41114,41.662,0.318089,41.634398,0.027602105,41.634398,0.027602105
530251,0.41131,41.8335,0.242677,41.635442,0.19805813,41.635442,0.19805813
520071,0.41152,41.8131,0.149106,41.636731,0.17636908,41.636731,0.17636908
1315296,0.41258,41.7893,0.330128,41.643228,0.14607178,41.643228,0.14607178
04D2fp,0.41664,41.7295,0.149208,41.667971,0.061529262,41.667971,0.061529262
05D2dw,0.41864,41.6174,0.202099,41.680076,-0.062676482,41.680076,-0.062676482
440162,0.41927,41.6863,0.192599,41.683879,0.0024213979,41.683879,0.0024213979
550137,0.41931,41.4604,0.22264,41.68412,-0.22371983,41.68412,-0.22371983
05D3cf,0.41956,41.7981,0.235757,41.685627,0.11247301,41.685627,0.11247301
1289600,0.41962,41.8662,0.224621,41.685989,0.18021141,41.685989,0.18021141
1340454,0.41997,41.4394,0.294415,41.688097,-0.24869692,41.688097,-0.24869692
550202,0.42027,41.8343,0.344188,41.689903,0.14439723,41.689903,0.14439723
110430,0.42085,41.728,0.250117,41.693391,0.034609354,41.693391,0.034609354
1306626,0.4209,41.6178,0.17643,41.693691,-0.075891115,41.693691,-0.075891115
1306991,0.42199,41.5336,0.270821,41.700233,-0.16663306,41.700233,-0.16663306
1345594,0.42242,41.6796,0.275449,41.702809,-0.02320949,41.702809,-0.02320949
04D4gg,0.42245,41.6483,0.231707,41.702989,-0.054689149,41.702989,-0.054689149
160200,0.42349,41.8403,0.400817,41.70921,0.13109003,41.70921,0.13109003
490037,0.42355,41.5955,0.186465,41.709568,-0.11406843,41.709568,-0.11406843
1302523,0.42392,41.7264,0.13417,41.711778,0.014622127,41.711778,0.014622127
1312274,0.42451,41.7483,0.195831,41.715297,0.033002689,41.715297,0.033002689
1295027,0.42562,41.7039,0.195468,41.721906,-0.018006252,41.721906,-0.018006252
1258940,0.42594,41.7517,0.175449,41.723809,0.02789146,41.723809,0.02789146
050003,0.42689,41.813,0.229539,41.729448,0.083551902,41.729448,0.083551902
110542,0.42694,41.8348,0.198324,41.729745,0.10505541,41.729745,0.10505541
110719,0.42784,42.2757,0.23861,41.735076,0.54062407,41.735076,0.54062407
05D2cb,0.42865,41.8825,0.403543,41.739865,0.14263482,41.739865,0.14263482
440236,0.42888,41.6443,0.193398,41.741224,-0.096923551,41.741224,-0.096923551
1306029,0.42895,41.8266,0.250757,41.741637,0.084963168,41.741637,0.084963168
100101,0.42967,41.9219,0.19807,41.745884,0.17601593,41.745884,0.17601593
080723,0.43013,41.8354,0.165783,41.748594,0.086805906,41.748594,0.086805906
04D1rh,0.43487,41.7828,0.183674,41.776362,0.0064376334,41.776362,0.0064376334
06D4co,0.43544,41.5839,0.13365,41.779682,-0.1957825,41.779682,-0.1957825
000142,0.43673,42.0051,0.1818,41.787181,0.21791851,41.787181,0.21791851
1336008,0.43765,41.6253,0.16614,41.792517,-0.16721695,41.792517,-0.16721695
1333246,0.43774,41.882,0.356877,41.793038,0.088961665,41.793038,0.088961665
560027,0.43883,41.6682,0.279961,41.799345,-0.13114492,41.799345,-0.13114492
1310338,0.43883,41.4679,0.211194,41.799345,-0.33144492,41.799345,-0.33144492
050607,0.43926,41.8262,0.202784,41.801829,0.024371192,41.801829,0.024371192
040166,0.44004,42.1401,0.441915,41.806329,0.33377134,41.806329,0.33377134
510266,0.44059,41.6364,0.160177,41.809497,-0.17309715,41.809497,-0.17309715
1328105,0.44154,41.6823,0.183572,41.814961,-0.13266128,41.814961,-0.13266128
1295256,0.44246,41.8523,0.172891,41.820242,0.032057617,41.820242,0.032057617
06D3df,0.44254,41.9039,0.139699,41.820701,0.083198877,41.820701,0.083198877
06D2gb,0.44368,41.793,0.182219,41.82723,-0.034229749,41.82723,-0.034229749
1291080,0.44384,41.8069,0.290347,41.828145,-0.02124479,41.828145,-0.02124479
040137,0.44756,41.8552,0.223954,41.849333,0.005867117,41.849333,0.005867117
1328066,0.4489,41.8853,0.221814,41.856925,0.028375236,41.856925,0.028375236
1320166,0.44896,41.9875,0.215648,41.857264,0.1302358,41.857264,0.1302358
050580,0.4506,41.6446,0.157686,41.866526,-0.22192576,41.866526,-0.22192576
520016,0.451,41.9281,0.213431,41.86878,0.059320111,41.86878,0.059320111
04D3gt,0.45155,41.7162,0.305385,41.871876,-0.15567626,41.871876,-0.15567626
120094,0.45169,41.9923,0.154715,41.872664,0.11963614,41.872664,0.11963614
04D2gb,0.45169,41.5892,0.225346,41.872664,-0.28346386,41.872664,-0.28346386
1290127,0.45223,41.9959,0.320076,41.8757,0.12020039,41.8757,0.12020039
1253101,0.45333,41.7953,0.207786,41.881873,-0.086573057,41.881873,-0.086573057
1253039,0.45347,41.8863,0.14411,41.882658,0.0036422392,41.882658,0.0036422392
1334302,0.45463,41.7873,0.209236,41.889151,-0.10185088,41.889151,-0.10185088
1306360,0.45478,41.8839,0.284149,41.889989,-0.0060893682,41.889989,-0.0060893682
1345582,0.45878,41.9679,0.252185,41.912254,0.055645917,41.912254,0.055645917
380199,0.46055,42.0021,0.190943,41.922048,0.080051809,41.922048,0.080051809
510597,0.46098,42.0162,0.230251,41.924422,0.091777779,41.924422,0.091777779
05D3lc,0.46156,41.9839,0.138441,41.927621,0.056278887,41.927621,0.056278887
03D4au,0.46641,42.3424,0.396492,41.954224,0.38817615,41.954224,0.38817615
000215,0.4666,42.048,0.135922,41.955261,0.092739273,41.955261,0.092739273
04D4jr,0.4684,41.9733,0.206146,41.965064,0.0082358233,41.965064,0.0082358233
1339149,0.4688,41.7631,0.234035,41.967238,-0.20413792,41.967238,-0.20413792
04D4ju,0.47039,42.2151,0.404516,41.975861,0.23923863,41.975861,0.23923863
05D3mx,0.47057,42.0135,0.180637,41.976836,0.036664115,41.976836,0.036664115
370367,0.4717,41.9798,0.210913,41.982946,-0.0031456941,41.982946,-0.0031456941
1316437,0.47196,42.0374,0.25691,41.98435,0.053050454,41.98435,0.053050454
05D2bv,0.47572,41.938,0.177112,42.004571,-0.066570641,42.004571,-0.066570641
370329,0.47793,42.2269,0.228278,42.016386,0.21051401,42.016386,0.21051401
310146,0.47943,41.8695,0.203883,42.024376,-0.15487626,42.024376,-0.15487626
1306537,0.47948,42.0107,0.198987,42.024642,-0.013942199,42.024642,-0.013942199
560054,0.4798,41.8956,0.237796,42.026344,-0.13074358,42.026344,-0.13074358
05D3dd,0.48056,42.0041,0.160362,42.03038,-0.026280103,42.03038,-0.026280103
05D2ac,0.48071,41.9748,0.139221,42.031176,-0.056376076,42.031176,-0.056376076
120044,0.48171,42.3055,0.210887,42.036477,0.2690234,42.036477,0.2690234
05D1ix,0.48881,42.0842,0.199732,42.073816,0.010384315,42.073816,0.010384315
1292145,0.49246,42.2783,0.335403,42.092813,0.18548688,42.092813,0.18548688
1343208,0.49501,42.0821,0.165011,42.106007,-0.023906881,42.106007,-0.023906881
1305504,0.4956,42.1453,0.120919,42.10905,0.036249555,42.10905,0.036249555
03D1ax,0.49572,42.0817,0.153945,42.109669,-0.027969057,42.109669,-0.027969057
05D4af,0.49737,42.1268,0.225856,42.118161,0.0086392789,42.118161,0.0086392789
06D2bk,0.50073,42.257,0.253816,42.135371,0.12162882,42.135371,0.12162882
350374,0.5009,42.1165,0.283133,42.136239,-0.019739056,42.136239,-0.019739056
030006,0.50276,42.0703,0.312874,42.145717,-0.07541656,42.145717,-0.07541656
1337272,0.50276,42.161,0.218549,42.145717,0.01528344,42.145717,0.01528344
510457,0.503,42.1484,0.311282,42.146937,0.0014629418,42.146937,0.0014629418
03D1au,0.50309,42.1444,0.228687,42.147395,-0.0029946036,42.147395,-0.0029946036
1335472,0.50598,42.079,0.166703,42.162046,-0.08304607,42.162046,-0.08304607
1343759,0.50617,42.1043,0.151709,42.163007,-0.058706552,42.163007,-0.058706552
310091,0.50716,42.2358,0.180974,42.168006,0.06779432,42.168006,0.06779432
05D4av,0.50737,42.2419,0.288822,42.169065,0.072835081,42.169065,0.072835081
090201,0.50817,42.0193,0.184312,42.173096,-0.15379634,42.173096,-0.15379634
180313,0.51006,42.0945,0.144405,42.182597,-0.08809686,42.182597,-0.08809686
110484,0.51087,42.0583,0.239085,42.186658,-0.12835836,42.186658,-0.12835836
05D2dy,0.51175,42.3885,0.227281,42.191064,0.19743601,42.191064,0.19743601
04D1pg,0.5138,42.2567,0.35966,42.201299,0.055400537,42.201299,0.055400537
04D4in,0.51435,42.2259,0.196162,42.204039,0.021860983,42.204039,0.021860983
04D2mj,0.51475,42.3259,0.402924,42.20603,0.11987031,42.20603,0.11987031
1338430,0.51718,42.0932,0.190441,42.218092,-0.12489175,42.218092,-0.12489175
1334470,0.51876,42.1949,0.250421,42.225906,-0.031005933,42.225906,-0.031005933
310260,0.51879,42.1824,0.209558,42.226054,-0.043654086,42.226054,-0.043654086
450175,0.51943,42.2438,0.315111,42.229213,0.014587232,42.229213,0.014587232
06D3el,0.5196,42.2905,0.196455,42.230051,0.060448824,42.230051,0.060448824
04D2gc,0.52277,42.3496,0.273927,42.245638,0.1039622,42.245638,0.1039622
1295921,0.52393,42.1774,0.369236,42.251319,-0.073919147,42.251319,-0.073919147
1322229,0.52613,42.1702,0.223271,42.262062,-0.091861587,42.262062,-0.091861587
050005,0.52851,42.0855,0.188829,42.273635,-0.18813532,42.273635,-0.18813532
1322979,0.52939,42.2913,0.141023,42.277902,0.013397778,42.277902,0.013397778
330106,0.53091,41.8802,0.23431,42.285257,-0.40505658,42.285257,-0.40505658
160066,0.53105,42.5109,0.289268,42.285933,0.22496704,42.285933,0.22496704
1338471,0.53117,42.5253,0.38093,42.286513,0.23878743,42.286513,0.23878743
1337703,0.53226,41.9821,0.221979,42.291772,-0.30967177,42.291772,-0.30967177
06D2ca,0.53277,42.2472,0.294354,42.294229,-0.047028996,42.294229,-0.047028996
06D2cc,0.53377,42.1649,0.273819,42.299041,-0.13414065,42.299041,-0.13414065
05D4ek,0.53433,42.1433,0.225295,42.301731,-0.15843146,42.301731,-0.15843146
05D4be,0.53532,42.3205,0.204703,42.306482,0.014018082,42.306482,0.014018082
05D2eb,0.53578,42.2134,0.209507,42.308686,-0.095286377,42.308686,-0.095286377
1289656,0.53944,42.3338,0.244476,42.326163,0.0076372459,42.326163,0.0076372459
110426,0.54089,42.2791,0.233447,42.333055,-0.05395548,42.333055,-0.05395548
1324542,0.54154,42.53,0.24247,42.33614,0.19386034,42.33614,0.19386034
520041,0.5454,42.5633,0.191404,42.354383,0.20891688,42.354383,0.20891688
04D4bq,0.54832,42.0235,0.363222,42.368103,-0.34460293,42.368103,-0.34460293
1306980,0.54886,42.1695,0.378555,42.370633,-0.20113259,42.370633,-0.20113259
050201,0.55011,42.3253,0.19588,42.376479,-0.051179237,42.376479,-0.051179237
06D4bo,0.55031,42.3728,0.208456,42.377414,-0.0046135348,42.377414,-0.0046135348
1339450,0.55048,42.4104,0.376261,42.378207,0.032192565,42.378207,0.032192565
04D3hn,0.5526,42.1938,0.244151,42.388088,-0.1942884,42.388088,-0.1942884
06D2ck,0.5538,42.49,0.207133,42.393666,0.096334488,42.393666,0.096334488
1337117,0.55389,42.0827,0.177409,42.394083,-0.31138333,42.394083,-0.31138333
05D1ee,0.55775,42.4389,0.195189,42.411943,0.026956963,42.411943,0.026956963
04D1hx,0.55875,42.2975,0.356215,42.416551,-0.11905081,42.416551,-0.11905081
05D1kl,0.55875,42.7331,0.3833,42.416551,0.31654919,42.416551,0.31654919
1289555,0.56174,42.2937,0.227829,42.430282,-0.13658163,42.430282,-0.13658163
1303952,0.56263,42.6016,0.265242,42.434355,0.16724464,42.434355,0.16724464
05D1cc,0.56276,42.4296,0.234712,42.43495,-0.0053498844,42.43495,-0.0053498844
1330903,0.5643,42.4881,0.207587,42.441983,0.04611713,42.441983,0.04611713
1338278,0.56431,42.3969,0.296515,42.442028,-0.045128479,42.442028,-0.045128479
1285317,0.56441,42.3928,0.221111,42.442485,-0.04968453,42.442485,-0.04968453
05D1dn,0.56475,42.4873,0.19275,42.444035,0.043265471,42.444035,0.043265471
1317454,0.56883,42.2407,0.262337,42.462566,-0.22186586,42.462566,-0.22186586
1306785,0.57535,42.1912,0.452867,42.49192,-0.30071963,42.49192,-0.30071963
05D2dt,0.57583,42.5915,0.213158,42.494068,0.097431841,42.494068,0.097431841
050203,0.57609,42.4887,0.202103,42.495231,-0.0065312354,42.495231,-0.0065312354
06D3et,0.57661,42.4263,0.166843,42.497556,-0.071255894,42.497556,-0.071255894
1337228,0.57741,42.645,0.290949,42.501128,0.14387159,42.501128,0.14387159
110721,0.57823,42.4512,0.241176,42.504785,-0.05358537,42.504785,-0.05358537
03D4gf,0.57829,42.4174,0.24485,42.505053,-0.087652759,42.505053,-0.087652759
05D1dx,0.57875,42.4272,0.214391,42.507102,-0.079901868,42.507102,-0.079901868
1332059,0.57884,42.5317,0.231686,42.507503,0.0241974,42.507503,0.0241974
05D3jq,0.57959,42.3923,0.23116,42.51084,-0.11853973,42.51084,-0.11853973
05D3gp,0.5806,42.573,0.262496,42.515327,0.057672731,42.515327,0.057672731
03D1aw,0.58073,42.7061,0.239821,42.515904,0.19019567,42.515904,0.19019567
04D1jg,0.58294,42.5408,0.168029,42.525696,0.015104272,42.525696,0.015104272
05D4ej,0.58328,42.7974,0.186201,42.527199,0.27020103,42.527199,0.27020103
04D1sa,0.58375,42.6489,0.184752,42.529276,0.1196244,42.529276,0.1196244
04D1kj,0.58375,42.4765,0.198486,42.529276,-0.052775605,42.529276,-0.052775605
1338387,0.58382,42.4199,0.199369,42.529585,-0.10968476,42.529585,-0.10968476
05D1hm,0.58575,42.707,0.37297,42.538095,0.16890535,42.538095,0.16890535
05D4bf,0.58728,42.6241,0.203038,42.544822,0.079278075,42.544822,0.079278075
04D1oh,0.58873,42.5021,0.220032,42.551182,-0.049082104,42.551182,-0.049082104
03D4gg,0.59028,42.5156,0.248253,42.557964,-0.042364479,42.557964,-0.042364479
04D2mh,0.59184,42.4508,0.255828,42.564774,-0.11397355,42.564774,-0.11397355
05D3lr,0.6006,42.6116,0.278838,42.602695,0.0089049461,42.602695,0.0089049461
1338233,0.60149,42.7562,0.394779,42.606518,0.14968167,42.606518,0.14968167
05D4ef,0.60327,42.7503,0.2001,42.614149,0.13615124,42.614149,0.13615124
1335564,0.6062,42.6158,0.275076,42.626662,-0.010862423,42.626662,-0.010862423
03D4dy,0.60826,42.5904,0.228388,42.635426,-0.045026009,42.635426,-0.045026009
1332413,0.60873,42.6179,0.230751,42.637422,-0.019521508,42.637422,-0.019521508
1302141,0.6088,42.4282,0.350327,42.637719,-0.20951859,42.637719,-0.20951859
05D2he,0.60987,42.6876,0.321483,42.642256,0.04534443,42.642256,0.04534443
04D3do,0.61064,42.6686,0.184238,42.645516,0.023084185,42.645516,0.023084185
04D4an,0.61125,42.9049,0.247686,42.648096,0.25680417,42.648096,0.25680417
1295305,0.61171,42.701,0.16444,42.65004,0.050960207,42.65004,0.050960207
05D1ck,0.61571,42.7085,0.347272,42.666885,0.041614636,42.666885,0.041614636
1308957,0.61869,42.7164,0.388756,42.679368,0.037032325,42.679368,0.037032325
1335868,0.61942,42.6948,0.2753,42.682417,0.012383315,42.682417,0.012383315
000202,0.61988,42.7557,0.154862,42.684336,0.07136378,42.684336,0.07136378
04D3co,0.62063,42.6988,0.268136,42.687463,0.011337013,42.687463,0.011337013
04D2an,0.62188,42.5894,0.275623,42.692666,-0.10326627,42.692666,-0.10326627
03D4dh,0.62523,42.6577,0.215148,42.706562,-0.048862047,42.706562,-0.048862047
04D4fx,0.62723,42.585,0.244041,42.714824,-0.12982422,42.714824,-0.12982422
05D1cb,0.63071,42.6632,0.202856,42.729141,-0.065940676,42.729141,-0.065940676
05D2ci,0.63189,42.3111,0.32695,42.733978,-0.422878,42.733978,-0.422878
03D4at,0.63223,42.8493,0.323662,42.73537,0.1139298,42.73537,0.1139298
1330642,0.63392,42.5972,0.147609,42.74228,-0.14507969,42.74228,-0.14507969
04D1pu,0.63771,42.5298,0.442879,42.757711,-0.22791121,42.757711,-0.22791121
1343871,0.63787,42.8637,0.31082,42.758361,0.10533925,42.758361,0.10533925
05D4ag,0.63823,42.6594,0.367516,42.759822,-0.10042163,42.759822,-0.10042163
1337325,0.63866,42.7804,0.261646,42.761566,0.018834455,42.761566,0.018834455
1334879,0.63936,42.79,0.171844,42.764402,0.025597923,42.764402,0.025597923
05D2ec,0.6419,42.8476,0.256941,42.77467,0.072930218,42.77467,0.072930218
1308568,0.64305,42.3609,0.407842,42.779306,-0.41840579,42.779306,-0.41840579
05D3ax,0.64363,42.8034,0.316528,42.781641,0.02175906,42.781641,0.02175906
04D3cy,0.64364,42.7992,0.309841,42.781681,0.017518816,42.781681,0.017518816
05D3lb,0.64763,42.819,0.288435,42.797691,0.021309098,42.797691,0.021309098
1338266,0.64846,43.0397,0.272369,42.801009,0.2386906,42.801009,0.2386906
05D3kt,0.64863,42.7335,0.310678,42.801689,-0.068188585,42.801689,-0.068188585
1334707,0.64964,42.7805,0.149571,42.80572,-0.025220269,42.80572,-0.025220269
04D1sk,0.66207,42.9793,0.279772,42.854853,0.12444715,42.854853,0.12444715
05D3hs,0.66463,42.8698,0.233989,42.864862,0.0049378596,42.864862,0.0049378596
05D3mh,0.67065,43.0677,0.274795,42.888255,0.17944515,42.888255,0.17944515
03D1co,0.67767,43.2251,0.311797,42.915281,0.30981943,42.915281,0.30981943
05D2bt,0.68195,42.8376,0.239367,42.931626,-0.094026362,42.931626,-0.094026362
06D3cc,0.68365,43.1716,0.407734,42.938092,0.23350845,42.938092,0.23350845
04D4ic,0.68517,43.0166,0.366173,42.943859,0.072740856,42.943859,0.072740856
05D1ke,0.68867,42.8137,0.226508,42.957093,-0.14339322,42.957093,-0.14339322
1262214,0.68937,43.0444,0.271991,42.959732,0.084667713,42.959732,0.084667713
1262715,0.68937,42.8535,0.15677,42.959732,-0.10623229,42.959732,-0.10623229
06D3em,0.69065,42.9143,0.425857,42.964551,-0.050251359,42.964551,-0.050251359
03D4cz,0.69316,42.9162,0.318024,42.973976,-0.057776408,42.973976,-0.057776408
04D4ib,0.69716,42.9692,0.212738,42.988929,-0.019728865,42.988929,-0.019728865
06D4ba,0.69816,42.9671,0.342807,42.992654,-0.025554098,42.992654,-0.025554098
05D4cq,0.69916,43.0691,0.215345,42.996374,0.072725793,42.996374,0.072725793
05D4bj,0.69916,42.9402,0.338462,42.996374,-0.056174207,42.996374,-0.056174207
1335718,0.69933,43.1107,0.155898,42.997006,0.11369388,42.997006,0.11369388
05D2ck,0.69997,43.1147,0.29538,42.999384,0.11531625,42.999384,0.11531625
04D1si,0.70064,42.917,0.223194,43.001871,-0.084870592,43.001871,-0.084870592
04D4hu,0.70115,43.0968,0.261582,43.003762,0.093037968,43.003762,0.093037968
04D2iu,0.70197,42.8962,0.462713,43.0068,-0.1106004,43.0068,-0.1106004
05D2le,0.70198,43.0433,0.252753,43.006837,0.036462569,43.006837,0.036462569
05D3gv,0.71565,42.9944,0.245932,43.056992,-0.06259193,43.056992,-0.06259193
05D3jh,0.71867,42.8739,0.18843,43.067948,-0.19404773,43.067948,-0.19404773
1331993,0.71962,43.1638,0.204549,43.071385,0.092415077,43.071385,0.092415077
04D1aj,0.71964,42.97,0.342226,43.071457,-0.10145724,43.071457,-0.10145724
05D4ev,0.72013,43.1612,0.243162,43.073228,0.087971649,43.073228,0.087971649
06D3gh,0.72067,43.0459,0.305174,43.075179,-0.029278846,43.075179,-0.029278846
06D3do,0.72667,43.0811,0.248363,43.096757,-0.015656775,43.096757,-0.015656775
06D3bz,0.72767,43.008,0.257091,43.100336,-0.092336395,43.100336,-0.092336395
1304127,0.72861,43.005,0.283498,43.103697,-0.098696916,43.103697,-0.098696916
06D4bw,0.73012,42.9186,0.321961,43.109086,-0.19048646,43.109086,-0.19048646
1329166,0.73163,43.1799,0.196424,43.114465,0.065434731,43.114465,0.065434731
04D1pp,0.73362,42.9845,0.195902,43.121538,-0.13703757,43.121538,-0.13703757
04D2gp,0.734,43.22,0.388289,43.122886,0.097114046,43.122886,0.097114046
05D2fq,0.73501,43.2537,0.224615,43.126467,0.12723345,43.126467,0.12723345
05D1eo,0.73562,43.1807,0.25711,43.128627,0.052073211,43.128627,0.052073211
05D2ct,0.73602,43.1675,0.425639,43.130042,0.037457598,43.130042,0.037457598
05D3jk,0.73668,42.992,0.21489,43.132377,-0.14037654,43.132377,-0.14037654
04D2ja,0.74202,43.4813,0.32514,43.151188,0.33011203,43.151188,0.33011203
04D3fq,0.74269,43.0825,0.327179,43.153539,-0.071038976,43.153539,-0.071038976
05D3jb,0.74566,43.1675,0.195179,43.163936,0.0035640052,43.163936,0.0035640052
04D2kr,0.74613,42.9817,0.25474,43.165578,-0.18387765,43.165578,-0.18387765
04D4im,0.7491,42.9396,0.262488,43.175928,-0.23632846,43.175928,-0.23632846
1285160,0.74932,43.1772,0.163225,43.176694,0.00050638661,43.176694,0.00050638661
04D3ks,0.75068,42.9012,0.318716,43.181419,-0.28021882,43.181419,-0.28021882
05D2nt,0.75904,43.2469,0.233153,43.210284,0.036615557,43.210284,0.036615557
05D3mn,0.76069,43.0667,0.201161,43.215945,-0.14924527,43.215945,-0.14924527
05D4cn,0.76108,43.1767,0.236628,43.217282,-0.04058155,43.217282,-0.04058155
05D1if,0.76159,43.131,0.239872,43.219028,-0.088027992,43.219028,-0.088027992
04D1qd,0.7656,43.2369,0.225434,43.232721,0.0041794602,43.232721,0.0041794602
04D1de,0.7666,43.4224,0.250162,43.236124,0.18627567,43.236124,0.18627567
05D3hh,0.76668,43.3623,0.27025,43.236396,0.12590355,43.236396,0.12590355
04D4id,0.76707,43.5587,0.25715,43.237723,0.32097737,43.237723,0.32097737
04D1pc,0.7686,43.2929,0.311675,43.242919,0.04998096,43.242919,0.04998096
1329196,0.76933,43.2168,0.162741,43.245395,-0.028594848,43.245395,-0.028594848
05D4bi,0.77308,43.3568,0.295081,43.258077,0.098722704,43.258077,0.098722704
1325358,0.77931,43.0395,0.311092,43.279016,-0.23951596,43.279016,-0.23951596
05D4cs,0.78806,43.3042,0.232049,43.308152,-0.0039519455,43.308152,-0.0039519455
03D4fd,0.78905,43.3837,0.271177,43.311429,0.072271296,43.311429,0.072271296
1309749,0.78929,43.1995,0.165559,43.312222,-0.11272247,43.312222,-0.11272247
04D1ks,0.79656,42.9026,0.372096,43.336157,-0.43355664,43.336157,-0.43355664
03D1fq,0.79858,43.4338,0.288144,43.342769,0.091030776,43.342769,0.091030776
Elvis,0.83973,43.36,0.211845,43.474052,-0.11405159,43.474052,-0.11405159
Spock,0.83973,43.2012,0.390423,43.474052,-0.27285159,43.474052,-0.27285159
Manipogo,0.85474,43.6168,0.299913,43.520384,0.096415507,43.520384,0.096415507
Vilas,0.93577,43.5331,0.239939,43.757536,-0.22443627,43.757536,-0.22443627
Ombo,0.97424,44.1111,0.201519,43.863155,0.24794513,43.863155,0.24794513
SCP05D0,1.01236,44.1177,0.367085,43.963834,0.15386569,43.963834,0.15386569
Eagle,1.0198,44.2757,0.225903,43.983047,0.29265309,43.983047,0.29265309
Ferguson,1.02081,43.9706,0.47547,43.985644,-0.015044387,43.985644,-0.015044387
Strolger,1.02781,44.5364,0.353385,44.003577,0.53282287,44.003577,0.53282287
SCP06U4,1.04819,44.4229,0.488758,44.055107,0.36779304,44.055107,0.36779304
Gabi,1.12085,44.4405,0.22363,44.231066,0.20943441,44.231066,0.20943441
SCP06H5,1.23223,44.3207,0.610496,44.479865,-0.15916526,44.479865,-0.15916526
Lancaster,1.23589,44.905,0.273735,44.487654,0.41734593,44.487654,0.41734593
Aphrodite,1.29912,44.8641,0.275291,44.618679,0.24542149,44.618679,0.24542149
Thoth,1.30412,44.7206,0.316517,44.628765,0.091835387,44.628765,0.091835387
Inanna,1.30612,45.0197,0.445162,44.632788,0.38691183,44.632788,0.38691183
SCP05D6,1.31311,44.7867,0.316349,44.646802,0.13989802,44.646802,0.13989802
washington,1.32911,44.8745,0.238344,44.678599,0.19590114,44.678599,0.19590114
Borg,1.34093,44.7541,0.306395,44.701842,0.052257734,44.701842,0.052257734
SCP06G4,1.35134,44.5492,0.31846,44.722143,-0.17294269,44.722143,-0.17294269
Mcguire,1.3561,44.8094,0.238282,44.731373,0.078027343,44.731373,0.078027343
Sasquatch,1.39096,44.7944,0.374345,44.797989,-0.0035890138,44.797989,-0.0035890138
SCP06K0,1.41631,44.4579,0.735776,44.845382,-0.38748207,44.845382,-0.38748207
carter,1.54295,45.0902,0.371014,45.069974,0.020226297,45.069974,0.020226297
Primo,1.54903,45.293,0.233771,45.080281,0.21271919,45.080281,0.21271919
rutledge,1.61499,45.1595,0.333024,45.189529,-0.030028623,45.189529,-0.030028623
geta,1.69702,45.2863,0.38048,45.319224,-0.032924014,45.319224,-0.032924014
stone,1.80111,45.4865,0.281981,45.474884,0.011616241,45.474884,0.011616241
wilson,1.9116,45.4233,0.358642,45.630354,-0.20705406,45.630354,-0.20705406
colfax,2.2613,46.1828,0.281309,46.067734,0.11506615,46.067734,0.11506615
