Name,zcmb,mu_obs,e_mu_obs,mu_model_lcdm,residual_lcdm,mu_model_LambdaCDM,residual_LambdaCDM
2011fe,0.00122,28.9987,1.51645,28.442499,0.55620138,28.442499,0.55620138
2011fe,0.00122,29.0559,1.51747,28.442499,0.61340138,28.442499,0.61340138
2012cg,0.00256,30.7233,0.782372,30.053984,0.66931555,30.053984,0.66931555
2012cg,0.00256,30.7449,0.799068,30.053984,0.69091555,30.053984,0.69091555
2013dy,0.00293,31.5611,0.530838,30.347698,1.2134023,30.347698,1.2134023
2013dy,0.00293,31.499,0.514259,30.347698,1.1513023,30.347698,1.1513023
1994DRichmond,0.00299,30.7757,0.881212,30.391809,0.38389125,30.391809,0.38389125
1981B,0.0035,30.7946,0.614535,30.734585,0.060015065,30.734585,0.060015065
2001el,0.00357,31.5011,0.591006,30.777694,0.72340556,30.777694,0.72340556
2021pit,0.00366,30.9999,0.566505,30.831898,0.16800155,30.831898,0.16800155
2011by,0.00369,31.7933,0.55272,30.849671,0.9436286,30.849671,0.9436286
1998aq,0.00369,31.4967,0.545492,30.849671,0.6470286,30.849671,0.6470286
2005df_ANU,0.00435,31.3779,0.479276,31.208009,0.16989058,31.208009,0.16989058
2005df,0.00435,31.3933,0.476404,31.208009,0.18529058,31.208009,0.18529058
2011B,0.00458,31.6512,0.514401,31.320247,0.33095302,31.320247,0.33095302
1980N,0.0046,31.2476,0.558603,31.32974,-0.082139733,31.32974,-0.082139733
2012fr,0.0046,31.2234,0.410577,31.32974,-0.10633973,31.32974,-0.10633973
1992A,0.0046,31.34,0.562589,31.32974,0.010260267,31.32974,0.010260267
2007on,0.0046,31.7635,0.574442,31.32974,0.43376027,31.32974,0.43376027
2007on,0.0046,31.6525,0.564724,31.32974,0.32276027,31.32974,0.32276027
2012fr,0.0046,31.1331,0.446882,31.32974,-0.19663973,31.32974,-0.19663973
1990N,0.00462,31.6969,0.550993,31.339191,0.35770856,31.339191,0.35770856
2012ht,0.00465,32.033,0.420403,31.353293,0.67970719,31.353293,0.67970719
2012ht,0.00465,31.9309,0.442017,31.353293,0.57760719,31.353293,0.57760719
2017cbv,0.00478,30.4013,0.578445,31.413369,-1.0120689,31.413369,-1.0120689
2017cbv,0.00478,30.5107,0.578546,31.413369,-0.90266892,31.413369,-0.90266892
2013aa,0.00478,30.5528,0.580251,31.413369,-0.86056892,31.413369,-0.86056892
2013aa,0.00478,30.4604,0.594683,31.413369,-0.95296892,31.413369,-0.95296892
2016coj,0.00489,31.9117,0.469628,31.462944,0.4487559,31.462944,0.4487559
SN2016coj,0.00489,31.8985,0.483668,31.462944,0.4355559,31.462944,0.4355559
2007gi,0.00505,31.7403,0.491367,31.533104,0.20719554,31.533104,0.20719554
2015F,0.00515,31.539,0.407028,31.575839,-0.036838539,31.575839,-0.036838539
2015F,0.00515,31.4473,0.448264,31.575839,-0.12853854,31.575839,-0.12853854
1994ae,0.0054,32.1822,0.339643,31.679158,0.50304186,31.679158,0.50304186
2014bv,0.00548,32.4001,0.482567,31.711216,0.68888408,31.711216,0.68888408
2019np,0.0055,32.4608,0.318474,31.719158,0.74164248,31.719158,0.74164248
2019np,0.0055,32.4338,0.32229,31.719158,0.71464248,31.719158,0.71464248
2006dd,0.00551,31.1857,0.452235,31.723118,-0.53741754,31.723118,-0.53741754
1981D,0.00551,30.9079,0.524992,31.723118,-0.81521754,31.723118,-0.81521754
2007le,0.00552,32.0203,0.538159,31.72707,0.29322959,31.72707,0.29322959
2007le,0.00552,32.0754,0.533991,31.72707,0.34832959,31.72707,0.34832959
2007le,0.00552,32.0843,0.537335,31.72707,0.35722959,31.72707,0.35722959
1998dm,0.00567,32.8333,0.562902,31.785522,1.0477776,31.785522,1.0477776
1995al,0.00592,32.3593,0.359446,31.879602,0.47969777,31.879602,0.47969777
2011iv,0.00594,31.2217,0.420706,31.886957,-0.66525685,31.886957,-0.66525685
2018gv,0.00596,31.9404,0.344335,31.894287,0.046113155,31.894287,0.046113155
2018gv,0.00596,31.9102,0.350249,31.894287,0.015913155,31.894287,0.015913155
2018gv,0.00596,32.0666,0.343707,31.894287,0.17231315,31.894287,0.17231315
2015bp,0.00603,32.4685,0.487055,31.91975,0.54874967,31.91975,0.54874967
1992G,0.00611,32.4405,0.439634,31.948493,0.49200651,31.948493,0.49200651
2007af,0.00635,32.0999,0.322811,32.032527,0.067373028,32.032527,0.067373028
2007af,0.00635,32.0667,0.32593,32.032527,0.034173028,32.032527,0.034173028
2007af,0.00635,32.0023,0.36156,32.032527,-0.030226972,32.032527,-0.030226972
2007af,0.00635,32.0337,0.339166,32.032527,0.0011730281,32.032527,0.0011730281
2007sr,0.0066,31.6799,0.375913,32.116764,-0.43686424,32.116764,-0.43686424
2007sr,0.0066,31.6292,0.385756,32.116764,-0.48756424,32.116764,-0.48756424
2003du,0.00664,32.7685,0.292411,32.129947,0.63855326,32.129947,0.63855326
2003du,0.00664,32.7943,0.289134,32.129947,0.66435326,32.129947,0.66435326
2003du,0.00664,32.7423,0.294759,32.129947,0.61235326,32.129947,0.61235326
2002fk,0.00668,32.4423,0.300309,32.14305,0.29924957,32.14305,0.29924957
2002fk,0.00668,32.4642,0.300269,32.14305,0.32114957,32.14305,0.32114957
2018aoz,0.00701,31.7282,0.501431,32.248268,-0.52006771,32.248268,-0.52006771
2005cf,0.00703,32.3327,0.348317,32.254485,0.078214883,32.254485,0.078214883
2005cf,0.00703,32.3221,0.322655,32.254485,0.067614883,32.254485,0.067614883
2005cf,0.00703,32.3193,0.325586,32.254485,0.064814883,32.254485,0.064814883
2008Q,0.00722,32.3312,0.373843,32.312688,0.018512298,32.312688,0.018512298
2008Q,0.00722,32.2998,0.396652,32.312688,-0.012887702,32.312688,-0.012887702
2017erp,0.00727,32.1729,0.371125,32.327751,-0.15485092,32.327751,-0.15485092
2017erp,0.00727,32.2048,0.34795,32.327751,-0.12295092,32.327751,-0.12295092
2017erp,0.00727,32.1951,0.34053,32.327751,-0.13265092,32.327751,-0.13265092
1991M,0.00758,33.2138,0.462834,32.418903,0.79489692,32.418903,0.79489692
2003kf,0.00769,32.6418,0.362719,32.450358,0.19144163,32.450358,0.19144163
1998dh,0.00769,32.6151,0.317457,32.450358,0.16474163,32.450358,0.16474163
1998dh,0.00769,32.7164,0.317031,32.450358,0.26604163,32.450358,0.26604163
ASASSN-15so,0.00773,32.7527,0.26758,32.461686,0.29101418,32.461686,0.29101418
2013gh,0.00775,32.6922,0.484865,32.467328,0.2248723,32.467328,0.2248723
2013gh,0.00775,32.521,0.465611,32.467328,0.053672302,32.467328,0.053672302
1995D,0.0078,32.484,0.342662,32.481369,0.0026307165,32.481369,0.0026307165
2012hr,0.00788,32.7092,0.367554,32.503651,0.20554932,32.503651,0.20554932
2001bg,0.00796,32.6928,0.359218,32.525708,0.16709176,32.525708,0.16709176
2009ig,0.00801,32.6707,0.286975,32.539383,0.13131746,32.539383,0.13131746
1997br,0.00801,31.7321,0.531169,32.539383,-0.80728254,32.539383,-0.80728254
2009ig,0.00801,32.7434,0.280148,32.539383,0.20401746,32.539383,0.20401746
2009ig,0.00801,32.3711,0.371926,32.539383,-0.16828254,32.539383,-0.16828254
1996X,0.00812,31.9733,0.415464,32.56917,-0.59586961,32.56917,-0.59586961
PSNJ0717457,0.00812,32.7223,0.383433,32.56917,0.15313039,32.56917,0.15313039
2019ein,0.00837,32.8616,0.327035,32.635402,0.2261981,32.635402,0.2261981
2005am,0.00841,32.335,0.337879,32.645816,-0.31081619,32.645816,-0.31081619
2005am,0.00841,32.3945,0.331296,32.645816,-0.25131619,32.645816,-0.25131619
2005am,0.00841,32.3744,0.338325,32.645816,-0.27141619,32.645816,-0.27141619
2002er,0.00853,32.799,0.368859,32.676766,0.12223383,32.676766,0.12223383
2002er,0.00853,32.7498,0.409525,32.676766,0.07303383,32.676766,0.07303383
2005W,0.00861,32.852,0.318032,32.69716,0.15484005,32.69716,0.15484005
1996Z,0.00867,32.4455,0.490787,32.712332,-0.26683206,32.712332,-0.26683206
PTF10icb,0.009,33.4753,0.372879,32.793957,0.68134297,32.793957,0.68134297
2009an,0.00921,33.2253,0.299086,32.844366,0.38093429,32.844366,0.38093429
2009an,0.00921,33.3378,0.306294,32.844366,0.49343429,32.844366,0.49343429
1997bp,0.00931,32.4198,0.425219,32.86797,-0.44816977,32.86797,-0.44816977
1998es,0.00957,32.9165,0.372831,32.928181,-0.011680846,32.928181,-0.011680846
1998es,0.00957,32.8029,0.35789,32.928181,-0.12528085,32.928181,-0.12528085
2021hpr,0.00958,33.0869,0.343916,32.930464,0.15643592,32.930464,0.15643592
2006D,0.00966,32.8914,0.286425,32.948645,-0.057245139,32.948645,-0.057245139
2006D,0.00966,32.9159,0.285505,32.948645,-0.032745139,32.948645,-0.032745139
2006D,0.00966,32.8973,0.282867,32.948645,-0.051345139,32.948645,-0.051345139
1999ac,0.00979,32.9674,0.341878,32.977873,-0.010472771,32.977873,-0.010472771
1999ac,0.00979,32.9182,0.365223,32.977873,-0.059672771,32.977873,-0.059672771
2004S,0.0098,33.1236,0.317227,32.980105,0.14349494,32.980105,0.14349494
1997bq,0.00993,33.0683,0.324016,33.008921,0.059379316,33.008921,0.059379316
2008fv_comb,0.00993,33.1809,0.377969,33.008921,0.17197932,33.008921,0.17197932
2002cr,0.00998,33.2469,0.254885,33.019904,0.22699603,33.019904,0.22699603
1999cp,0.00998,33.0399,0.268981,33.019904,0.019996032,33.019904,0.019996032
1999cp,0.00998,33.2135,0.253629,33.019904,0.19359603,33.019904,0.19359603
2002cr,0.00998,33.2309,0.251906,33.019904,0.21099603,33.019904,0.21099603
2013cs,0.01029,32.3353,0.401367,33.086804,-0.75150429,33.086804,-0.75150429
ASASSN-16jf,0.0104,33.5709,0.314858,33.110063,0.46083699,33.110063,0.46083699
2006bh,0.01042,33.2788,0.247952,33.114266,0.16453439,33.114266,0.16453439
2013E,0.01042,32.7794,0.348547,33.114266,-0.33486561,33.114266,-0.33486561
1997do,0.01048,33.1081,0.364668,33.126826,-0.018725546,33.126826,-0.018725546
2002dp,0.01049,33.2931,0.27457,33.128912,0.16418808,33.128912,0.16418808
2002dp,0.01049,33.3806,0.309009,33.128912,0.25168808,33.128912,0.25168808
2009Y,0.0105,32.7458,0.360296,33.130996,-0.38519633,33.130996,-0.38519633
2009Y,0.0105,32.9015,0.334006,33.130996,-0.22949633,33.130996,-0.22949633
2009Y,0.0105,32.6457,0.409088,33.130996,-0.48529633,33.130996,-0.48529633
2002dj,0.01051,32.901,0.309548,33.133079,-0.23207877,33.133079,-0.23207877
2002dj,0.01051,32.8654,0.334488,33.133079,-0.26767877,33.133079,-0.26767877
2010ko,0.01096,33.8347,0.353909,33.224808,0.60989151,33.224808,0.60989151
2013ex,0.01096,33.4947,0.325172,33.224808,0.26989151,33.224808,0.26989151
2013ex,0.01096,33.4336,0.283424,33.224808,0.20879151,33.224808,0.20879151
2010Y,0.01142,33.7403,0.254135,33.314792,0.42550839,33.314792,0.42550839
2011ao,0.01168,33.4974,0.301502,33.364074,0.13332623,33.364074,0.13332623
2009ab,0.01189,33.5833,0.281169,33.403091,0.18020945,33.403091,0.18020945
2002ha,0.0122,33.708,0.24076,33.459455,0.24854485,33.459455,0.24854485
2002ha,0.0122,33.7246,0.250097,33.459455,0.26514485,33.459455,0.26514485
AT2017cfd,0.01222,33.5752,0.292564,33.463043,0.11215735,33.463043,0.11215735
2017cfd,0.01222,33.5673,0.284786,33.463043,0.10425735,33.463043,0.10425735
iPTF13ebh,0.01238,33.7337,0.342487,33.491535,0.24216524,33.491535,0.24216524
iPTF13ebh,0.01238,33.6369,0.29522,33.491535,0.14536524,33.491535,0.14536524
2009kk,0.01244,33.7023,0.266666,33.502125,0.20017473,33.502125,0.20017473
2009kq,0.01247,33.5178,0.26619,33.507402,0.010398457,33.507402,0.010398457
2009kq,0.01247,33.5874,0.26006,33.507402,0.079998457,33.507402,0.079998457
2008R,0.0126,33.8286,0.265115,33.530121,0.29847908,33.530121,0.29847908
2001cz,0.01275,33.8783,0.346381,33.556049,0.3222514,33.556049,0.3222514
2007hj,0.01288,33.9846,0.299399,33.578276,0.40632417,33.578276,0.40632417
2007hj,0.01288,33.9682,0.303693,33.578276,0.38992417,33.578276,0.38992417
2007hj,0.01288,33.9247,0.304606,33.578276,0.34642417,33.578276,0.34642417
2001ep,0.01306,33.6365,0.287379,33.608688,0.02781236,33.608688,0.02781236
2001ep,0.01306,33.5028,0.331124,33.608688,-0.10588764,33.608688,-0.10588764
2013gy,0.01309,33.7355,0.239783,33.613716,0.12178415,33.613716,0.12178415
2013gy,0.01309,33.7607,0.28722,33.613716,0.14698415,33.613716,0.14698415
1997E,0.01314,33.7649,0.288791,33.622071,0.14282911,33.622071,0.14282911
1999dq,0.01334,33.52,0.273536,33.655179,-0.13517891,33.655179,-0.13517891
1999dq,0.01334,33.4717,0.261601,33.655179,-0.18347891,33.655179,-0.18347891
2008hv,0.0136,33.797,0.277855,33.697492,0.099508438,33.697492,0.099508438
2008hv,0.0136,33.772,0.235755,33.697492,0.074508438,33.697492,0.074508438
2008hv,0.0136,33.7683,0.232778,33.697492,0.070808438,33.697492,0.070808438
2007cv,0.01361,33.6741,0.345367,33.699103,-0.025002922,33.699103,-0.025002922
2005kc,0.01386,34.0249,0.352338,33.73901,0.28588973,33.73901,0.28588973
2005kc,0.01386,34.0187,0.307194,33.73901,0.27968973,33.73901,0.27968973
1999dk,0.014,33.8053,0.288803,33.761048,0.044251945,33.761048,0.044251945
1999dk,0.014,33.6651,0.296207,33.761048,-0.095948055,33.761048,-0.095948055
2011df,0.01402,33.8524,0.277558,33.764178,0.088221523,33.764178,0.088221523
ASASSN-16dn,0.01406,33.8206,0.250873,33.770426,0.050173925,33.770426,0.050173925
2001bt,0.01407,33.7492,0.416658,33.771985,-0.022785224,33.771985,-0.022785224
2006N,0.01416,33.9078,0.240515,33.785968,0.12183162,33.785968,0.12183162
2004eo,0.0142,33.8826,0.249316,33.792155,0.090445118,33.792155,0.090445118
2003gt,0.01422,33.9253,0.243928,33.795242,0.13005833,33.795242,0.13005833
ASASSN-16la,0.01424,33.8444,0.265489,33.798324,0.046075848,33.798324,0.046075848
2013fa,0.01429,33.7894,0.397352,33.806012,-0.016611651,33.806012,-0.016611651
1992al,0.01434,33.6968,0.233531,33.813673,-0.11687256,33.813673,-0.11687256
2001fe,0.01448,33.8916,0.240694,33.834983,0.056616794,33.834983,0.056616794
PSNJ2043531,0.01449,34.1902,0.372674,33.836498,0.35370242,33.836498,0.35370242
2013gq,0.01457,33.7526,0.2163,33.848575,-0.095975442,33.848575,-0.095975442
2000dm,0.01472,34.0109,0.270222,33.871045,0.1398545,33.871045,0.1398545
2005el,0.01483,33.974,0.229564,33.88738,0.086620067,33.88738,0.086620067
2005el,0.01483,33.9261,0.231708,33.88738,0.038720067,33.88738,0.038720067
2011im,0.01493,34.2732,0.34036,33.902126,0.37107433,33.902126,0.37107433
2005de,0.01495,34.1793,0.26677,33.905063,0.27423692,33.905063,0.27423692
2005bo,0.01503,33.7553,0.390506,33.916774,-0.16147397,33.916774,-0.16147397
2005bo,0.01503,33.7189,0.39282,33.916774,-0.19787397,33.916774,-0.19787397
2006td,0.01504,34.1727,0.365029,33.918233,0.25446651,33.918233,0.25446651
2008ec,0.01506,34.1302,0.33431,33.92115,0.20905035,33.92115,0.20905035
2008ec,0.01506,34.1732,0.264363,33.92115,0.25205035,33.92115,0.25205035
2007ca,0.01509,34.3366,0.370715,33.925517,0.41108329,33.925517,0.41108329
2007ca,0.01509,34.1781,0.396908,33.925517,0.25258329,33.925517,0.25258329
2001cn,0.01509,33.8877,0.294985,33.925517,-0.03781671,33.925517,-0.03781671
2007ca,0.01509,34.252,0.397235,33.925517,0.32648329,33.925517,0.32648329
ATLAS16cxr,0.01518,34.3426,0.372888,33.938567,0.40403348,33.938567,0.40403348
ASASSN-16ad,0.01522,34.0334,0.344305,33.944342,0.089058121,33.944342,0.089058121
2009nq,0.01527,34.1657,0.28688,33.95154,0.21416001,33.95154,0.21416001
SN2017jl,0.01529,33.7706,0.30219,33.954413,-0.1838127,33.954413,-0.1838127
1999ej,0.01534,34.2581,0.272528,33.961578,0.29652175,33.961578,0.29652175
1999ej,0.01534,34.2112,0.258071,33.961578,0.24962175,33.961578,0.24962175
2001en,0.01534,33.9994,0.28632,33.961578,0.037821754,33.961578,0.037821754
2001en,0.01534,33.8852,0.313932,33.961578,-0.076378246,33.961578,-0.076378246
2002cs,0.01538,34.0329,0.272511,33.967294,0.065605938,33.967294,0.065605938
2008eo,0.01539,34.3317,0.278713,33.968721,0.36297928,33.968721,0.36297928
2001bf,0.01556,33.9004,0.218994,33.992835,-0.092434513,33.992835,-0.092434513
2001bf,0.01556,33.9926,0.239289,33.992835,-0.00023451257,33.992835,-0.00023451257
iPTF16auf,0.01566,34.0744,0.314862,34.006898,0.067502382,34.006898,0.067502382
2013fw,0.0157,34.1608,0.218117,34.012498,0.148302,34.012498,0.148302
2008bc,0.01572,34.0331,0.226465,34.015293,0.017807105,34.015293,0.017807105
1999aa,0.01579,34.1323,0.209471,34.025047,0.10725259,34.025047,0.10725259
ASASSN-15oh,0.01579,34.3916,0.270341,34.025047,0.36655259,34.025047,0.36655259
1999aa,0.01579,34.1663,0.242893,34.025047,0.14125259,34.025047,0.14125259
iPTF13dge,0.01581,34.2793,0.261916,34.027827,0.25147345,34.027827,0.25147345
2001V,0.01592,33.7902,0.290577,34.04305,-0.25284996,34.04305,-0.25284996
2001V,0.01592,33.8072,0.290395,34.04305,-0.23584996,34.04305,-0.23584996
2010kg,0.01595,33.9999,0.334729,34.047184,-0.047283744,34.047184,-0.047283744
PSNJ0107203,0.01601,33.9673,0.284408,34.055428,-0.088128282,34.055428,-0.088128282
1998ef,0.0161,33.841,0.289311,34.067738,-0.22673796,34.067738,-0.22673796
1998ef,0.0161,33.8975,0.264562,34.067738,-0.17023796,34.067738,-0.17023796
2013Q,0.01612,33.9726,0.41528,34.070464,-0.097864199,34.070464,-0.097864199
1994S,0.01619,34.0287,0.224824,34.07998,-0.05127976,34.07998,-0.05127976
2007ss,0.01619,34.4137,0.34637,34.07998,0.33372024,34.07998,0.33372024
2013hn,0.01629,34.0697,0.290382,34.093503,-0.023803068,34.093503,-0.023803068
2005al,0.01629,33.9986,0.219937,34.093503,-0.094903068,34.093503,-0.094903068
SN2016gfr,0.0163,33.8985,0.245383,34.094851,-0.19635088,34.094851,-0.19635088
ASASSN-16ip,0.01632,34.1679,0.246475,34.097544,0.070355947,34.097544,0.070355947
2007fs,0.01633,34.3408,0.198023,34.098889,0.24191058,34.098889,0.24191058
iPTF14bdn,0.01636,34.1062,0.281582,34.102921,0.0032793805,34.102921,0.0032793805
2007A,0.01646,34.5341,0.341619,34.116305,0.41779463,34.116305,0.41779463
2007A,0.01646,34.4649,0.358327,34.116305,0.34859463,34.116305,0.34859463
2004fz,0.01646,33.7799,0.330633,34.116305,-0.33640537,34.116305,-0.33640537
2000dk,0.01649,34.1517,0.257136,34.120305,0.031394888,34.120305,0.031394888
2000dk,0.01649,34.1436,0.28269,34.120305,0.023294888,34.120305,0.023294888
2001da,0.01658,34.2003,0.325329,34.132261,0.068038681,34.132261,0.068038681
2001da,0.01658,34.022,0.308995,34.132261,-0.11026132,34.132261,-0.11026132
1997Y,0.01661,34.1973,0.214463,34.136232,0.061067537,34.136232,0.061067537
ASASSN-15ti,0.01671,34.4894,0.310314,34.149419,0.33998142,34.149419,0.33998142
1996bv,0.01673,34.0755,0.297815,34.152046,-0.076546438,34.152046,-0.076546438
ASASSN-15od,0.01678,34.3409,0.228387,34.158603,0.18229748,34.158603,0.18229748
2007fb,0.0168,34.4009,0.221698,34.16122,0.23968045,34.16122,0.23968045
2007fb,0.0168,34.5101,0.231239,34.16122,0.34888045,34.16122,0.34888045
2006ef,0.01694,34.361,0.220285,34.179453,0.18154706,34.179453,0.18154706
ASASSN-15kx,0.01697,34.6084,0.219814,34.183341,0.42505929,34.183341,0.42505929
2008C,0.01709,34.2669,0.262425,34.198824,0.068075861,34.198824,0.068075861
2008C,0.01709,34.31,0.263557,34.198824,0.11117586,34.198824,0.11117586
1998V,0.01718,34.1465,0.231417,34.210366,-0.063866347,34.210366,-0.063866347
2008L,0.01734,34.3364,0.210115,34.230739,0.10566097,34.230739,0.10566097
2008L,0.01734,34.2464,0.213428,34.230739,0.015660966,34.230739,0.015660966
2009le,0.01739,34.2939,0.246602,34.237067,0.056832591,34.237067,0.056832591
2009le,0.01739,34.2418,0.22287,34.237067,0.0047325911,34.237067,0.0047325911
2013gs,0.01748,34.2221,0.320412,34.248413,-0.026313301,34.248413,-0.026313301
2000dr,0.01765,34.2975,0.318912,34.269688,0.027812209,34.269688,0.027812209
2006ax,0.01774,34.3133,0.19782,34.280869,0.032431075,34.280869,0.032431075
2006ax,0.01774,34.3228,0.200241,34.280869,0.041931075,34.280869,0.041931075
2007as,0.01791,34.2661,0.234211,34.301837,-0.035736755,34.301837,-0.035736755
ASASSN-17co,0.01791,34.2005,0.280568,34.301837,-0.10133675,34.301837,-0.10133675
PS15coh,0.01796,34.4393,0.226901,34.307966,0.13133365,34.307966,0.13133365
1992bo,0.01805,34.6078,0.20147,34.318957,0.28884274,34.318957,0.28884274
2011fs,0.01822,34.5466,0.215514,34.339571,0.20702906,34.339571,0.20702906
2011fs,0.01822,34.4866,0.321023,34.339571,0.14702906,34.339571,0.14702906
2008hs,0.01835,34.7394,0.433516,34.355207,0.38419344,34.355207,0.38419344
2008hs,0.01835,34.757,0.466611,34.355207,0.40179344,34.355207,0.40179344
ASASSN-16cs,0.01839,34.4286,0.281407,34.359996,0.068604491,34.359996,0.068604491
ATLAS16cpu,0.01851,34.5716,0.239989,34.374301,0.19729912,34.374301,0.19729912
2016ffh,0.01851,34.6171,0.238984,34.374301,0.24279912,34.374301,0.24279912
2016W,0.01855,34.3648,0.295725,34.379049,-0.01424899,34.379049,-0.01424899
2002jy,0.0187,34.9988,0.187715,34.396765,0.6020352,34.396765,0.6020352
2000cu,0.01902,34.6066,0.277471,34.434094,0.17250586,34.434094,0.17250586
2010ai,0.01918,34.9792,0.21848,34.452527,0.52667309,34.452527,0.52667309
2009gf,0.01925,34.492,0.255362,34.460544,0.031456436,34.460544,0.031456436
2009gf,0.01925,34.576,0.296243,34.460544,0.11545644,34.460544,0.11545644
2006ej,0.01926,34.5995,0.188309,34.461686,0.13781355,34.461686,0.13781355
2006ej,0.01926,34.6482,0.187832,34.461686,0.18651355,34.461686,0.18651355
2006ej,0.01926,34.5012,0.295566,34.461686,0.03951355,34.461686,0.03951355
2006ej,0.01926,34.576,0.189903,34.461686,0.11431355,34.461686,0.11431355
2002kf,0.01948,34.6854,0.204275,34.486683,0.19871716,34.486683,0.19871716
2006kf,0.01955,34.8085,0.195531,34.494578,0.31392216,34.494578,0.31392216
2006kf,0.01955,34.7747,0.195403,34.494578,0.28012216,34.494578,0.28012216
1992bc,0.01976,34.5121,0.199486,34.518096,-0.0059964946,34.518096,-0.0059964946
SN2016ajf,0.01978,34.7627,0.339971,34.520323,0.24237651,34.520323,0.24237651
2001dl,0.01983,35.1263,0.375783,34.525881,0.60041874,34.525881,0.60041874
2007au,0.01992,34.6865,0.406241,34.535851,0.1506495,34.535851,0.1506495
AT2016eoa,0.01993,34.6693,0.230687,34.536955,0.13234455,34.536955,0.13234455
ASASSN-16lc,0.02001,34.6956,0.216494,34.545775,0.14982461,34.545775,0.14982461
ASASSN-17bs,0.02014,34.5647,0.249505,34.560034,0.0046661363,34.560034,0.0046661363
2018fop,0.02017,34.5899,0.199177,34.563311,0.026588617,34.563311,0.026588617
ATLAS16dqf,0.02019,34.5749,0.375822,34.565494,0.0094062746,34.565494,0.0094062746
2016hpw,0.02019,34.8165,0.241825,34.565494,0.25100627,34.565494,0.25100627
2009ds,0.02033,34.5072,0.233893,34.580711,-0.073510667,34.580711,-0.073510667
2009ds,0.02033,34.702,0.19246,34.580711,0.12128933,34.580711,0.12128933
PSNJ1602512,0.02039,34.556,0.333904,34.587201,-0.031200593,34.587201,-0.031200593
2001br,0.02046,34.8118,0.300223,34.594748,0.21705159,34.594748,0.21705159
2007st,0.02061,34.4168,0.217156,34.610837,-0.19403688,34.610837,-0.19403688
2005ki,0.02066,34.5709,0.187708,34.616174,-0.045274049,34.616174,-0.045274049
2005ki,0.02066,34.4931,0.19075,34.616174,-0.12307405,34.616174,-0.12307405
2005ki,0.02066,34.5656,0.177716,34.616174,-0.050574049,34.616174,-0.050574049
2010A,0.02079,34.4863,0.330445,34.629991,-0.14369129,34.629991,-0.14369129
2003W,0.02087,34.6349,0.254511,34.638452,-0.0035519227,34.638452,-0.0035519227
2003W,0.02087,34.674,0.230899,34.638452,0.035548077,34.638452,0.035548077
ASASSN-16lg,0.02093,34.375,0.203089,34.644776,-0.26977643,34.644776,-0.26977643
ASASSN-15uv,0.02104,34.6114,0.393324,34.656325,-0.04492507,34.656325,-0.04492507
ASASSN-15lg,0.02121,34.6552,0.214591,34.674056,-0.018856383,34.674056,-0.018856383
2006et,0.0214,34.7742,0.253646,34.693709,0.080491332,34.693709,0.080491332
2006et,0.0214,34.7583,0.283448,34.693709,0.064591332,34.693709,0.064591332
2008Z,0.02146,35.118,0.310686,34.699879,0.41812107,34.699879,0.41812107
2008Z,0.02146,35.2056,0.304103,34.699879,0.50572107,34.699879,0.50572107
ASASSN-18da,0.02157,34.7709,0.195863,34.711147,0.059752971,34.711147,0.059752971
2006dm,0.02161,34.8059,0.18018,34.71523,0.090669518,34.71523,0.090669518
2006dm,0.02161,34.8234,0.25811,34.71523,0.10816952,34.71523,0.10816952
2009dc,0.02179,34.3468,0.19901,34.733514,-0.3867143,34.733514,-0.3867143
2000fa,0.02181,34.759,0.288719,34.735537,0.023463363,34.735537,0.023463363
2000fa,0.02181,34.7997,0.25527,34.735537,0.064163363,34.735537,0.064163363
2007bc,0.02187,34.7344,0.177177,34.741593,-0.0071927041,34.741593,-0.0071927041
2007bc,0.02187,34.7419,0.187753,34.741593,0.00030729587,34.741593,0.00030729587
2007bc,0.02187,34.7561,0.180584,34.741593,0.014507296,34.741593,0.014507296
1995ak,0.02193,34.6739,0.247785,34.747632,-0.073732419,34.747632,-0.073732419
ASASSN-18iu,0.02202,34.8847,0.186029,34.756662,0.12803847,34.756662,0.12803847
2004bw,0.02207,34.8194,0.196425,34.761662,0.057738006,34.761662,0.057738006
2009na,0.02209,34.7477,0.199095,34.763659,-0.015959056,34.763659,-0.015959056
2004bg,0.02214,34.8704,0.204479,34.768644,0.10175607,34.768644,0.10175607
2004bg,0.02214,34.7727,0.199004,34.768644,0.0040560731,34.768644,0.0040560731
2002cu,0.02217,34.7814,0.224663,34.77163,0.0097704725,34.77163,0.0097704725
ASASSN-15tz,0.0222,34.9543,0.274039,34.774611,0.17968885,34.774611,0.17968885
PS15cku,0.02222,35.0537,0.229702,34.776597,0.27710331,34.776597,0.27710331
2002ef,0.02224,34.6849,0.358325,34.77858,-0.093680476,34.77858,-0.093680476
2006bq,0.02226,34.8693,0.2033,34.780563,0.088737498,34.780563,0.088737498
ATLAS16dpb,0.02238,35.0481,0.288632,34.792418,0.25568206,34.792418,0.25568206
2001cp,0.02245,34.9654,0.216973,34.799305,0.16609528,34.799305,0.16609528
ASASSN-17aj,0.02253,34.7306,0.243141,34.807149,-0.076549468,34.807149,-0.076549468
ASASSN-16bn,0.02253,35.0392,0.214526,34.807149,0.23205053,34.807149,0.23205053
2008ia,0.02257,34.9245,0.169837,34.811062,0.11343844,34.811062,0.11343844
2000cn,0.0226,34.9712,0.237284,34.813991,0.15720885,34.813991,0.15720885
2000cn,0.0226,34.9992,0.267367,34.813991,0.18520885,34.813991,0.18520885
ASASSN-14fa,0.02262,34.883,0.27497,34.815942,0.067057924,34.815942,0.067057924
1999dg,0.02263,34.8589,0.246447,34.816917,0.041983095,34.816917,0.041983095
2007qe,0.0228,35.0406,0.206572,34.833424,0.20717562,34.833424,0.20717562
2007qe,0.0228,34.9509,0.259128,34.833424,0.11747562,34.833424,0.11747562
2004at,0.02287,34.9168,0.178524,34.840186,0.076613637,34.840186,0.076613637
SNF20080514-002,0.02292,35.0136,0.216159,34.845004,0.16859612,34.845004,0.16859612
2007ci,0.02295,34.6478,0.266962,34.847889,-0.20008943,34.847889,-0.20008943
2007ci,0.02295,34.4301,0.279423,34.847889,-0.41778943,34.847889,-0.41778943
ASASSN-16em,0.02296,34.994,0.277383,34.84885,0.14514955,34.84885,0.14514955
2006sr,0.02307,34.9949,0.180801,34.859395,0.13550542,34.859395,0.13550542
ASASSN-15nr,0.02309,34.8331,0.263771,34.861306,-0.028206374,34.861306,-0.028206374
2009cz,0.02315,34.8582,0.260273,34.867032,-0.0088319848,34.867032,-0.0088319848
2009cz,0.02315,34.8582,0.170636,34.867032,-0.0088319848,34.867032,-0.0088319848
2014ai,0.02317,35.0225,0.271221,34.868937,0.15356273,34.868937,0.15356273
2009jb,0.02324,34.7666,0.340338,34.875593,-0.10899306,34.875593,-0.10899306
2009al,0.02328,34.9851,0.282579,34.879388,0.10571249,34.879388,0.10571249
2009al,0.02328,35.0081,0.221692,34.879388,0.12871249,34.879388,0.12871249
2009al,0.02328,34.9783,0.225403,34.879388,0.098912493,34.879388,0.098912493
ATLAS17bas,0.02331,34.5715,0.261746,34.882229,-0.31072913,34.882229,-0.31072913
2006cp,0.02334,34.8603,0.24312,34.885067,-0.024767158,34.885067,-0.024767158
2006cp,0.02334,34.7714,0.302654,34.885067,-0.11366716,34.885067,-0.11366716
ASASSN-15sf,0.02349,35.2317,0.235205,34.899204,0.33249637,34.899204,0.33249637
2017hoq,0.0235,34.985,0.19074,34.900143,0.084857105,34.900143,0.084857105
1998eg,0.02358,35.1018,0.195014,34.907643,0.19415709,34.907643,0.19415709
2010cr,0.02368,35.2685,0.304874,34.916983,0.35151723,34.916983,0.35151723
ASASSN-15il,0.02374,34.8584,0.20127,34.922568,-0.06416807,34.922568,-0.06416807
AT2017cfb,0.02382,34.8438,0.220547,34.929994,-0.086193557,34.929994,-0.086193557
PS16ccn,0.02395,35.1784,0.189112,34.942008,0.23639223,34.942008,0.23639223
2006ac,0.02395,34.9871,0.184147,34.942008,0.045092226,34.942008,0.045092226
2006ac,0.02395,34.953,0.198064,34.942008,0.010992226,34.942008,0.010992226
ASASSN-15jt,0.02396,34.889,0.403697,34.942929,-0.053929284,34.942929,-0.053929284
2003he,0.02404,35.0862,0.240547,34.950288,0.13591223,34.950288,0.13591223
2004bk,0.02405,34.8391,0.21588,34.951206,-0.11210588,34.951206,-0.11210588
ASASSN-16hz,0.02406,34.8112,0.317595,34.952124,-0.14092362,34.952124,-0.14092362
2003it,0.02413,35.079,0.205996,34.958537,0.1204627,34.958537,0.1204627
2005bg,0.02414,35.0102,0.201948,34.959452,0.050747952,34.959452,0.050747952
2007F,0.0242,35.084,0.183555,34.964933,0.1190673,34.964933,0.1190673
2007F,0.0242,34.9421,0.208286,34.964933,-0.0228327,34.964933,-0.0228327
2000bh,0.02421,34.8782,0.224067,34.965845,-0.087644842,34.965845,-0.087644842
2010ao,0.02422,34.943,0.2098,34.966757,-0.023756612,34.966757,-0.023756612
AT2016bln,0.02425,35.0771,0.195416,34.96949,0.1076103,34.96949,0.1076103
2004br,0.02426,34.807,0.18246,34.9704,-0.1634,34.9704,-0.1634
1994M,0.02426,34.9528,0.213795,34.9704,-0.017599995,34.9704,-0.017599995
2010gp,0.02436,34.4711,0.398476,34.979483,-0.50838265,34.979483,-0.50838265
PS1-14xw,0.02436,35.1049,0.31033,34.979483,0.12541735,34.979483,0.12541735
2011dn,0.02443,34.4583,0.333265,34.985819,-0.5275187,34.985819,-0.5275187
2018enc,0.0245,34.9998,0.217718,34.992137,0.0076630807,34.992137,0.0076630807
1993H,0.0245,35.1803,0.232251,34.992137,0.18816308,34.992137,0.18816308
2008bf,0.02451,35.0521,0.231261,34.993038,0.059061929,34.993038,0.059061929
2008bf,0.02451,34.8898,0.233972,34.993038,-0.10323807,34.993038,-0.10323807
2008bf,0.02451,35.1061,0.235556,34.993038,0.11306193,34.993038,0.11306193
2000ca,0.02454,34.8993,0.190331,34.995739,-0.096439357,34.995739,-0.096439357
2002he,0.02469,35.1139,0.15531,35.009197,0.10470276,35.009197,0.10470276
2002he,0.02469,35.1145,0.174825,35.009197,0.10530276,35.009197,0.10530276
PSNJ0153424,0.02474,35.1828,0.233724,35.013665,0.16913468,35.013665,0.16913468
2009D,0.02476,35.008,0.162015,35.01545,-0.0074500721,35.01545,-0.0074500721
2009D,0.02476,34.9493,0.170871,35.01545,-0.066150072,35.01545,-0.066150072
2009D,0.02476,35.0746,0.209952,35.01545,0.059149928,35.01545,0.059149928
2007cq,0.02481,35.009,0.176889,35.019906,-0.010905745,35.019906,-0.010905745
2007cq,0.02481,34.8369,0.288042,35.019906,-0.18300575,35.019906,-0.18300575
2007cq,0.02481,34.8482,0.181918,35.019906,-0.17170575,35.019906,-0.17170575
2001cj,0.02491,35.1973,0.228493,35.028791,0.16850935,35.028791,0.16850935
SN2017hn,0.02492,35.0621,0.190177,35.029677,0.032422789,35.029677,0.032422789
2002bf,0.02494,34.9063,0.269066,35.031449,-0.12514928,35.031449,-0.12514928
2002bf,0.02494,34.9441,0.240723,35.031449,-0.087349281,35.031449,-0.087349281
AT2017cfc,0.02499,35.0276,0.190198,35.035873,-0.0082733487,35.035873,-0.0082733487
2012bh,0.025,35.1989,0.238281,35.036757,0.16214288,35.036757,0.16214288
2007sw,0.025,34.9117,0.306484,35.036757,-0.12505712,35.036757,-0.12505712
370356,0.025,35.2277,0.204374,35.036757,0.19094288,35.036757,0.19094288
PS15ahs,0.02522,35.1974,0.185937,35.056113,0.14128745,35.056113,0.14128745
PSNJ2352371,0.02525,35.4014,0.200491,35.058739,0.34266095,35.058739,0.34266095
SN2017ms,0.02538,35.1181,0.200181,35.070085,0.048014792,35.070085,0.048014792
2018jjd,0.02547,34.9842,0.185284,35.077907,-0.093706806,35.077907,-0.093706806
Gaia16agf,0.02553,35.2152,0.268527,35.083106,0.13209388,35.083106,0.13209388
ASASSN-15uu,0.02579,35.0223,0.372346,35.105499,-0.0831985,35.105499,-0.0831985
ASASSN-16bq,0.02582,35.1882,0.176701,35.108068,0.08013206,35.108068,0.08013206
2005M,0.02584,35.2931,0.179545,35.109779,0.18332073,35.109779,0.18332073
2005M,0.02584,34.835,0.348314,35.109779,-0.27477927,35.109779,-0.27477927
2005M,0.02584,35.1081,0.198242,35.109779,-0.0016792691,35.109779,-0.0016792691
1992ag,0.02592,34.7664,0.344692,35.116612,-0.35021159,35.116612,-0.35021159
2005ms,0.02595,35.308,0.179587,35.119168,0.18883163,35.119168,0.18883163
2005mc,0.02597,35.3429,0.323231,35.120871,0.22202873,35.120871,0.22202873
2005mc,0.02597,35.2855,0.288909,35.120871,0.16462873,35.120871,0.16462873
1999gp,0.02603,35.2892,0.205883,35.125972,0.16322775,35.125972,0.16322775
1999gp,0.02603,35.2688,0.183373,35.125972,0.14282775,35.125972,0.14282775
SN2017mf,0.02618,35.3111,0.17873,35.138674,0.17242568,35.138674,0.17242568
2002eb,0.02633,35.2673,0.172357,35.151305,0.11599495,35.151305,0.11599495
SNF20071021-000,0.0264,35.3224,0.216057,35.157175,0.1652248,35.157175,0.1652248
1992P,0.02643,35.313,0.220137,35.159686,0.1533137,35.159686,0.1533137
ASASSN-17at,0.02643,35.2513,0.18676,35.159686,0.091613696,35.159686,0.091613696
2007co,0.02655,35.227,0.261645,35.169703,0.057297236,35.169703,0.057297236
2007co,0.02655,35.1118,0.346591,35.169703,-0.057902764,35.169703,-0.057902764
2007co,0.02655,35.3437,0.230789,35.169703,0.17399724,35.169703,0.17399724
2007su,0.0266,35.3042,0.352852,35.173863,0.13033684,35.173863,0.13033684
ASASSN-16av,0.02676,35.3467,0.289875,35.187125,0.15957501,35.187125,0.15957501
ASASSN-15mf,0.02691,35.1184,0.181369,35.199487,-0.081087372,35.199487,-0.081087372
2010ii,0.02704,35.1306,0.184771,35.210147,-0.079546792,35.210147,-0.079546792
2005na,0.02717,35.1538,0.186856,35.220756,-0.066955981,35.220756,-0.066955981
2005na,0.02717,35.113,0.172724,35.220756,-0.10775598,35.220756,-0.10775598
2005na,0.02717,35.1117,0.170295,35.220756,-0.10905598,35.220756,-0.10905598
ASASSN-15fa,0.02721,35.5236,0.225337,35.22401,0.29958968,35.22401,0.29958968
2013fn,0.02724,35.2892,0.298907,35.226448,0.062752016,35.226448,0.062752016
2008ar,0.02732,35.359,0.180243,35.232936,0.12606444,35.232936,0.12606444
2008ar,0.02732,35.4368,0.180322,35.232936,0.20386444,35.232936,0.20386444
2008ar,0.02732,35.2913,0.178243,35.232936,0.058364439,35.232936,0.058364439
PSNJ0252467,0.02748,35.3613,0.190628,35.245855,0.11544508,35.245855,0.11544508
2006ev,0.02759,35.6739,0.216353,35.254694,0.41920581,35.254694,0.41920581
2006gj,0.0277,35.7258,0.321699,35.263499,0.46230108,35.263499,0.46230108
2011hb,0.02775,35.2874,0.292934,35.26749,0.019910283,35.26749,0.019910283
2002el,0.02778,35.1049,0.181734,35.269881,-0.16498081,35.269881,-0.16498081
SN2017ckx,0.02779,35.6596,0.251383,35.270677,0.38892272,35.270677,0.38892272
2003U,0.02794,35.2665,0.177545,35.282591,-0.016090632,35.282591,-0.016090632
AT2017ns,0.02802,35.1963,0.366604,35.288919,-0.092618766,35.288919,-0.092618766
1998ab,0.02806,34.9487,0.227749,35.292076,-0.34337618,35.292076,-0.34337618
2009aa,0.02827,35.3174,0.173415,35.30858,0.0088195427,35.30858,0.0088195427
1993ah,0.02828,35.2763,0.655117,35.309363,-0.03306337,35.309363,-0.03306337
2004gs,0.02829,35.5996,0.235009,35.310146,0.28945399,35.310146,0.28945399
2005eq,0.02831,35.558,0.160985,35.31171,0.24628952,35.31171,0.24628952
2005eq,0.02831,35.5061,0.163093,35.31171,0.19438952,35.31171,0.19438952
2005eq,0.02831,35.5563,0.160218,35.31171,0.24458952,35.31171,0.24458952
2009ad,0.02834,35.372,0.160301,35.314055,0.057944857,35.314055,0.057944857
2009ad,0.02834,35.3421,0.156527,35.314055,0.028044857,35.314055,0.028044857
PS16cvc,0.02844,35.6948,0.183345,35.321853,0.37294686,35.321853,0.37294686
ASASSN-15la,0.02845,35.0558,0.218663,35.322631,-0.26683146,35.322631,-0.26683146
ASASSN-15fs,0.0285,35.2391,0.185823,35.326519,-0.087419026,35.326519,-0.087419026
2013bs,0.02859,35.4105,0.201911,35.3335,0.077000192,35.3335,0.077000192
2006qo,0.02871,35.4779,0.275376,35.342774,0.13512596,35.342774,0.13512596
PSNJ0859349,0.02874,35.472,0.225755,35.345087,0.12691335,35.345087,0.12691335
1996C,0.02875,35.5152,0.250819,35.345857,0.16934301,35.345857,0.16934301
LSQ12gdj,0.02886,35.0939,0.272694,35.354313,-0.26041347,35.354313,-0.26041347
2003ch,0.02895,35.6024,0.169987,35.361209,0.2411911,35.361209,0.2411911
ASASSN-16ay,0.02895,35.6222,0.299966,35.361209,0.2609911,35.361209,0.2609911
2000cw,0.02896,35.6079,0.224233,35.361974,0.24592623,35.361974,0.24592623
ASASSN-16br,0.029,35.5064,0.190895,35.365031,0.14136938,35.365031,0.14136938
Gaia16bba,0.02934,35.4354,0.185335,35.390848,0.044551942,35.390848,0.044551942
ASASSN-16hh,0.02935,35.5015,0.190369,35.391603,0.10989706,35.391603,0.10989706
2007is,0.02953,35.3449,0.211378,35.405148,-0.060247885,35.405148,-0.060247885
1997dg,0.02962,35.861,0.192522,35.41189,0.44910999,35.41189,0.44910999
AT2016cyt,0.02965,35.3586,0.164518,35.414133,-0.055532921,35.414133,-0.055532921
ASASSN-16es,0.02973,35.5345,0.258248,35.420103,0.11439685,35.420103,0.11439685
2004ef,0.02978,35.5195,0.196088,35.423827,0.095673457,35.423827,0.095673457
2004ef,0.02978,35.4838,0.199296,35.423827,0.059973457,35.423827,0.059973457
2004ef,0.02978,35.4761,0.233488,35.423827,0.052273457,35.423827,0.052273457
ASASSN-16hr,0.0298,35.4648,0.278746,35.425314,0.039485816,35.425314,0.039485816
ATLAS17ajn,0.02988,35.5116,0.190788,35.431255,0.080345029,35.431255,0.080345029
ASASSN-16fs,0.0299,35.2761,0.180915,35.432738,-0.15663773,35.432738,-0.15663773
ASASSN-16fo,0.02994,35.4803,0.173804,35.4357,0.044599668,35.4357,0.044599668
AT2017lm,0.03002,35.5542,0.216273,35.441614,0.11258609,35.441614,0.11258609
ASASSN-15uw,0.03004,35.6084,0.212671,35.44309,0.16531011,35.44309,0.16531011
PS15cwx,0.03007,35.4164,0.184841,35.445302,-0.028902048,35.445302,-0.028902048
SNF20080909-030,0.03013,35.565,0.183722,35.44972,0.11528011,35.44972,0.11528011
ASASSN-15nq,0.03025,35.5185,0.166012,35.45853,0.059970262,35.45853,0.059970262
AT2017zd,0.03048,35.2781,0.194122,35.47532,-0.19721991,35.47532,-0.19721991
2002de,0.0305,35.3638,0.283742,35.476774,-0.11297405,35.476774,-0.11297405
ASASSN-16aj,0.03053,35.4654,0.177866,35.478954,-0.013553503,35.478954,-0.013553503
2009fv,0.03072,35.3374,0.375292,35.492708,-0.15530815,35.492708,-0.15530815
2009fv,0.03072,35.406,0.332119,35.492708,-0.086708154,35.492708,-0.086708154
2009eu,0.03072,35.9224,0.399302,35.492708,0.42969185,35.492708,0.42969185
2006bw,0.03075,35.6231,0.320886,35.494872,0.12822769,35.494872,0.12822769
2006en,0.03081,35.6474,0.19424,35.499194,0.14820557,35.499194,0.14820557
2000dn,0.03081,35.707,0.22057,35.499194,0.20780557,35.499194,0.20780557
CSS160428,0.03081,35.7017,0.164289,35.499194,0.20250557,35.499194,0.20250557
2006en,0.03081,35.6847,0.188076,35.499194,0.18550557,35.499194,0.18550557
1990O,0.03093,35.4926,0.166476,35.507814,-0.015213965,35.507814,-0.015213965
AT2017wb,0.03093,35.5304,0.283582,35.507814,0.022586035,35.507814,0.022586035
2013fy,0.03099,35.3522,0.343157,35.512111,-0.15991145,35.512111,-0.15991145
2008gg,0.03107,35.67,0.236835,35.517829,0.15217125,35.517829,0.15217125
2008gg,0.03107,35.5409,0.184896,35.517829,0.023071248,35.517829,0.023071248
ASASSN-15hg,0.03107,35.6461,0.196214,35.517829,0.12827125,35.517829,0.12827125
2010gn,0.03123,35.9119,0.273901,35.52922,0.3826798,35.52922,0.3826798
1999cc,0.03132,35.5877,0.169094,35.535603,0.052097214,35.535603,0.052097214
2001ba,0.03136,35.6481,0.206672,35.538434,0.10966628,35.538434,0.10966628
2007bd,0.03141,35.5793,0.14868,35.541967,0.037332583,35.541967,0.037332583
2007bd,0.03141,35.4841,0.153803,35.541967,-0.057867417,35.541967,-0.057867417
2007bd,0.03141,35.4957,0.175954,35.541967,-0.046267417,35.541967,-0.046267417
MASTEROTJ08,0.03156,35.6675,0.174531,35.552536,0.11496447,35.552536,0.11496447
2006az,0.03158,35.4896,0.148675,35.553941,-0.064340888,35.553941,-0.064340888
010026,0.03174,35.6746,0.20211,35.565152,0.10944752,35.565152,0.10944752
2007ux,0.03183,35.6656,0.274525,35.571435,0.09416531,35.571435,0.09416531
2007ux,0.03183,35.8808,0.19004,35.571435,0.30936531,35.571435,0.30936531
ASASSN-15pr,0.03189,35.9082,0.198168,35.575613,0.33258683,35.575613,0.33258683
AT2017po,0.03201,35.576,0.196814,35.583947,-0.0079470689,35.583947,-0.0079470689
ASASSN-16oz,0.03207,35.4592,0.276064,35.588103,-0.12890255,35.588103,-0.12890255
2006os,0.03212,35.7992,0.326022,35.59156,0.20764037,35.59156,0.20764037
2006te,0.03212,35.7248,0.15355,35.59156,0.13324037,35.59156,0.13324037
2007ai,0.03212,35.8577,0.294619,35.59156,0.26614037,35.59156,0.26614037
2007ai,0.03212,35.8562,0.258808,35.59156,0.26464037,35.59156,0.26464037
2006bt,0.03241,35.772,0.224228,35.611507,0.16049263,35.611507,0.16049263
2006bt,0.03241,35.7428,0.226764,35.611507,0.13129263,35.611507,0.13129263
2006bt,0.03241,35.7867,0.216659,35.611507,0.17519263,35.611507,0.17519263
2008gp,0.03245,35.7268,0.162633,35.614245,0.11255495,35.614245,0.11255495
2008gp,0.03245,35.6643,0.150947,35.614245,0.050054952,35.614245,0.050054952
2008gl,0.03246,35.6431,0.148421,35.614929,0.028171048,35.614929,0.028171048
2008gl,0.03246,35.6366,0.169859,35.614929,0.021671048,35.614929,0.021671048
2008gl,0.03246,35.6638,0.156049,35.614929,0.048871048,35.614929,0.048871048
2004as,0.0325,35.7324,0.22019,35.617663,0.11473749,35.617663,0.11473749
2004as,0.0325,35.8907,0.225741,35.617663,0.27303749,35.617663,0.27303749
ATLAS17axb,0.03264,35.5602,0.185563,35.627204,-0.067004064,35.627204,-0.067004064
2008bq,0.03279,35.7279,0.17805,35.637383,0.09051721,35.637383,0.09051721
2005iq,0.03292,35.8516,0.143619,35.646168,0.20543246,35.646168,0.20543246
2005iq,0.03292,35.8647,0.150987,35.646168,0.21853246,35.646168,0.21853246
PS15bsq,0.03309,35.7797,0.159699,35.657604,0.12209583,35.657604,0.12209583
2006S,0.0331,35.9089,0.177213,35.658275,0.25062488,35.658275,0.25062488
ASASSN-16bc,0.03314,35.6164,0.168015,35.660957,-0.044556941,35.660957,-0.044556941
2003gn,0.03316,36.0229,0.243018,35.662297,0.36060334,35.662297,0.36060334
2003cq,0.03323,35.8276,0.259126,35.666979,0.16062054,35.666979,0.16062054
2010ag,0.03336,35.8159,0.198961,35.675651,0.14024947,35.675651,0.14024947
SN2017cii,0.03337,35.8381,0.178659,35.676316,0.16178383,35.676316,0.16178383
2004L,0.03344,35.829,0.273673,35.68097,0.14802985,35.68097,0.14802985
2003iv,0.03351,35.9118,0.165632,35.685615,0.22618539,35.685615,0.22618539
2006gr,0.03352,35.9188,0.207416,35.686277,0.23252267,35.686277,0.23252267
2006gr,0.03352,35.9378,0.211316,35.686277,0.25152267,35.686277,0.25152267
2005eu,0.03369,35.8038,0.482057,35.697514,0.10628597,35.697514,0.10628597
2005eu,0.03369,35.8012,0.48333,35.697514,0.10368597,35.697514,0.10368597
SN2016hpx,0.0337,35.6329,0.204026,35.698173,-0.065273279,35.698173,-0.065273279
ATLAS17ajs,0.0337,35.9757,0.358083,35.698173,0.27752672,35.698173,0.27752672
2003kc,0.0341,35.8566,0.205773,35.724388,0.13221238,35.724388,0.13221238
2011dl,0.03432,35.7587,0.312966,35.738678,0.020022458,35.738678,0.020022458
ASASSN-15tg,0.03445,35.861,0.1686,35.74708,0.11392048,35.74708,0.11392048
1996bl,0.03481,35.7348,0.155656,35.770186,-0.035385656,35.770186,-0.035385656
ASASSN-15jl,0.03492,35.8816,0.169326,35.777199,0.10440074,35.777199,0.10440074
AT2016fbk,0.03495,36.1545,0.230318,35.779108,0.37539169,35.779108,0.37539169
2016fbk,0.03495,35.9591,0.225173,35.779108,0.17999169,35.779108,0.17999169
2008at,0.03497,35.8349,0.334212,35.78038,0.054519881,35.78038,0.054519881
ASASSN-15mi,0.03501,35.5515,0.204326,35.782922,-0.23142161,35.782922,-0.23142161
2007hu,0.03518,35.9905,0.374822,35.793691,0.19680866,35.793691,0.19680866
2007ba,0.03533,35.825,0.340606,35.803152,0.021848132,35.803152,0.021848132
PTSS-16efw,0.03542,36.234,0.188455,35.808809,0.42519065,35.808809,0.42519065
2001ck,0.03544,35.8586,0.223482,35.810065,0.048535341,35.810065,0.048535341
1994T,0.03564,35.9325,0.204232,35.82258,0.10992021,35.82258,0.10992021
ASASSN-16dw,0.03565,35.7837,0.217075,35.823204,-0.039503745,35.823204,-0.039503745
1992bg,0.03574,35.8937,0.211664,35.828812,0.064888366,35.828812,0.064888366
ASASSN-15lu,0.03577,36.0035,0.185251,35.830678,0.17282214,35.830678,0.17282214
ASASSN-16db,0.03589,35.8698,0.18969,35.838128,0.031672493,35.838128,0.031672493
2002hu,0.03591,35.9637,0.166565,35.839367,0.12433325,35.839367,0.12433325
ASASSN-15ss,0.03592,35.9909,0.187185,35.839986,0.15091389,35.839986,0.15091389
PS15bbn,0.03602,36.1845,0.187245,35.846171,0.33832947,35.846171,0.33832947
2006mo,0.03616,36.0695,0.175025,35.854801,0.21469942,35.854801,0.21469942
2001eh,0.03627,36.0067,0.135213,35.861558,0.14514155,35.861558,0.14514155
2001eh,0.03627,35.9927,0.149174,35.861558,0.13114155,35.861558,0.13114155
2002G,0.03631,35.8056,0.308166,35.864011,-0.058410889,35.864011,-0.058410889
2002G,0.03631,35.9287,0.318471,35.864011,0.064689111,35.864011,0.064689111
ASASSN-15bc,0.03639,35.949,0.262609,35.868908,0.080092137,35.868908,0.080092137
2008gb,0.03641,36.0889,0.198876,35.87013,0.21876954,35.87013,0.21876954
2008hj,0.03643,35.8836,0.185109,35.871352,0.012247594,35.871352,0.012247594
2008hj,0.03643,35.9282,0.1566,35.871352,0.056847594,35.871352,0.056847594
2000cf,0.03646,36.0475,0.166339,35.873184,0.17431591,35.873184,0.17431591
2007jg,0.03652,36.3333,0.171248,35.876843,0.45645695,35.876843,0.45645695
2007jg,0.03652,36.2185,0.171341,35.876843,0.34165695,35.876843,0.34165695
2008ei,0.03654,36.08,0.336812,35.878061,0.2019386,35.878061,0.2019386
2002eu,0.03672,36.0624,0.163008,35.888997,0.1734027,35.888997,0.1734027
AT2016hns,0.03704,35.9789,0.163683,35.90831,0.070589801,35.90831,0.070589801
2000dg,0.03725,36.0748,0.289284,35.920896,0.15390409,35.920896,0.15390409
2007O,0.03732,35.8617,0.152703,35.925076,-0.063375745,35.925076,-0.063375745
2007O,0.03732,35.8938,0.151724,35.925076,-0.031275745,35.925076,-0.031275745
2009bv,0.03748,36.2564,0.149974,35.934601,0.32179902,35.934601,0.32179902
AT2016cvw,0.03761,36.0063,0.206656,35.942311,0.063988969,35.942311,0.063988969
SN2017ciy,0.03762,36.5177,0.245806,35.942903,0.57479697,35.942903,0.57479697
2008fr,0.0379,36.1141,0.236153,35.959417,0.15468298,35.959417,0.15468298
ASASSN-15pn,0.038,36.1962,0.220822,35.965286,0.23091399,35.965286,0.23091399
ASASSN-15np,0.03832,36.026,0.219507,35.983966,0.042034033,35.983966,0.042034033
2008051,0.03835,36.0125,0.17035,35.985709,0.026790602,35.985709,0.026790602
2010dw,0.03871,36.0125,0.204712,36.006527,0.005972648,36.006527,0.005972648
PS15cze,0.03891,36.5486,0.234635,36.018011,0.53058862,36.018011,0.53058862
1999aw,0.03928,36.2125,0.18352,36.039106,0.17339423,36.039106,0.17339423
2008O,0.0394,36.2254,0.311188,36.045906,0.17949442,36.045906,0.17949442
SN2016glz,0.03975,35.9918,0.210464,36.065624,-0.073823547,36.065624,-0.073823547
2008dr,0.03996,36.284,0.147901,36.077373,0.20662681,36.077373,0.20662681
2003fa,0.04015,36.0818,0.14498,36.087952,-0.0061520469,36.087952,-0.0061520469
2003fa,0.04015,36.0167,0.143473,36.087952,-0.071252047,36.087952,-0.071252047
2007jh,0.04023,36.5601,0.280122,36.092392,0.4677083,36.092392,0.4677083
2009do,0.04027,36.0403,0.147245,36.094608,-0.054308301,36.094608,-0.054308301
SN2017coa,0.04045,36.4104,0.307187,36.104557,0.3058435,36.104557,0.3058435
PS16axi,0.04056,36.1263,0.168835,36.110615,0.01568527,36.110615,0.01568527
2001az,0.04059,36.3153,0.150794,36.112264,0.20303581,36.112264,0.20303581
2007kk,0.0413,36.2071,0.166515,36.150958,0.05614152,36.150958,0.05614152
2007kk,0.0413,36.2521,0.175538,36.150958,0.10114152,36.150958,0.10114152
2006cf,0.04223,36.2931,0.151018,36.200673,0.092426784,36.200673,0.092426784
2014bj,0.04239,36.5106,0.426487,36.209119,0.3014814,36.209119,0.3014814
2006cz,0.04251,35.9138,0.29449,36.215432,-0.30163229,36.215432,-0.30163229
ASASSN-16ct,0.04252,36.2457,0.207056,36.215958,0.029742356,36.215958,0.029742356
AT2016htm,0.04265,36.2018,0.162522,36.222776,-0.020976351,36.222776,-0.020976351
2007nq,0.04275,36.2882,0.166626,36.228008,0.06019225,36.228008,0.06019225
2007nq,0.04275,36.2137,0.152187,36.228008,-0.01430775,36.228008,-0.01430775
1992bl,0.0428,36.2101,0.208042,36.230619,-0.020518981,36.230619,-0.020518981
ASASSN-15mg,0.04307,36.3298,0.181208,36.244668,0.085131501,36.244668,0.085131501
SN2016ayg,0.04328,36.4165,0.166064,36.255537,0.16096327,36.255537,0.16096327
2006gt,0.04366,36.5114,0.286272,36.275073,0.2363268,36.275073,0.2363268
MASTERJ0134,0.04391,36.2594,0.177777,36.287836,-0.028436063,36.287836,-0.028436063
2005ku,0.04397,36.2916,0.249078,36.290889,0.00071137433,36.290889,0.00071137433
AT2016cvv,0.04404,36.5469,0.231201,36.294445,0.25245517,36.294445,0.25245517
2006hx,0.04429,36.4565,0.162334,36.307101,0.1493992,36.307101,0.1493992
PS16cqa,0.04433,36.6866,0.304921,36.309119,0.37748069,36.309119,0.37748069
SN2016esh,0.04488,36.1579,0.182756,36.336695,-0.17879542,36.336695,-0.17879542
2005hc,0.04496,36.5139,0.151933,36.340679,0.17322093,36.340679,0.17322093
2005hc,0.04496,36.4634,0.173532,36.340679,0.12272093,36.340679,0.12272093
PSNJ1204051,0.04502,36.4541,0.196266,36.343662,0.11043771,36.343662,0.11043771
1992bh,0.0451,36.551,0.270525,36.347634,0.20336609,36.347634,0.20336609
2005lz,0.04541,36.3247,0.195021,36.362959,-0.038259461,36.362959,-0.038259461
PS17tn,0.04549,36.3811,0.196005,36.366898,0.014202076,36.366898,0.014202076
AT2016ews,0.04612,36.5394,0.159223,36.39768,0.14172,36.39768,0.14172
2008050,0.04627,36.2636,0.218105,36.404949,-0.1413488,36.404949,-0.1413488
2004gu,0.0467,36.4713,0.19409,36.42566,0.045640249,36.42566,0.045640249
360156,0.04673,36.5081,0.209562,36.427098,0.081002224,36.427098,0.081002224
2016afk,0.04677,36.5642,0.229149,36.429014,0.13518625,36.429014,0.13518625
2008cf,0.04692,36.4786,0.148197,36.436184,0.042415513,36.436184,0.042415513
2008cf,0.04692,36.4857,0.182928,36.436184,0.049515513,36.436184,0.049515513
PS16fa,0.04734,36.6009,0.161688,36.456145,0.14475533,36.456145,0.14475533
AT2017yk,0.04764,36.7582,0.280677,36.470297,0.28790313,36.470297,0.28790313
PS15aii,0.04768,36.5946,0.145385,36.472177,0.12242271,36.472177,0.12242271
ASASSN-15pm,0.04777,36.3735,0.154741,36.476403,-0.10290263,36.476403,-0.10290263
ATLAS16agv,0.04777,36.4976,0.165873,36.476403,0.021197375,36.476403,0.021197375
PS17akj,0.0478,36.5627,0.208806,36.477809,0.084890647,36.477809,0.084890647
AT2016gmg,0.04839,36.641,0.181462,36.505302,0.13569789,36.505302,0.13569789
1995ac,0.04867,36.3303,0.135835,36.518236,-0.18793581,36.518236,-0.18793581
PS16el,0.04896,36.4691,0.176995,36.531555,-0.062455478,36.531555,-0.062455478
2006cq,0.04928,36.5828,0.168097,36.546164,0.036635549,36.546164,0.036635549
2007kh,0.04944,36.5403,0.453411,36.553434,-0.013134442,36.553434,-0.013134442
PS15asb,0.04952,36.4714,0.18553,36.557061,-0.085660878,36.557061,-0.085660878
ASASSN-17eb,0.0497,36.4621,0.201896,36.5652,-0.10309961,36.5652,-0.10309961
1998dx,0.0498,36.5693,0.155812,36.569709,-0.00040878186,36.569709,-0.00040878186
AT2016cor,0.04995,36.8523,0.302557,36.576456,0.27584391,36.576456,0.27584391
PS16dnp,0.04998,36.8583,0.163226,36.577803,0.28049681,36.577803,0.28049681
1990af,0.05018,36.5997,0.202684,36.586764,0.012936138,36.586764,0.012936138
1993ag,0.05019,36.6402,0.244395,36.587211,0.052989015,36.587211,0.052989015
PS15brr,0.05063,36.5461,0.190961,36.606799,-0.060699348,36.606799,-0.060699348
2008hu,0.05071,36.7036,0.133364,36.610343,0.093256882,36.610343,0.093256882
PS16fbb,0.05139,36.8804,0.16836,36.640248,0.24015191,36.640248,0.24015191
1993O,0.05148,36.7759,0.228182,36.644177,0.13172268,36.644177,0.13172268
ASASSN-16hc,0.05165,36.5862,0.156832,36.651581,-0.065381044,36.651581,-0.065381044
2003ic,0.05196,36.393,0.201448,36.665021,-0.27202134,36.665021,-0.27202134
AT2016htn,0.05229,36.8411,0.218249,36.679244,0.16185639,36.679244,0.16185639
2006ot,0.05232,36.8679,0.208308,36.680532,0.18736777,36.680532,0.18736777
2006ot,0.05232,36.5433,0.298829,36.680532,-0.13723223,36.680532,-0.13723223
PS16n,0.05268,36.7752,0.161766,36.69594,0.079259986,36.69594,0.079259986
2010dt,0.05291,36.8474,0.172204,36.705731,0.14166945,36.705731,0.14166945
PS16evk,0.0532,36.9144,0.207509,36.718017,0.19638347,36.718017,0.19638347
PS16bby,0.0543,36.8327,0.178902,36.764036,0.068663874,36.764036,0.068663874
2006lu,0.05449,36.8631,0.133817,36.771893,0.091206584,36.771893,0.091206584
PS16ayd,0.05485,36.8581,0.149593,36.786708,0.071391559,36.786708,0.071391559
490007,0.05513,36.8676,0.194374,36.798166,0.069433694,36.798166,0.069433694
SN2017cpu,0.05529,36.6433,0.175423,36.804688,-0.16138839,36.804688,-0.16138839
2005hj,0.05631,36.9903,0.171451,36.845842,0.14445773,36.845842,0.14445773
AT2017oz,0.05641,36.8109,0.193162,36.849838,-0.038938067,36.849838,-0.038938067
2006py,0.05658,36.9098,0.185051,36.856615,0.053184777,36.856615,0.053184777
PS16aer,0.05668,37.0393,0.176308,36.860593,0.17870741,36.860593,0.17870741
2008eq,0.0568,37.0687,0.221323,36.865356,0.20334352,36.865356,0.20334352
SN2016gmb,0.05708,36.9545,0.182842,36.876434,0.078065514,36.876434,0.078065514
2006ob,0.0576,36.9821,0.138149,36.896869,0.085230778,36.896869,0.085230778
2006ob,0.0576,36.9324,0.14674,36.896869,0.035530778,36.896869,0.035530778
2001ah,0.05837,36.9802,0.215566,36.926803,0.053396878,36.926803,0.053396878
2001ah,0.05837,37.146,0.252804,36.926803,0.21919688,36.926803,0.21919688
LSQ13crf,0.05934,36.3001,0.617516,36.963974,-0.66387352,36.963974,-0.66387352
SN2016hhv,0.06067,37.1383,0.198009,37.013996,0.1243038,37.013996,0.1243038
SN2017cjv,0.06079,37.032,0.17759,37.018457,0.013542683,37.018457,0.013542683
2008go,0.06116,36.9608,0.196145,37.032159,-0.071359105,37.032159,-0.071359105
2008go,0.06116,36.9691,0.141986,37.032159,-0.063059105,37.032159,-0.063059105
2008bz,0.0613,37.1925,0.16057,37.037323,0.15517729,37.037323,0.15517729
2008bz,0.0613,37.1631,0.123921,37.037323,0.12577729,37.037323,0.12577729
2006oa,0.06142,37.0747,0.183316,37.04174,0.032960392,37.04174,0.032960392
1992bs,0.0637,37.3517,0.206518,37.124116,0.22758426,37.124116,0.22758426
PS16bnz,0.06398,37.0786,0.154429,37.134035,-0.0554354,37.134035,-0.0554354
SN2016aqb,0.06419,37.0197,0.155855,37.141448,-0.12174772,37.141448,-0.12174772
2007ae,0.06485,37.0851,0.153034,37.164592,-0.079492373,37.164592,-0.079492373
PS15cms,0.06603,37.3617,0.203312,37.205412,0.15628775,37.205412,0.15628775
6057,0.06652,37.1627,0.296189,37.222157,-0.059456767,37.222157,-0.059456767
SN2016ixf,0.06723,37.4237,0.194412,37.24621,0.17749028,37.24621,0.17749028
AT2016aj,0.06731,37.2344,0.203006,37.248905,-0.014504563,37.248905,-0.014504563
PS15bjg,0.06758,37.4935,0.190499,37.257977,0.23552304,37.257977,0.23552304
CSS160129,0.06841,37.2381,0.191221,37.285649,-0.047549353,37.285649,-0.047549353
2006al,0.06908,37.4213,0.159324,37.307753,0.11354731,37.307753,0.11354731
PTSS17-niq,0.0691,37.2817,0.174144,37.308409,-0.026709318,37.308409,-0.026709318
2008Y,0.07028,37.2775,0.212322,37.34683,-0.069330356,37.34683,-0.069330356
2008Y,0.07028,37.2961,0.226908,37.34683,-0.050730356,37.34683,-0.050730356
PS17yt,0.07046,37.4787,0.176182,37.352637,0.1260634,37.352637,0.1260634
470043,0.07061,37.7291,0.501827,37.357464,0.37163574,37.357464,0.37163574
2006on,0.07068,37.4543,0.24781,37.359714,0.094586206,37.359714,0.094586206
ATLAS16bwu,0.07074,37.3712,0.228257,37.36164,0.009559738,37.36164,0.009559738
1993B,0.07076,37.2944,0.277681,37.362282,-0.067882069,37.362282,-0.067882069
PS15bdr,0.07094,37.3552,0.196012,37.368051,-0.0128505,37.368051,-0.0128505
PS16em,0.07113,37.4814,0.447068,37.374124,0.10727584,37.374124,0.10727584
370566,0.07134,37.4155,0.208957,37.380819,0.034680962,37.380819,0.034680962
PS15bwh,0.07149,37.2494,0.16107,37.38559,-0.13618951,37.38559,-0.13618951
PS15mt,0.07193,37.5618,0.180815,37.399528,0.16227238,37.399528,0.16227238
2007jd,0.07196,37.6319,0.199695,37.400475,0.23142504,37.400475,0.23142504
PS15atx,0.07301,37.6225,0.304764,37.433395,0.18910488,37.433395,0.18910488
Gaia16aki,0.07398,37.5535,0.176502,37.463406,0.090094434,37.463406,0.090094434
PS17bii,0.07467,37.4501,0.192118,37.484524,-0.034424175,37.484524,-0.034424175
1992ae,0.07478,37.4346,0.222054,37.487874,-0.053273591,37.487874,-0.053273591
2005ir,0.0749,37.5656,0.154994,37.491522,0.074077889,37.491522,0.074077889
7876,0.0749,37.4763,0.179761,37.491522,-0.015222111,37.491522,-0.015222111
2010hs,0.07514,37.8142,0.289148,37.498802,0.31539764,37.498802,0.31539764
AT2016gsu,0.07529,37.5461,0.217171,37.503341,0.042758809,37.503341,0.042758809
370333,0.07557,37.6342,0.198325,37.511791,0.12240948,37.511791,0.12240948
Gaia16acv,0.07833,37.8315,0.146078,37.593507,0.23799332,37.593507,0.23799332
2007hx,0.07849,38.0942,0.180119,37.598159,0.4960412,37.598159,0.4960412
17186,0.07849,38.0154,0.239252,37.598159,0.4172412,37.598159,0.4172412
PS15bif,0.07855,37.5715,0.150392,37.599901,-0.028401002,37.599901,-0.028401002
560033,0.07869,37.5988,0.503338,37.603961,-0.0051611915,37.603961,-0.0051611915
12779,0.07891,37.7843,0.238199,37.610328,0.17397247,37.610328,0.17397247
PS15bzz,0.07901,37.53,0.147217,37.613216,-0.083215698,37.613216,-0.083215698
350316,0.07966,37.6003,0.157805,37.631904,-0.031603896,37.631904,-0.031603896
2005ag,0.08024,37.6668,0.119289,37.648457,0.018343365,37.648457,0.018343365
12950,0.08141,37.7215,0.219648,37.681502,0.03999825,37.681502,0.03999825
130308,0.08221,37.8192,0.217606,37.703836,0.11536393,37.703836,0.11536393
12898,0.08255,37.6774,0.265638,37.713265,-0.035865249,37.713265,-0.035865249
12781,0.08282,37.9939,0.195118,37.720727,0.2731733,37.720727,0.2731733
SN2016glp,0.08366,37.9686,0.221594,37.743792,0.22480779,37.743792,0.22480779
3592,0.08544,37.8406,0.128563,37.791946,0.048653877,37.791946,0.048653877
SN2016grz,0.08656,37.8484,0.21681,37.821756,0.026643801,37.821756,0.026643801
1241,0.08848,37.7772,0.253181,37.872012,-0.094812417,37.872012,-0.094812417
590194,0.09015,37.9202,0.21704,37.914885,0.0053145263,37.914885,0.0053145263
370066,0.09066,38.0269,0.167553,37.927827,0.099072525,37.927827,0.099072525
300105,0.09181,38.1602,0.266341,37.956757,0.20344254,37.956757,0.20344254
iPTF17dz,0.09284,38.2226,0.493293,37.982377,0.24022313,37.982377,0.24022313
010010,0.09968,38.4377,0.194713,38.145942,0.29175823,38.145942,0.29175823
160099,0.10142,38.2982,0.165557,38.185845,0.11235498,38.185845,0.11235498
140181,0.10231,38.2511,0.199553,38.206004,0.045095524,38.206004,0.045095524
000190,0.10237,38.4085,0.187412,38.207358,0.20114246,38.207358,0.20114246
100405,0.10298,38.1815,0.18625,38.221071,-0.039571075,38.221071,-0.039571075
13135,0.10338,38.3338,0.12638,38.230022,0.10377826,38.230022,0.10377826
20064,0.10351,38.2079,0.196456,38.232924,-0.025023619,38.232924,-0.025023619
13038,0.10485,38.4295,0.236183,38.262635,0.16686469,38.262635,0.16686469
18697,0.10638,38.2611,0.195537,38.296122,-0.035022287,38.296122,-0.035022287
20625,0.10684,38.4624,0.151122,38.306101,0.15629906,38.306101,0.15629906
3256,0.10694,38.4295,0.210466,38.308265,0.12123519,38.308265,0.12123519
120225,0.10728,38.7801,0.468541,38.315608,0.46449233,38.315608,0.46449233
21034,0.10751,38.4984,0.180059,38.320562,0.17783761,38.320562,0.17783761
500038,0.1081,38.4017,0.187108,38.333226,0.068473509,38.333226,0.068473509
7147,0.10886,38.4016,0.133183,38.349443,0.052156671,38.349443,0.052156671
020027,0.10988,38.5701,0.179741,38.37104,0.19905985,38.37104,0.19905985
18650,0.11243,38.6214,0.163201,38.424212,0.19718797,38.424212,0.19718797
18612,0.11365,38.3876,0.194923,38.449248,-0.061648359,38.449248,-0.061648359
8719,0.11628,38.5408,0.159897,38.502366,0.038434065,38.502366,0.038434065
5395,0.11635,38.6302,0.185742,38.503764,0.12643588,38.503764,0.12643588
2561,0.11741,38.5727,0.239635,38.52484,0.047860006,38.52484,0.047860006
16259,0.11771,38.6088,0.214419,38.530772,0.078027808,38.530772,0.078027808
1371,0.11797,38.4157,0.127058,38.535902,-0.12020188,38.535902,-0.12020188
000137,0.11878,38.5629,0.212381,38.551815,0.01108543,38.551815,0.01108543
5549,0.11992,38.5958,0.200195,38.574037,0.021762702,38.574037,0.021762702
12860,0.12042,38.7926,0.252257,38.583721,0.20887882,38.583721,0.20887882
490008,0.12067,38.6348,0.302627,38.588549,0.046251112,38.588549,0.046251112
19953,0.1219,38.5945,0.157915,38.612164,-0.017664426,38.612164,-0.017664426
390259,0.12208,38.6119,0.231142,38.615601,-0.0037014625,38.615601,-0.0037014625
18835,0.12262,38.6853,0.144584,38.625884,0.059416072,38.625884,0.059416072
2916,0.12303,38.5967,0.274641,38.633662,-0.036962465,38.633662,-0.036962465
16021,0.12336,38.6164,0.162163,38.639905,-0.023505479,38.639905,-0.023505479
13894,0.12356,38.8009,0.333367,38.643681,0.15721855,38.643681,0.15721855
570062,0.12363,38.8242,0.150324,38.645002,0.17919832,38.645002,0.17919832
6406,0.12377,38.6504,0.145797,38.64764,0.0027599774,38.64764,0.0027599774
19543,0.12384,38.835,0.221531,38.648958,0.18604186,38.648958,0.18604186
13044,0.12455,38.7616,0.12587,38.662288,0.099312026,38.662288,0.099312026
15459,0.12542,39.1417,0.298944,38.678524,0.46317573,38.678524,0.46317573
2992,0.12608,38.4956,0.293348,38.690771,-0.19517072,38.690771,-0.19517072
16069,0.12688,38.8125,0.259679,38.705534,0.10696593,38.705534,0.10696593
744,0.12694,38.6849,0.280884,38.706638,-0.021737776,38.706638,-0.021737776
14871,0.12705,38.7429,0.159508,38.70866,0.034240037,38.70866,0.034240037
18855,0.12716,38.7841,0.176913,38.71068,0.073419501,38.71068,0.073419501
22075,0.129,38.7547,0.150979,38.744236,0.010463612,38.744236,0.010463612
1032,0.12904,38.8403,0.212795,38.744961,0.095339161,38.744961,0.095339161
5751,0.12929,38.833,0.250442,38.749484,0.083516128,38.749484,0.083516128
18415,0.1294,38.8429,0.142748,38.751471,0.091428605,38.751471,0.091428605
18809,0.13153,38.802,0.134576,38.789646,0.01235365,38.789646,0.01235365
151034,0.13269,38.7841,0.122177,38.810192,-0.026092145,38.810192,-0.026092145
1334084,0.13349,38.8266,0.283718,38.824263,0.0023366913,38.824263,0.0023366913
15508,0.13353,38.8434,0.157696,38.824965,0.01843522,38.824965,0.01843522
14108,0.13463,39.2366,0.199357,38.844178,0.39242189,38.844178,0.39242189
15234,0.13514,39.0775,0.31333,38.853036,0.22446399,38.853036,0.22446399
000014,0.13599,38.9771,0.206627,38.867729,0.10937053,38.867729,0.10937053
17629,0.1364,38.8475,0.195569,38.874786,-0.027286031,38.874786,-0.027286031
19775,0.13687,39.0095,0.224296,38.882851,0.12664926,38.882851,0.12664926
18602,0.13696,38.9616,0.259136,38.884392,0.07720793,38.884392,0.07720793
21062,0.13729,39.3511,0.230391,38.890035,0.46106452,38.890035,0.46106452
17366,0.13811,38.8857,0.128482,38.904003,-0.018303423,38.904003,-0.018303423
15171,0.13818,38.9503,0.15974,38.905192,0.045107809,38.905192,0.045107809
190340,0.13824,39.0229,0.12425,38.906211,0.11668932,38.906211,0.11668932
20084,0.13834,39.0401,0.319084,38.907907,0.13219275,38.907907,0.13219275
190230,0.13864,39.0467,0.130742,38.91299,0.13370997,38.91299,0.13370997
12928,0.13868,38.9999,0.176022,38.913667,0.086233046,38.913667,0.086233046
090275,0.13959,39.0213,0.145767,38.929018,0.092282467,38.929018,0.092282467
1794,0.1407,39.1775,0.184019,38.947615,0.22988504,38.947615,0.22988504
17208,0.14084,39.2835,0.203514,38.949951,0.33354922,38.949951,0.33354922
340229,0.14108,39.0407,0.212429,38.95395,0.086750039,38.95395,0.086750039
1317666,0.1412,39.1237,0.260864,38.955947,0.16775284,38.955947,0.16775284
2635,0.14311,39.047,0.160602,38.987523,0.059477149,38.987523,0.059477149
17568,0.14335,39.5154,0.37065,38.991462,0.52393757,38.991462,0.52393757
190260,0.14344,39.1135,0.129494,38.992938,0.12056182,38.992938,0.12056182
17497,0.14388,39.0756,0.170594,39.00014,0.075459573,39.00014,0.075459573
8921,0.1441,39.016,0.24096,39.003734,0.012266204,39.003734,0.012266204
17605,0.14533,39.1518,0.210163,39.02373,0.12807047,39.02373,0.12807047
1296657,0.14624,39.1857,0.207408,39.038421,0.14727893,39.038421,0.14727893
440008,0.14656,39.158,0.187578,39.043567,0.11443307,39.043567,0.11443307
13796,0.14729,38.9672,0.171803,39.055267,-0.088066545,39.055267,-0.088066545
1316385,0.14741,39.0154,0.197495,39.057185,-0.041784557,39.057185,-0.041784557
180166,0.14757,39.161,0.170177,39.05974,0.10126037,39.05974,0.10126037
14024,0.14759,39.134,0.188785,39.060059,0.073941172,39.060059,0.073941172
14437,0.14792,39.0382,0.157931,39.06532,-0.027119788,39.06532,-0.027119788
1293758,0.14812,39.2285,0.184985,39.068503,0.15999711,39.068503,0.15999711
1255502,0.14819,39.0239,0.142683,39.069616,-0.045716021,39.069616,-0.045716021
13736,0.14882,39.1606,0.17494,39.079612,0.080987941,39.079612,0.080987941
2308,0.14923,39.1104,0.175216,39.086096,0.024303897,39.086096,0.024303897
000038,0.15036,39.1058,0.170038,39.103881,0.001919396,39.103881,0.001919396
460003,0.15067,39.1687,0.134119,39.108738,0.059962385,39.108738,0.059962385
2031,0.15186,39.0477,0.158769,39.127296,-0.079595606,39.127296,-0.079595606
18323,0.15272,39.3239,0.173198,39.140623,0.18327746,39.140623,0.18327746
15132,0.15304,39.2175,0.127754,39.145563,0.071936564,39.145563,0.071936564
18740,0.15317,39.0991,0.159928,39.147568,-0.048467909,39.147568,-0.048467909
19353,0.15325,39.2564,0.179373,39.148801,0.10759936,39.148801,0.10759936
16073,0.15339,39.3639,0.175468,39.150956,0.21294354,39.150956,0.21294354
5550,0.15493,39.2076,0.167881,39.17455,0.033050485,39.17455,0.033050485
16116,0.15509,39.278,0.157843,39.176988,0.10101188,39.176988,0.10101188
18030,0.15518,39.3994,0.175858,39.178359,0.2210412,39.178359,0.2210412
19940,0.15591,38.9704,0.179204,39.189449,-0.21904907,39.189449,-0.21904907
13354,0.15654,39.2087,0.210288,39.198981,0.0097189346,39.198981,0.0097189346
16206,0.15838,39.0794,0.163715,39.226616,-0.14721613,39.226616,-0.14721613
440042,0.15906,39.4267,0.283686,39.236753,0.18994699,39.236753,0.18994699
14782,0.15922,38.9503,0.143914,39.239132,-0.28883226,39.239132,-0.28883226
15425,0.15935,39.0908,0.143045,39.241064,-0.15026375,39.241064,-0.15026375
3317,0.15991,39.2286,0.167715,39.249367,-0.020767182,39.249367,-0.020767182
1299775,0.16009,39.0428,0.270648,39.25203,-0.20923036,39.25203,-0.20923036
2689,0.16036,39.2057,0.217053,39.25602,-0.050319869,39.25602,-0.050319869
390627,0.16045,39.4242,0.26036,39.257348,0.16685169,39.257348,0.16685169
5103,0.1606,39.2162,0.20927,39.259561,-0.043360823,39.259561,-0.043360823
120336,0.16134,39.3106,0.246322,39.270448,0.040152346,39.270448,0.040152346
17825,0.1622,39.3252,0.224064,39.283041,0.042158674,39.283041,0.042158674
19174,0.16357,39.2807,0.200998,39.302975,-0.022274803,39.302975,-0.022274803
3087,0.16431,39.2634,0.199319,39.313677,-0.050276878,39.313677,-0.050276878
19616,0.16455,39.3293,0.139452,39.317138,0.012161865,39.317138,0.012161865
20764,0.16478,39.3182,0.150918,39.320451,-0.002250743,39.320451,-0.002250743
20430,0.16593,39.4938,0.241887,39.336949,0.15685085,39.336949,0.15685085
12843,0.16595,39.1817,0.193496,39.337235,-0.15553513,39.337235,-0.15553513
12853,0.16817,39.2757,0.165826,39.36878,-0.093080332,39.36878,-0.093080332
350233,0.16935,39.5155,0.182871,39.385389,0.1301106,39.385389,0.1301106
17389,0.1696,39.6721,0.274897,39.388894,0.28320563,39.388894,0.28320563
12856,0.17029,39.4742,0.132684,39.398543,0.075656908,39.398543,0.075656908
590005,0.17137,39.5424,0.275502,39.413572,0.1288277,39.413572,0.1288277
310039,0.17156,39.4603,0.214715,39.416207,0.04409284,39.416207,0.04409284
19282,0.17239,39.5021,0.177409,39.427685,0.074414537,39.427685,0.074414537
1303279,0.17274,39.2676,0.152344,39.43251,-0.16491023,39.43251,-0.16491023
100090,0.17282,39.7263,0.252568,39.433612,0.29268824,39.433612,0.29268824
3080,0.17315,39.3871,0.131849,39.438151,-0.051050503,39.438151,-0.051050503
15897,0.17357,39.5403,0.18318,39.443915,0.096384588,39.443915,0.096384588
120143,0.1736,39.3493,0.151501,39.444327,-0.095026692,39.444327,-0.095026692
15648,0.17383,39.5986,0.318528,39.447478,0.15112236,39.447478,0.15112236
14421,0.174,39.5734,0.137128,39.449804,0.12359591,39.449804,0.12359591
16165,0.17405,39.3317,0.154309,39.450488,-0.11878794,39.450488,-0.11878794
15583,0.17427,39.5546,0.230974,39.453495,0.10110531,39.453495,0.10110531
19969,0.17428,39.4849,0.162645,39.453631,0.031268727,39.453631,0.031268727
5350,0.17431,39.5053,0.183971,39.454041,0.051259013,39.454041,0.051259013
18604,0.17483,39.7434,0.182014,39.461132,0.28226775,39.461132,0.28226775
14979,0.17654,39.5164,0.135467,39.484313,0.032086535,39.484313,0.032086535
17218,0.17697,39.5095,0.175623,39.49011,0.019390351,39.49011,0.019390351
14451,0.17729,39.4771,0.138264,39.494415,-0.017314557,39.494415,-0.017314557
17220,0.17769,39.3394,0.257355,39.499785,-0.1603855,39.499785,-0.1603855
370428,0.1778,39.6477,0.131546,39.501261,0.14643947,39.501261,0.14643947
5635,0.17839,39.9669,0.207864,39.509158,0.45774247,39.509158,0.45774247
6936,0.1789,39.641,0.157339,39.515964,0.12503587,39.515964,0.12503587
300179,0.17896,39.7672,0.201468,39.516764,0.25043629,39.516764,0.25043629
13045,0.17916,39.5355,0.229828,39.519427,0.016072812,39.519427,0.016072812
1347120,0.17955,39.5509,0.280575,39.524613,0.026287012,39.524613,0.026287012
2372,0.17959,39.5519,0.174634,39.525144,0.026755729,39.525144,0.026755729
1303496,0.17979,39.5962,0.208929,39.527799,0.068400975,39.527799,0.068400975
13254,0.1799,39.9979,0.268081,39.529258,0.46864204,39.529258,0.46864204
14284,0.18037,39.3688,0.13762,39.535482,-0.16668225,39.535482,-0.16668225
420159,0.18059,39.5035,0.133745,39.538391,-0.034890544,39.538391,-0.034890544
330023,0.18064,39.7166,0.179158,39.539051,0.17754894,39.539051,0.17754894
350548,0.18067,39.6391,0.133983,39.539447,0.099652714,39.539447,0.099652714
360112,0.18071,39.6151,0.246207,39.539975,0.075124507,39.539975,0.075124507
17215,0.1808,39.6213,0.207991,39.541164,0.08013644,39.541164,0.08013644
15443,0.18123,39.4868,0.134057,39.546832,-0.060032269,39.546832,-0.060032269
370595,0.18138,39.6585,0.225961,39.548807,0.10969323,39.548807,0.10969323
1339392,0.18148,39.3953,0.235174,39.550122,-0.15482226,39.550122,-0.15482226
17332,0.18203,39.5863,0.201062,39.557345,0.028954621,39.557345,0.028954621
1580,0.18216,39.5259,0.149858,39.55905,-0.033149684,39.55905,-0.033149684
1250017,0.18217,39.6885,0.152439,39.559181,0.12931926,39.559181,0.12931926
15453,0.18243,39.7821,0.177319,39.562586,0.21951423,39.562586,0.21951423
17391,0.18345,39.5995,0.294191,39.5759,0.023599609,39.5759,0.023599609
17168,0.18376,39.752,0.19743,39.579933,0.1720667,39.579933,0.1720667
1257695,0.18383,39.68,0.151568,39.580843,0.099156919,39.580843,0.099156919
20048,0.18388,39.796,0.218377,39.581493,0.21450727,39.581493,0.21450727
15421,0.18443,39.7891,0.142656,39.588628,0.20047205,39.588628,0.20047205
1296321,0.18444,39.9384,0.282465,39.588757,0.3496425,39.588757,0.3496425
8213,0.18468,39.6548,0.27682,39.591865,0.062935324,39.591865,0.062935324
15461,0.18482,39.613,0.134864,39.593675,0.019324544,39.593675,0.019324544
1336453,0.18492,39.7435,0.159325,39.594968,0.14853191,39.594968,0.14853191
6422,0.18501,39.6347,0.160441,39.596131,0.038569103,39.596131,0.038569103
16281,0.18507,39.5427,0.172189,39.596906,-0.054205811,39.596906,-0.054205811
370563,0.18538,39.7882,0.139358,39.600906,0.1872942,39.600906,0.1872942
15365,0.18651,39.7559,0.144508,39.615434,0.14046623,39.615434,0.14046623
18807,0.18714,39.7694,0.13671,39.623498,0.14590217,39.623498,0.14590217
5994,0.18801,39.7451,0.191467,39.634592,0.11050762,39.634592,0.11050762
12927,0.18892,39.4384,0.149571,39.646146,-0.2077459,39.646146,-0.2077459
16100,0.18893,39.8089,0.256269,39.646273,0.16262743,39.646273,0.16262743
18787,0.18915,40.1408,0.200523,39.649058,0.49174219,39.649058,0.49174219
18749,0.18931,39.7413,0.209197,39.651082,0.090218468,39.651082,0.090218468
1273127,0.18937,39.9359,0.228953,39.65184,0.28405998,39.65184,0.28405998
440643,0.18955,39.7624,0.238646,39.654114,0.10828587,39.654114,0.10828587
6304,0.18979,39.7286,0.224725,39.657143,0.071456844,39.657143,0.071456844
762,0.19009,39.8807,0.15799,39.660924,0.21977558,39.660924,0.21977558
20687,0.19026,39.6892,0.294972,39.663065,0.02613534,39.663065,0.02613534
2440,0.1903,39.9182,0.154841,39.663568,0.25463201,39.663568,0.25463201
16276,0.19397,39.7983,0.218857,39.709334,0.088966208,39.709334,0.088966208
2246,0.19422,39.8787,0.222002,39.712422,0.16627808,39.712422,0.16627808
20821,0.19534,40.1343,0.403955,39.726211,0.40808861,39.726211,0.40808861
14984,0.19549,39.9082,0.195934,39.728053,0.1801474,39.728053,0.1801474
15674,0.19555,39.958,0.212325,39.728789,0.22921128,39.728789,0.22921128
1253920,0.19556,39.7111,0.156617,39.728911,-0.017811382,39.728911,-0.017811382
000236,0.19602,39.7288,0.124812,39.734548,-0.0057476771,39.734548,-0.0057476771
15129,0.19611,39.7747,0.157962,39.735649,0.039051011,39.735649,0.039051011
1298893,0.19616,39.8397,0.254651,39.736261,0.10343937,39.736261,0.10343937
1334620,0.19624,39.8927,0.29342,39.737239,0.15546106,39.737239,0.15546106
13070,0.19719,39.8018,0.14158,39.748828,0.052971874,39.748828,0.052971874
18804,0.19726,39.6932,0.130873,39.74968,-0.056480007,39.74968,-0.056480007
1302058,0.19786,39.492,0.189171,39.75697,-0.26497031,39.75697,-0.26497031
15222,0.19801,39.7561,0.182544,39.75879,-0.0026896719,39.75879,-0.0026896719
1316431,0.19815,39.8879,0.174409,39.760487,0.12741342,39.760487,0.12741342
13370,0.19846,40.3246,0.238597,39.76424,0.56035995,39.76424,0.56035995
360145,0.1986,39.8881,0.211487,39.765933,0.12216662,39.765933,0.12216662
19658,0.19863,39.889,0.174502,39.766296,0.12270391,39.766296,0.12270391
18768,0.19892,40.0216,0.217638,39.7698,0.25180033,39.7698,0.25180033
500504,0.19948,39.6764,0.246154,39.776552,-0.10015176,39.776552,-0.10015176
110460,0.19956,39.8511,0.254227,39.777515,0.073585099,39.777515,0.073585099
560150,0.19957,39.8965,0.17155,39.777635,0.11886473,39.777635,0.11886473
19101,0.20062,39.6837,0.194976,39.790243,-0.1065427,39.790243,-0.1065427
470232,0.20068,39.9838,0.252956,39.790961,0.19283873,39.790961,0.19283873
370308,0.20074,39.7672,0.316127,39.79168,-0.024479638,39.79168,-0.024479638
590002,0.20139,39.8575,0.216953,39.799449,0.058050841,39.799449,0.058050841
13152,0.20216,39.6184,0.198124,39.808623,-0.19022289,39.808623,-0.19022289
19913,0.20237,39.9949,0.159703,39.811119,0.18378082,39.811119,0.18378082
6780,0.20268,39.8373,0.184965,39.8148,0.022500244,39.8148,0.022500244
14212,0.20308,39.9658,0.146626,39.819541,0.14625884,39.819541,0.14625884
15203,0.20314,39.8822,0.166845,39.820252,0.061948384,39.820252,0.061948384
16032,0.20318,39.9277,0.173799,39.820725,0.10697485,39.820725,0.10697485
7243,0.20323,39.9335,0.216127,39.821317,0.11218306,39.821317,0.11218306
15901,0.20368,39.9041,0.171481,39.826637,0.077463021,39.826637,0.077463021
18965,0.20454,39.8809,0.160012,39.836774,0.044126206,39.836774,0.044126206
110033,0.20471,39.8427,0.202322,39.838773,0.0039271141,39.838773,0.0039271141
17801,0.20515,40.1661,0.227714,39.84394,0.32216016,39.84394,0.32216016
15872,0.20549,39.8126,0.174944,39.847925,-0.035325421,39.847925,-0.035325421
1327978,0.20699,39.9225,0.279831,39.865436,0.057064076,39.865436,0.057064076
15201,0.20736,40.316,0.333666,39.869737,0.44626298,39.869737,0.44626298
1283373,0.20754,40.0725,0.148972,39.871827,0.20067314,39.871827,0.20067314
20376,0.20831,39.7299,0.272182,39.880748,-0.15084775,39.880748,-0.15084775
15467,0.20847,39.8758,0.146778,39.882598,-0.006797586,39.882598,-0.006797586
200132,0.20856,40.1034,0.239508,39.883638,0.21976246,39.883638,0.21976246
15259,0.20857,39.8639,0.197696,39.883753,-0.019853064,39.883753,-0.019853064
140152,0.20864,39.8798,0.15965,39.884562,-0.0047615927,39.884562,-0.0047615927
16482,0.20937,39.8413,0.262138,39.892978,-0.051678378,39.892978,-0.051678378
550154,0.21003,40.1479,0.148877,39.900565,0.2473354,39.900565,0.2473354
19149,0.21023,39.4543,0.186032,39.902859,-0.44855908,39.902859,-0.44855908
460105,0.21071,39.9632,0.223017,39.908358,0.054842451,39.908358,0.054842451
14157,0.21083,39.806,0.155718,39.90973,-0.10373035,39.90973,-0.10373035
18940,0.21099,39.9552,0.163264,39.91156,0.04364039,39.91156,0.04364039
1257366,0.21137,40.1415,0.266119,39.915899,0.22560105,39.915899,0.22560105
7847,0.2116,39.9676,0.230498,39.918522,0.049078137,39.918522,0.049078137
17811,0.21186,39.9136,0.194498,39.921484,-0.007883707,39.921484,-0.007883707
18927,0.21214,39.9374,0.243726,39.92467,0.012730394,39.92467,0.012730394
13305,0.21339,40.0218,0.16528,39.938845,0.082955174,39.938845,0.082955174
8495,0.21353,40.0084,0.19033,39.940428,0.067972363,39.940428,0.067972363
6933,0.21383,39.8874,0.197488,39.943816,-0.056416129,39.943816,-0.056416129
110567,0.21442,40.0179,0.298904,39.950467,0.067432717,39.950467,0.067432717
1249851,0.21511,39.8825,0.477887,39.958224,-0.075724191,39.958224,-0.075724191
14019,0.21513,40.4641,0.22943,39.958449,0.50565132,39.958449,0.50565132
1316,0.21566,40.2253,0.258716,39.964391,0.26090932,39.964391,0.26090932
100206,0.21653,39.8253,0.141535,39.974115,-0.14881514,39.974115,-0.14881514
17435,0.21674,40.0672,0.190384,39.976457,0.090743025,39.976457,0.090743025
7473,0.21677,40.0932,0.185301,39.976791,0.11640865,39.976791,0.11640865
20364,0.21729,40.1395,0.269611,39.98258,0.15691962,39.98258,0.15691962
13641,0.21781,39.9942,0.174837,39.988357,0.0058434642,39.988357,0.0058434642
1290816,0.21848,40.2216,0.204417,39.99578,0.22581998,39.99578,0.22581998
1304678,0.21884,40.1416,0.247596,39.99976,0.14183998,39.99976,0.14183998
9467,0.21885,40.1925,0.240729,39.99987,0.19262951,39.99987,0.19262951
1342255,0.21886,40.0296,0.130815,39.999981,0.029619049,39.999981,0.029619049
5533,0.21887,40.1292,0.218822,40.000091,0.12910859,40.000091,0.12910859
15433,0.21935,40.1098,0.160031,40.005388,0.10441206,40.005388,0.10441206
1302187,0.21943,40.0048,0.208962,40.00627,-0.0014696517,40.00627,-0.0014696517
18466,0.21967,40.0882,0.173376,40.008913,0.079287017,40.008913,0.079287017
14331,0.21976,40.2387,0.220195,40.009904,0.22879646,40.009904,0.22879646
000220,0.21982,40.0616,0.124319,40.010564,0.051036298,40.010564,0.051036298
19230,0.22005,39.9228,0.242946,40.013093,-0.090292771,40.013093,-0.090292771
7512,0.22055,40.1876,0.225274,40.018582,0.16901772,40.018582,0.16901772
15354,0.22069,40.0798,0.266821,40.020117,0.05968273,40.020117,0.05968273
370098,0.22141,40.0441,0.143254,40.027997,0.016102768,40.027997,0.016102768
480464,0.22141,40.0588,0.204756,40.027997,0.030802768,40.027997,0.030802768
1331123,0.22157,40.1937,0.166162,40.029745,0.1639549,40.029745,0.1639549
13025,0.22287,40.3257,0.281229,40.043903,0.28179681,40.043903,0.28179681
14846,0.22335,40.1511,0.167278,40.049111,0.10198861,40.049111,0.10198861
330083,0.22373,40.0162,0.172818,40.053227,-0.037027177,40.053227,-0.037027177
1304442,0.22451,40.1293,0.19721,40.061655,0.067644941,40.061655,0.067644941
550096,0.22451,39.9449,0.245775,40.061655,-0.11675506,40.061655,-0.11675506
1292560,0.22482,40.1126,0.160616,40.064997,0.047602954,40.064997,0.047602954
13727,0.22534,40.1329,0.188923,40.070593,0.062306644,40.070593,0.062306644
15229,0.22536,40.1856,0.197444,40.070808,0.11479164,40.070808,0.11479164
030066,0.22552,40.1491,0.174035,40.072528,0.076572255,40.072528,0.076572255
020096,0.22563,39.9865,0.175963,40.073709,-0.087209164,40.073709,-0.087209164
19992,0.22632,40.3912,0.201078,40.081108,0.3100923,40.081108,0.3100923
1315192,0.22714,40.097,0.228488,40.089873,0.0071270381,40.089873,0.0071270381
1315259,0.22806,40.2236,0.183395,40.099672,0.12392778,40.099672,0.12392778
180561,0.22853,40.1604,0.308241,40.104664,0.055735801,40.104664,0.055735801
13072,0.22917,40.2229,0.202405,40.111446,0.11145353,40.111446,0.11145353
3452,0.22967,40.1351,0.188066,40.116733,0.018367118,40.116733,0.018367118
21033,0.23006,40.1283,0.227444,40.120849,0.0074511326,40.120849,0.0074511326
000006,0.23044,40.3062,0.260109,40.124853,0.18134692,40.124853,0.18134692
040780,0.23066,40.0717,0.296847,40.127169,-0.055468513,40.127169,-0.055468513
19008,0.23075,40.1049,0.204707,40.128115,-0.023215142,40.128115,-0.023215142
360140,0.23083,40.2958,0.226289,40.128956,0.1668437,40.128956,0.1668437
17875,0.23111,40.3169,0.189753,40.131898,0.18500177,40.131898,0.18500177
430004,0.2315,40.201,0.226906,40.13599,0.065009593,40.13599,0.065009593
1302648,0.23171,40.0875,0.237265,40.138191,-0.050691234,40.138191,-0.050691234
1275946,0.23212,40.2045,0.159507,40.142483,0.062017248,40.142483,0.062017248
15369,0.23269,39.8341,0.180906,40.148437,-0.31433732,40.148437,-0.31433732
1292336,0.23356,40.1857,0.255059,40.1575,0.028200192,40.1575,0.028200192
350047,0.23364,40.4148,0.19637,40.158332,0.25646844,40.158332,0.25646844
12971,0.23381,40.1389,0.214099,40.160098,-0.021198171,40.160098,-0.021198171
1336687,0.23381,40.1788,0.292139,40.160098,0.018701829,40.160098,0.018701829
1279500,0.23471,40.2784,0.167703,40.169431,0.10896904,40.169431,0.10896904
110536,0.23475,40.1912,0.32799,40.169845,0.021355023,40.169845,0.021355023
1319366,0.23483,40.158,0.183242,40.170673,-0.012672817,40.170673,-0.012672817
1298281,0.23508,40.1629,0.275154,40.173258,-0.010358132,40.173258,-0.010358132
19341,0.23543,40.2336,0.214202,40.176873,0.056726713,40.176873,0.056726713
15287,0.2363,40.3805,0.155735,40.185838,0.19466205,40.185838,0.19466205
310574,0.23649,40.2636,0.156727,40.187792,0.07580833,40.187792,0.07580833
13511,0.23653,40.4674,0.193131,40.188203,0.27919721,40.188203,0.27919721
12881,0.23671,40.119,0.236651,40.190052,-0.071052053,40.190052,-0.071052053
16350,0.23684,40.2279,0.210237,40.191387,0.036513183,40.191387,0.036513183
1317277,0.23711,40.2245,0.203948,40.194157,0.030343154,40.194157,0.030343154
20768,0.23735,40.7365,0.305716,40.196617,0.53988336,40.196617,0.53988336
17884,0.23776,40.2317,0.172272,40.200813,0.030886561,40.200813,0.030886561
470008,0.23954,39.9059,0.208409,40.218956,-0.31305613,40.218956,-0.31305613
18486,0.23971,40.13,0.180786,40.220682,-0.090682305,40.220682,-0.090682305
510251,0.24004,40.3847,0.264226,40.22403,0.16067013,40.22403,0.16067013
580300,0.24072,40.4016,0.166736,40.230914,0.17068557,40.230914,0.17068557
510550,0.24106,40.3291,0.130654,40.23435,0.094750055,40.23435,0.094750055
17223,0.24151,40.172,0.261675,40.23889,-0.066890034,40.23889,-0.066890034
460064,0.24153,40.1214,0.184136,40.239092,-0.11769163,40.239092,-0.11769163
14481,0.24207,40.564,0.221356,40.244529,0.31947103,40.244529,0.31947103
20111,0.24267,40.4217,0.219858,40.250557,0.17114274,40.250557,0.17114274
480064,0.24271,40.5734,0.259119,40.250959,0.32244135,40.250959,0.32244135
20088,0.24316,40.2516,0.143114,40.25547,-0.003870103,40.25547,-0.003870103
13506,0.24341,40.538,0.306318,40.257973,0.28002688,40.257973,0.28002688
19023,0.24405,40.2956,0.242814,40.26437,0.031230025,40.26437,0.031230025
15466,0.24436,40.2064,0.221704,40.267463,-0.061062856,40.267463,-0.061062856
3377,0.24449,40.1263,0.186144,40.268759,-0.14245879,40.268759,-0.14245879
000174,0.24497,40.3336,0.209543,40.273538,0.060061774,40.273538,0.060061774
420407,0.24512,40.4957,0.181643,40.27503,0.22066998,40.27503,0.22066998
20039,0.24539,40.3582,0.219468,40.277713,0.08048689,40.277713,0.08048689
000010,0.24594,40.4318,0.167359,40.28317,0.1486298,40.28317,0.1486298
13835,0.24604,40.3473,0.149416,40.284161,0.06313882,40.284161,0.06313882
15219,0.24637,40.378,0.17135,40.287429,0.090571233,40.287429,0.090571233
12977,0.24643,40.2829,0.214739,40.288022,-0.0051224365,40.288022,-0.0051224365
05D3mq,0.24649,40.3907,0.15515,40.288616,0.10208403,40.288616,0.10208403
1334645,0.24701,40.1983,0.137434,40.293754,-0.095454339,40.293754,-0.095454339
3451,0.24835,40.203,0.17717,40.306949,-0.10394938,40.306949,-0.10394938
450082,0.24848,40.4276,0.195634,40.308226,0.11937402,40.308226,0.11937402
420087,0.24848,40.4912,0.215929,40.308226,0.18297402,40.308226,0.18297402
560152,0.24851,40.3657,0.261564,40.30852,0.057179509,40.30852,0.057179509
15161,0.24853,40.3256,0.178325,40.308717,0.016883187,40.308717,0.016883187
19990,0.24883,40.427,0.180619,40.31166,0.11534011,40.31166,0.11534011
120585,0.24899,40.3167,0.167358,40.313228,0.0034718108,40.313228,0.0034718108
3199,0.24961,40.6733,0.220606,40.319297,0.35400349,40.319297,0.35400349
16106,0.24973,40.2961,0.206796,40.320469,-0.024369413,40.320469,-0.024369413
15868,0.24974,40.3915,0.163714,40.320567,0.070932869,40.320567,0.070932869
520077,0.25004,40.5965,0.224495,40.323497,0.27300302,40.323497,0.27300302
390449,0.25008,40.3764,0.218218,40.323887,0.052512618,40.323887,0.052512618
13689,0.2503,40.4145,0.179616,40.326034,0.088466453,40.326034,0.088466453
5717,0.25037,40.5692,0.188725,40.326716,0.24248395,40.326716,0.24248395
500004,0.25052,40.3009,0.188277,40.328178,-0.027277962,40.328178,-0.027277962
16213,0.25077,40.3873,0.202604,40.330613,0.056687323,40.330613,0.056687323
17552,0.25191,40.4698,0.207347,40.341686,0.1281135,40.341686,0.1281135
310161,0.25247,40.4622,0.166497,40.347109,0.11509076,40.347109,0.11509076
9032,0.25249,40.4066,0.259149,40.347303,0.059297293,40.347303,0.059297293
000034,0.25319,40.3688,0.15705,40.354065,0.014735032,40.354065,0.014735032
17464,0.25345,40.0303,0.262822,40.356572,-0.32627225,40.356572,-0.32627225
5736,0.25394,40.4546,0.167762,40.361291,0.09330898,40.361291,0.09330898
1336480,0.25605,40.6458,0.194176,40.381515,0.26428542,40.381515,0.26428542
1112,0.25609,40.5593,0.271675,40.381896,0.17740353,40.381896,0.17740353
17340,0.25625,40.3729,0.207312,40.383423,-0.010523475,40.383423,-0.010523475
9457,0.25672,40.5023,0.251739,40.387904,0.11439606,40.387904,0.11439606
19207,0.25721,40.5776,0.249962,40.392567,0.18503304,40.392567,0.18503304
18325,0.25723,40.4941,0.193606,40.392757,0.10134289,40.392757,0.10134289
8046,0.2576,40.6088,0.22531,40.396272,0.21252754,40.396272,0.21252754
6108,0.258,40.528,0.231214,40.400068,0.12793243,40.400068,0.12793243
550041,0.25847,40.4663,0.209281,40.40452,0.061780154,40.40452,0.061780154
1297026,0.25855,40.51,0.149785,40.405277,0.10472307,40.405277,0.10472307
1289664,0.25908,40.2879,0.178603,40.410287,-0.12238715,40.410287,-0.12238715
1303883,0.25911,40.5418,0.163699,40.41057,0.13122954,40.41057,0.13122954
1335694,0.25912,40.4255,0.162943,40.410665,0.014835108,40.410665,0.014835108
12972,0.25935,40.5238,0.233841,40.412836,0.11096413,40.412836,0.11096413
1330426,0.25954,40.442,0.169977,40.414628,0.027372065,40.414628,0.027372065
020176,0.26051,40.5033,0.171288,40.423758,0.079542018,40.423758,0.079542018
370498,0.26086,40.6128,0.185932,40.427045,0.18575541,40.427045,0.18575541
15440,0.2613,40.447,0.207526,40.431171,0.015829483,40.431171,0.015829483
1337649,0.26151,40.4182,0.225542,40.433137,-0.014937439,40.433137,-0.014937439
2017,0.26162,40.6874,0.258941,40.434167,0.25323285,40.434167,0.25323285
19702,0.26162,40.681,0.233293,40.434167,0.24683285,40.434167,0.24683285
1253,0.26166,40.392,0.226027,40.434541,-0.042541486,40.434541,-0.042541486
13655,0.26173,40.6935,0.249126,40.435196,0.25830355,40.435196,0.25830355
18945,0.26187,40.7216,0.216893,40.436506,0.2850941,40.436506,0.2850941
13956,0.2629,41.2641,0.514634,40.44612,0.81798024,40.44612,0.81798024
520019,0.26309,40.6388,0.170092,40.447889,0.19091063,40.447889,0.19091063
04D3ez,0.26348,40.3997,0.177345,40.451518,-0.051818018,40.451518,-0.051818018
350235,0.26384,40.5588,0.167704,40.454863,0.10393688,40.454863,0.10393688
330022,0.26386,40.3035,0.205843,40.455049,-0.15154883,40.455049,-0.15154883
12983,0.26395,40.6342,0.381046,40.455884,0.17831561,40.455884,0.17831561
2943,0.26405,40.5074,0.238455,40.456812,0.050587527,40.456812,0.050587527
13099,0.26451,40.6719,0.256474,40.461077,0.21082253,40.461077,0.21082253
110478,0.26462,40.5153,0.197965,40.462096,0.053203665,40.462096,0.053203665
2422,0.2657,40.6087,0.219728,40.472079,0.13662103,40.472079,0.13662103
6315,0.26576,40.3244,0.206109,40.472632,-0.14823246,40.472632,-0.14823246
1334087,0.26629,40.2901,0.264978,40.477517,-0.18741656,40.477517,-0.18741656
18463,0.26687,40.5463,0.204902,40.482851,0.063448903,40.482851,0.063448903
1309288,0.26794,40.5103,0.202065,40.492664,0.01763576,40.492664,0.01763576
520023,0.26804,40.4623,0.232043,40.493579,-0.031279498,40.493579,-0.031279498
06D3fp,0.26848,40.4553,0.240404,40.497603,-0.042302872,40.497603,-0.042302872
530037,0.2685,40.579,0.191142,40.497786,0.081214393,40.497786,0.081214393
14298,0.26879,40.6039,0.217156,40.500434,0.10346615,40.500434,0.10346615
510638,0.27006,40.6363,0.197002,40.512,0.12429981,40.512,0.12429981
19002,0.2701,40.5089,0.164866,40.512364,-0.0034636688,40.512364,-0.0034636688
310051,0.27045,40.5139,0.20931,40.515542,-0.0016419381,40.515542,-0.0016419381
160039,0.27085,40.4887,0.166124,40.51917,-0.030469577,40.51917,-0.030469577
380378,0.27129,40.5677,0.123404,40.523154,0.044545757,40.523154,0.044545757
1292332,0.27265,40.5415,0.173203,40.535433,0.0060673079,40.535433,0.0060673079
15356,0.2734,40.4721,0.208686,40.54218,-0.070079611,40.54218,-0.070079611
420258,0.27444,40.7399,0.293068,40.551507,0.18839302,40.551507,0.18839302
150254,0.27508,40.5286,0.241865,40.557231,-0.028630618,40.557231,-0.028630618
100213,0.27511,40.7769,0.239421,40.557499,0.21940139,40.557499,0.21940139
20227,0.27574,40.6631,0.213576,40.56312,0.099979807,40.56312,0.099979807
19051,0.27619,40.6749,0.180061,40.567128,0.10777168,40.567128,0.10777168
4000,0.27656,40.8504,0.272235,40.570419,0.27998064,40.570419,0.27998064
4046,0.27764,40.6186,0.24474,40.580002,0.038597688,40.580002,0.038597688
1297465,0.27784,40.9187,0.17803,40.581773,0.33692686,40.581773,0.33692686
5957,0.27924,40.7037,0.164335,40.594136,0.10956409,40.594136,0.10956409
6196,0.2798,40.5056,0.19932,40.599065,-0.093464931,40.599065,-0.093464931
040201,0.27987,40.5664,0.153331,40.59968,-0.033280415,40.59968,-0.033280415
520188,0.28049,40.6663,0.153096,40.605126,0.061174384,40.605126,0.061174384
18485,0.28122,40.6224,0.174763,40.611523,0.010877393,40.611523,0.010877393
1317286,0.28198,40.5986,0.166629,40.618166,-0.019566142,40.618166,-0.019566142
06D3dt,0.28256,40.744,0.297355,40.623225,0.12077496,40.623225,0.12077496
15584,0.28333,40.6596,0.184378,40.629926,0.029673692,40.629926,0.029673692
310238,0.28395,40.5735,0.154134,40.63531,-0.061809865,40.63531,-0.061809865
16072,0.28434,40.6919,0.20709,40.638691,0.053209288,40.638691,0.053209288
14261,0.28436,40.5431,0.186562,40.638864,-0.095763973,40.638864,-0.095763973
17791,0.28468,41.1135,0.351325,40.641635,0.47186539,40.641635,0.47186539
440050,0.28547,40.7046,0.185989,40.648462,0.056137733,40.648462,0.056137733
350080,0.28577,40.671,0.173206,40.65105,0.019949542,40.65105,0.019949542
20040,0.28655,40.6389,0.217509,40.657768,-0.018867976,40.657768,-0.018867976
20245,0.28723,40.5691,0.250397,40.66361,-0.094510449,40.66361,-0.094510449
17809,0.28746,40.5379,0.238886,40.665584,-0.12768368,40.665584,-0.12768368
19128,0.28763,40.8753,0.227224,40.667041,0.20825879,40.667041,0.20825879
1334644,0.28806,40.7075,0.188011,40.670724,0.03677566,40.670724,0.03677566
1313594,0.28835,40.749,0.137848,40.673205,0.075794566,40.673205,0.075794566
091869,0.28843,40.7458,0.165419,40.673889,0.071910534,40.673889,0.071910534
2165,0.28882,40.9433,0.226038,40.677222,0.26607839,40.677222,0.26607839
2789,0.2889,40.7428,0.228497,40.677905,0.064895394,40.677905,0.064895394
1334597,0.28896,40.6763,0.168052,40.678417,-0.0021167411,40.678417,-0.0021167411
1310395,0.28899,40.702,0.277224,40.678673,0.023327228,40.678673,0.023327228
350180,0.28952,40.9765,0.256114,40.683192,0.29330808,40.683192,0.29330808
570056,0.28998,40.7298,0.234493,40.687108,0.042692026,40.687108,0.042692026
1289288,0.29001,40.7393,0.271437,40.687363,0.051936831,40.687363,0.051936831
19596,0.29036,40.7861,0.23085,40.690339,0.095761365,40.690339,0.095761365
19027,0.29114,40.484,0.219145,40.696958,-0.21295772,40.696958,-0.21295772
1263715,0.29186,40.7653,0.172199,40.703053,0.062246935,40.703053,0.062246935
1291090,0.29199,40.7606,0.177707,40.704152,0.056447874,40.704152,0.056447874
390264,0.29208,40.4229,0.292471,40.704913,-0.28201275,40.704913,-0.28201275
12841,0.29208,40.7505,0.483728,40.704913,0.045587252,40.704913,0.045587252
21006,0.29241,40.6378,0.228825,40.7077,-0.069899839,40.7077,-0.069899839
420414,0.29246,40.6952,0.224836,40.708122,-0.01292187,40.708122,-0.01292187
150509,0.2928,40.7458,0.174302,40.71099,0.034810087,40.71099,0.034810087
130755,0.29291,40.8268,0.203556,40.711917,0.11488285,40.711917,0.11488285
6249,0.29354,40.857,0.204834,40.717221,0.13977854,40.717221,0.13977854
1303004,0.29496,40.762,0.173778,40.729139,0.032861414,40.729139,0.032861414
19794,0.29568,41.0209,0.307913,40.735161,0.28573925,40.735161,0.28573925
580270,0.29576,40.9989,0.165779,40.735829,0.26307096,40.735829,0.26307096
1119,0.29639,40.9938,0.366054,40.741086,0.25271403,40.741086,0.25271403
13610,0.29683,40.6595,0.202621,40.744751,-0.08525133,40.744751,-0.08525133
1293319,0.29687,40.7505,0.210501,40.745084,0.005415705,40.745084,0.005415705
420196,0.29842,41.2705,0.232731,40.757955,0.51254527,40.757955,0.51254527
570025,0.29845,40.6539,0.272883,40.758203,-0.10430322,40.758203,-0.10430322
6137,0.29888,40.9195,0.25505,40.761762,0.15773759,40.761762,0.15773759
10550,0.29923,41.0113,0.341681,40.764656,0.24664409,40.764656,0.24664409
14735,0.29936,40.7335,0.186464,40.76573,-0.032229844,40.76573,-0.032229844
120444,0.29947,41.0213,0.195981,40.766638,0.25466178,40.766638,0.25466178
170428,0.30007,40.9837,0.198158,40.771588,0.21211246,40.771588,0.21211246
5391,0.30022,40.8795,0.247188,40.772823,0.10667657,40.772823,0.10667657
350078,0.30078,41.1729,0.294726,40.777432,0.39546761,40.777432,0.39546761
570022,0.30141,41.1086,0.206046,40.782608,0.32599204,40.782608,0.32599204
350192,0.3015,40.8585,0.191702,40.783347,0.075153498,40.783347,0.075153498
460037,0.30254,40.8894,0.22475,40.791866,0.097533979,40.791866,0.097533979
1339002,0.30296,40.8204,0.274703,40.795299,0.025101105,40.795299,0.025101105
150457,0.30339,40.9204,0.142521,40.798809,0.12159107,40.798809,0.12159107
7143,0.30354,41.0778,0.197526,40.800032,0.27776772,40.800032,0.27776772
19818,0.30395,40.7052,0.182517,40.803373,-0.098173233,40.803373,-0.098173233
1287626,0.30396,40.719,0.22209,40.803455,-0.084454667,40.803455,-0.084454667
1259412,0.30477,40.9018,0.140115,40.810043,0.091757386,40.810043,0.091757386
1335717,0.30478,41.0411,0.242802,40.810124,0.23097615,40.810124,0.23097615
12883,0.30519,40.5924,0.306711,40.813452,-0.22105219,40.813452,-0.22105219
350630,0.30525,40.9054,0.133839,40.813939,0.091461079,40.813939,0.091461079
440005,0.30551,41.0041,0.226225,40.816047,0.18805295,40.816047,0.18805295
350027,0.30568,40.9451,0.165493,40.817425,0.12767546,40.817425,0.12767546
560087,0.30641,40.8959,0.201565,40.823332,0.072568423,40.823332,0.072568423
340334,0.30668,41.16,0.239095,40.825513,0.33448694,40.825513,0.33448694
1281668,0.30697,40.9573,0.150058,40.827854,0.12944584,40.827854,0.12944584
520062,0.30805,41.2018,0.139651,40.836555,0.36524529,40.836555,0.36524529
5966,0.30822,40.9533,0.254065,40.837922,0.11537834,40.837922,0.11537834
1319821,0.30881,40.9954,0.152417,40.84266,0.15273963,40.84266,0.15273963
6699,0.30915,41.046,0.250639,40.845387,0.20061267,40.845387,0.20061267
5844,0.3093,40.9757,0.270379,40.84659,0.12911048,40.84659,0.12911048
16211,0.30939,41.0177,0.300429,40.847311,0.17038943,40.847311,0.17038943
21042,0.30955,40.72,0.257177,40.848592,-0.12859196,40.848592,-0.12859196
1300516,0.31043,40.6197,0.336421,40.855629,-0.23592866,40.855629,-0.23592866
15213,0.31053,40.9962,0.221391,40.856427,0.13977289,40.856427,0.13977289
500100,0.31077,41.046,0.182638,40.858342,0.18765758,40.858342,0.18765758
000420,0.31152,41.0123,0.141744,40.864319,0.14798106,40.864319,0.14798106
1338128,0.31185,41.0377,0.210925,40.866944,0.17075562,40.866944,0.17075562
1337838,0.31195,40.9503,0.160446,40.867739,0.082560544,40.867739,0.082560544
1263369,0.31252,40.9565,0.149709,40.872267,0.084233107,40.872267,0.084233107
1294743,0.31258,41.0352,0.279475,40.872743,0.16245698,40.872743,0.16245698
20142,0.31259,40.6239,0.2062,40.872822,-0.24892237,40.872822,-0.24892237
1283878,0.31287,41.0195,0.203499,40.875043,0.1444569,40.875043,0.1444569
1341894,0.31294,41.0061,0.176794,40.875598,0.130502,40.875598,0.130502
19632,0.31377,41.0228,0.214434,40.882169,0.14063129,40.882169,0.14063129
530112,0.31444,41.1251,0.155711,40.887461,0.23763897,40.887461,0.23763897
15383,0.31495,41.0194,0.227804,40.891483,0.1279175,40.891483,0.1279175
6649,0.31509,40.8837,0.219964,40.892585,-0.0088853758,40.892585,-0.0088853758
110716,0.31577,41.2033,0.233304,40.897936,0.30536426,40.897936,0.30536426
15776,0.31582,40.933,0.227638,40.898329,0.034671273,40.898329,0.034671273
6100,0.31613,41.1979,0.274091,40.900764,0.29713604,40.900764,0.29713604
100163,0.31773,41.0738,0.195921,40.913298,0.16050224,40.913298,0.16050224
1345553,0.31795,41.0772,0.167213,40.915017,0.16218342,40.915017,0.16218342
080646,0.31813,41.0199,0.153489,40.916422,0.10347794,40.916422,0.10347794
550059,0.31839,41.3345,0.327925,40.918451,0.4160491,40.918451,0.4160491
440509,0.31892,40.8941,0.203876,40.922582,-0.028481852,40.922582,-0.028481852
310188,0.31893,41.141,0.177674,40.92266,0.21834027,40.92266,0.21834027
170078,0.32089,41.2315,0.207296,40.937881,0.29361913,40.937881,0.29361913
330128,0.32095,40.9546,0.156373,40.938345,0.016254541,40.938345,0.016254541
1266657,0.32108,41.1921,0.293444,40.939352,0.2527482,40.939352,0.2527482
1261579,0.32214,40.8774,0.138773,40.947543,-0.070143222,40.947543,-0.070143222
580104,0.32214,40.8628,0.158186,40.947543,-0.084743222,40.947543,-0.084743222
120085,0.32214,40.7271,0.199265,40.947543,-0.22044322,40.947543,-0.22044322
7475,0.32265,40.9316,0.211904,40.951475,-0.019875469,40.951475,-0.019875469
05D2ab,0.32454,41.0699,0.126468,40.965998,0.10390222,40.965998,0.10390222
050291,0.32535,41.2273,0.193265,40.972198,0.25510239,40.972198,0.25510239
500301,0.3255,41.2625,0.255286,40.973344,0.28915585,40.973344,0.28915585
18617,0.3257,41.1639,0.271274,40.974872,0.18902789,40.974872,0.18902789
1305626,0.32573,41.0478,0.141716,40.975101,0.07269877,40.975101,0.07269877
1308326,0.32622,41.0504,0.157201,40.978841,0.071559262,40.978841,0.071559262
14456,0.32794,41.0002,0.171833,40.991926,0.0082739731,40.991926,0.0082739731
050303,0.32829,41.3079,0.308428,40.994581,0.31331907,40.994581,0.31331907
530219,0.32838,41.351,0.278699,40.995263,0.35573681,40.995263,0.35573681
430003,0.32843,40.934,0.295651,40.995642,-0.061642151,40.995642,-0.061642151
1306073,0.32859,41.1,0.144172,40.996854,0.10314554,40.996854,0.10314554
6924,0.3286,40.9276,0.222195,40.99693,-0.069330216,40.99693,-0.069330216
1337687,0.3287,41.0716,0.150485,40.997688,0.073912388,40.997688,0.073912388
1316465,0.3291,41.0566,0.165152,41.000715,0.05588494,41.000715,0.05588494
13934,0.32931,41.4109,0.310571,41.002303,0.4085969,41.002303,0.4085969
540163,0.32943,41.2391,0.162498,41.00321,0.23588987,41.00321,0.23588987
1301933,0.3296,41.1031,0.114803,41.004495,0.098605432,41.004495,0.098605432
13830,0.32985,40.8444,0.209813,41.006382,-0.16198233,41.006382,-0.16198233
1338675,0.33048,41.1674,0.214426,41.011134,0.15626641,41.011134,0.15626641
4241,0.33052,41.1689,0.23109,41.011435,0.15746502,41.011435,0.15746502
120369,0.33055,41.2306,0.131607,41.011661,0.21893901,41.011661,0.21893901
370394,0.3308,40.996,0.212048,41.013544,-0.017543714,41.013544,-0.017543714
480184,0.3308,41.1586,0.239453,41.013544,0.14505629,41.013544,0.14505629
03D1fc,0.33094,41.0098,0.137116,41.014597,-0.0047974612,41.014597,-0.0047974612
20106,0.33137,41.2335,0.285481,41.017831,0.21566861,41.017831,0.21566861
580235,0.33154,41.0301,0.218692,41.019109,0.010991161,41.019109,0.010991161
370344,0.33155,41.1012,0.166036,41.019184,0.082016036,41.019184,0.082016036
470041,0.33179,41.0149,0.143999,41.020986,-0.0060863421,41.020986,-0.0060863421
1306141,0.3324,40.977,0.159233,41.025562,-0.048561943,41.025562,-0.048561943
130862,0.3329,41.3299,0.201675,41.029307,0.30059337,41.029307,0.30059337
1346956,0.33353,41.0366,0.176123,41.034017,0.0025825052,41.034017,0.0025825052
1309492,0.33353,41.0025,0.141896,41.034017,-0.031517495,41.034017,-0.031517495
16093,0.33439,41.1204,0.23572,41.040435,0.079965115,41.040435,0.079965115
500511,0.3349,41.0251,0.171864,41.044233,-0.01913331,41.044233,-0.01913331
1346966,0.33513,41.0242,0.177927,41.045945,-0.021744568,41.045945,-0.021744568
1314897,0.33663,41.0367,0.18424,41.057078,-0.020378268,41.057078,-0.020378268
040782,0.33739,41.0098,0.23724,41.062702,-0.052901768,41.062702,-0.052901768
470015,0.33752,41.1678,0.278653,41.063663,0.1041375,41.063663,0.1041375
04D3kr,0.33753,41.1477,0.176101,41.063736,0.083963607,41.063736,0.083963607
1300912,0.3378,41.1537,0.233862,41.065731,0.087969385,41.065731,0.087969385
380318,0.33825,41.145,0.211242,41.069051,0.075948969,41.069051,0.075948969
580276,0.33851,41.1131,0.200412,41.070968,0.042132376,41.070968,0.042132376
1343337,0.339,41.0555,0.356511,41.074576,-0.01907595,41.074576,-0.01907595
04D3nh,0.34051,41.1737,0.192422,41.085665,0.0880349,41.085665,0.0880349
320258,0.3409,41.0587,0.1943,41.088522,-0.029821762,41.088522,-0.029821762
2533,0.34101,41.0641,0.255103,41.089327,-0.025226938,41.089327,-0.025226938
1336009,0.34176,41.2122,0.321008,41.09481,0.11738964,41.09481,0.11738964
1346387,0.34448,41.3081,0.152468,41.114604,0.19349647,41.114604,0.19349647
350606,0.3445,41.2914,0.299203,41.114749,0.17665147,41.114749,0.17665147
1329312,0.34479,41.2333,0.171671,41.11685,0.11644985,41.11685,0.11644985
470110,0.34547,41.2033,0.23021,41.121772,0.081528357,41.121772,0.081528357
03D1bp,0.34594,41.3318,0.136683,41.125168,0.20663199,41.125168,0.20663199
310090,0.34686,41.4163,0.370346,41.131804,0.28449619,41.131804,0.28449619
050301,0.34704,41.1174,0.244272,41.1331,-0.015700212,41.1331,-0.015700212
330089,0.34872,41.3721,0.218415,41.14517,0.22693012,41.14517,0.22693012
160198,0.34899,41.2499,0.158604,41.147105,0.10279539,41.147105,0.10279539
1258906,0.34918,41.282,0.206036,41.148465,0.13353475,41.148465,0.13353475
070955,0.3492,41.1406,0.157954,41.148608,-0.0080084326,41.148608,-0.0080084326
380279,0.34946,41.2033,0.168604,41.150469,0.052830852,41.150469,0.052830852
440185,0.34952,41.1526,0.205831,41.150898,0.0017016384,41.150898,0.0017016384
05D2ie,0.34956,41.3756,0.171432,41.151184,0.22441553,41.151184,0.22441553
20186,0.34957,41.4873,0.287684,41.151256,0.33604401,41.151256,0.33604401
04D2mc,0.34957,41.005,0.226318,41.151256,-0.14625599,41.151256,-0.14625599
1248677,0.35017,41.1867,0.147015,41.155544,0.031156212,41.155544,0.031156212
000196,0.35066,41.2342,0.163121,41.15904,0.07515957,41.15904,0.07515957
050296,0.35087,41.2532,0.161378,41.160538,0.092662399,41.160538,0.092662399
120400,0.35156,41.3343,0.138963,41.165451,0.16884898,41.165451,0.16884898
05D2hc,0.35157,41.4798,0.209505,41.165522,0.31427784,41.165522,0.31427784
160197,0.35361,41.3657,0.191944,41.179996,0.18570383,41.179996,0.18570383
05D2mp,0.35527,41.4647,0.223042,41.191717,0.27298312,41.191717,0.27298312
1688,0.35767,41.3574,0.291964,41.208573,0.14882722,41.208573,0.14882722
1334423,0.35791,41.3539,0.215252,41.210253,0.14364742,41.210253,0.14364742
04D3fk,0.35833,41.2423,0.215992,41.21319,0.029110279,41.21319,0.029110279
04D2fs,0.35858,41.1484,0.288995,41.214936,-0.066536497,41.214936,-0.066536497
160070,0.35897,41.4429,0.171109,41.217659,0.22524079,41.217659,0.22524079
1280217,0.35901,41.1532,0.305677,41.217938,-0.064738305,41.217938,-0.064738305
1307830,0.35949,41.4213,0.15447,41.221285,0.20001478,41.221285,0.20001478
050293,0.36005,41.187,0.191161,41.225185,-0.038184696,41.225185,-0.038184696
160126,0.36023,41.0791,0.230289,41.226437,-0.1473369,41.226437,-0.1473369
470244,0.36081,41.4328,0.197529,41.230468,0.20233216,41.230468,0.20233216
420417,0.36138,41.1159,0.288022,41.234423,-0.11852341,41.234423,-0.11852341
1294014,0.36272,41.2452,0.209997,41.2437,0.0015003375,41.2437,0.0015003375
1346137,0.36326,41.364,0.215101,41.247429,0.11657115,41.247429,0.11657115
560121,0.36491,41.4626,0.291566,41.258792,0.20380828,41.258792,0.20380828
100358,0.36613,41.136,0.226225,41.267163,-0.13116268,41.267163,-0.13116268
190209,0.36648,41.2327,0.155657,41.269559,-0.036859391,41.269559,-0.036859391
1308582,0.36705,41.2088,0.151911,41.273458,-0.064658058,41.273458,-0.064658058
350083,0.3678,41.2627,0.165575,41.278579,-0.01587931,41.278579,-0.01587931
04D1hd,0.36791,41.4699,0.158375,41.27933,0.19057039,41.27933,0.19057039
1343533,0.36844,41.5479,0.336428,41.282942,0.26495823,41.282942,0.26495823
1283936,0.36862,41.463,0.345551,41.284167,0.17883256,41.284167,0.17883256
15704,0.36952,41.4498,0.244353,41.290287,0.15951254,41.290287,0.15951254
18091,0.36977,41.2185,0.255045,41.291985,-0.073485004,41.291985,-0.073485004
510578,0.37012,41.3794,0.188778,41.29436,0.085040227,41.29436,0.085040227
13136,0.37046,41.6395,0.256631,41.296665,0.34283531,41.296665,0.34283531
05D4bm,0.37051,41.3833,0.160025,41.297003,0.086296516,41.297003,0.086296516
05D3jr,0.37053,41.273,0.282407,41.297139,-0.024138989,41.297139,-0.024138989
390471,0.37053,41.0698,0.135854,41.297139,-0.22733899,41.297139,-0.22733899
04D2cf,0.37059,41.3759,0.163241,41.297545,0.078354536,41.297545,0.078354536
320469,0.37087,41.4098,0.39052,41.299442,0.11035846,41.299442,0.11035846
1291957,0.37143,41.334,0.168104,41.30323,0.030770313,41.30323,0.030770313
05D4fo,0.3715,41.4289,0.165418,41.303703,0.12519717,41.303703,0.12519717
000199,0.3716,41.3842,0.116639,41.304379,0.07982139,41.304379,0.07982139
05D4cw,0.37351,41.3114,0.133039,41.317254,-0.0058535914,41.317254,-0.0058535914
16232,0.37426,41.4722,0.234786,41.322292,0.14990753,41.322292,0.14990753
1299643,0.37678,41.4155,0.15471,41.339155,0.076345475,41.339155,0.076345475
1282736,0.37798,41.3598,0.223183,41.347147,0.012652785,41.347147,0.012652785
590031,0.37859,41.4271,0.182401,41.351201,0.075898885,41.351201,0.075898885
7779,0.37986,41.2959,0.219919,41.359622,-0.06372173,41.359622,-0.06372173
320099,0.37989,41.4154,0.163795,41.35982,0.055579675,41.35982,0.055579675
500057,0.38052,41.4614,0.188044,41.363987,0.097412547,41.363987,0.097412547
110425,0.38083,41.4511,0.201434,41.366036,0.085064412,41.366036,0.085064412
1299785,0.38131,41.4549,0.20413,41.369204,0.085696168,41.369204,0.085696168
000011,0.3816,41.6775,0.218983,41.371116,0.30638382,41.371116,0.30638382
040150,0.38174,41.5615,0.198898,41.372039,0.1894611,41.372039,0.1894611
580275,0.3825,41.3726,0.265174,41.377042,-0.0044424528,41.377042,-0.0044424528
1343401,0.38284,41.3678,0.206585,41.379278,-0.011477888,41.379278,-0.011477888
1281886,0.38394,41.5182,0.20184,41.386498,0.13170247,41.386498,0.13170247
360139,0.38594,41.5217,0.152114,41.399575,0.12212504,41.399575,0.12212504
1338170,0.38677,41.3791,0.270807,41.404984,-0.025883562,41.404984,-0.025883562
550218,0.38735,41.5567,0.273474,41.408757,0.14794334,41.408757,0.14794334
050251,0.38772,41.6302,0.283892,41.411161,0.21903912,41.411161,0.21903912
420352,0.38886,41.383,0.199578,41.418555,-0.035555086,41.418555,-0.035555086
1290779,0.38951,41.544,0.192176,41.422762,0.12123795,41.422762,0.12123795
120086,0.39262,41.4742,0.237288,41.442801,0.031399349,41.442801,0.031399349
1291794,0.39512,41.4677,0.203648,41.458802,0.0088980894,41.458802,0.0088980894
1296273,0.39698,41.259,0.168535,41.470646,-0.21164575,41.470646,-0.21164575
1333438,0.39946,41.7119,0.28782,41.486357,0.22554267,41.486357,0.22554267
05D4ff,0.40048,41.4918,0.158339,41.492793,-0.00099297771,41.492793,-0.00099297771
110734,0.40212,41.4795,0.199524,41.503109,-0.023608516,41.503109,-0.023608516
580312,0.40286,41.5478,0.290402,41.50775,0.04004975,41.50775,0.04004975
1329615,0.40361,41.616,0.213828,41.512447,0.1035534,41.512447,0.1035534
06D3ed,0.40454,41.6747,0.166047,41.518259,0.1564412,41.518259,0.1564412
350050,0.40472,41.3373,0.202033,41.519382,-0.1820823,41.519382,-0.1820823
05D4dt,0.40547,41.7807,0.135518,41.524059,0.25664146,41.524059,0.25664146
1308314,0.40648,41.6914,0.168815,41.530343,0.16105685,41.530343,0.16105685
1341370,0.409,41.7002,0.240024,41.54596,0.15423973,41.54596,0.15423973
1306390,0.40911,41.7405,0.363654,41.54664,0.19386008,41.54664,0.19386008
450339,0.40927,41.7061,0.274957,41.547628,0.1584718,41.547628,0.1584718
06D4cq,0.40947,41.6784,0.172193,41.548863,0.12953695,41.548863,0.12953695
020090,0.40995,41.6836,0.279968,41.551824,0.13177561,41.551824,0.13177561
1307277,0.41114,41.662,0.318089,41.559152,0.1028479,41.559152,0.1028479
530251,0.41131,41.8335,0.242677,41.560197,0.2733027,41.560197,0.2733027
520071,0.41152,41.8131,0.149106,41.561488,0.25161212,41.561488,0.25161212
1315296,0.41258,41.7893,0.330128,41.567993,0.22130716,41.567993,0.22130716
04D2fp,0.41664,41.7295,0.149208,41.592765,0.13673538,41.592765,0.13673538
05D2dw,0.41864,41.6174,0.202099,41.604885,0.012515253,41.604885,0.012515253
440162,0.41927,41.6863,0.192599,41.608691,0.07760861,41.608691,0.07760861
550137,0.41931,41.4604,0.22264,41.608933,-0.1485329,41.608933,-0.1485329
05D3cf,0.41956,41.7981,0.235757,41.610442,0.18765814,41.610442,0.18765814
1289600,0.41962,41.8662,0.224621,41.610804,0.25539611,41.610804,0.25539611
1340454,0.41997,41.4394,0.294415,41.612915,-0.17351474,41.612915,-0.17351474
550202,0.42027,41.8343,0.344188,41.614723,0.21957727,41.614723,0.21957727
110430,0.42085,41.728,0.250117,41.618215,0.10978523,41.618215,0.10978523
1306626,0.4209,41.6178,0.17643,41.618516,-0.00071559497,41.618516,-0.00071559497
1306991,0.42199,41.5336,0.270821,41.625065,-0.091465352,41.625065,-0.091465352
1345594,0.42242,41.6796,0.275449,41.627645,0.051955144,41.627645,0.051955144
04D4gg,0.42245,41.6483,0.231707,41.627825,0.02047527,41.627825,0.02047527
160200,0.42349,41.8403,0.400817,41.634053,0.20624701,41.634053,0.20624701
490037,0.42355,41.5955,0.186465,41.634412,-0.03891188,41.634412,-0.03891188
1302523,0.42392,41.7264,0.13417,41.636624,0.089776033,41.636624,0.089776033
1312274,0.42451,41.7483,0.195831,41.640148,0.10815238,41.640148,0.10815238
1295027,0.42562,41.7039,0.195468,41.646764,0.057135514,41.646764,0.057135514
1258940,0.42594,41.7517,0.175449,41.648669,0.10303094,41.648669,0.10303094
050003,0.42689,41.813,0.229539,41.654315,0.15868461,41.654315,0.15868461
110542,0.42694,41.8348,0.198324,41.654612,0.18018776,41.654612,0.18018776
110719,0.42784,42.2757,0.23861,41.65995,0.61575001,41.65995,0.61575001
05D2cb,0.42865,41.8825,0.403543,41.664745,0.21775499,41.664745,0.21775499
440236,0.42888,41.6443,0.193398,41.666105,-0.021805011,41.666105,-0.021805011
1306029,0.42895,41.8266,0.250757,41.666519,0.16008121,41.666519,0.16008121
100101,0.42967,41.9219,0.19807,41.670771,0.25112886,41.670771,0.25112886
080723,0.43013,41.8354,0.165783,41.673484,0.16191556,41.673484,0.16191556
04D1rh,0.43487,41.7828,0.183674,41.701286,0.081513683,41.701286,0.081513683
06D4co,0.43544,41.5839,0.13365,41.70461,-0.12071048,41.70461,-0.12071048
000142,0.43673,42.0051,0.1818,41.712119,0.29298142,41.712119,0.29298142
1336008,0.43765,41.6253,0.16614,41.717461,-0.09216054,41.717461,-0.09216054
1333246,0.43774,41.882,0.356877,41.717983,0.16401744,41.717983,0.16401744
560027,0.43883,41.6682,0.279961,41.724297,-0.05609683,41.724297,-0.05609683
1310338,0.43883,41.4679,0.211194,41.724297,-0.25639683,41.724297,-0.25639683
050607,0.43926,41.8262,0.202784,41.726784,0.099416253,41.726784,0.099416253
040166,0.44004,42.1401,0.441915,41.731289,0.40881091,41.731289,0.40881091
510266,0.44059,41.6364,0.160177,41.734461,-0.098061452,41.734461,-0.098061452
1328105,0.44154,41.6823,0.183572,41.739932,-0.057632264,41.739932,-0.057632264
1295256,0.44246,41.8523,0.172891,41.74522,0.10708017,41.74522,0.10708017
06D3df,0.44254,41.9039,0.139699,41.745679,0.15822087,41.745679,0.15822087
06D2gb,0.44368,41.793,0.182219,41.752216,0.040784242,41.752216,0.040784242
1291080,0.44384,41.8069,0.290347,41.753132,0.053768078,41.753132,0.053768078
040137,0.44756,41.8552,0.223954,41.774346,0.080853942,41.774346,0.080853942
1328066,0.4489,41.8853,0.221814,41.781947,0.1033527,41.781947,0.1033527
1320166,0.44896,41.9875,0.215648,41.782287,0.20521285,41.782287,0.20521285
050580,0.4506,41.6446,0.157686,41.79156,-0.14696015,41.79156,-0.14696015
520016,0.451,41.9281,0.213431,41.793817,0.13428293,41.793817,0.13428293
04D3gt,0.45155,41.7162,0.305385,41.796917,-0.080717263,41.796917,-0.080717263
120094,0.45169,41.9923,0.154715,41.797706,0.19459416,41.797706,0.19459416
04D2gb,0.45169,41.5892,0.225346,41.797706,-0.20850584,41.797706,-0.20850584
1290127,0.45223,41.9959,0.320076,41.800745,0.19515465,41.800745,0.19515465
1253101,0.45333,41.7953,0.207786,41.806926,-0.011626446,41.806926,-0.011626446
1253039,0.45347,41.8863,0.14411,41.807712,0.078587877,41.807712,0.078587877
1334302,0.45463,41.7873,0.209236,41.814213,-0.026913295,41.814213,-0.026913295
1306360,0.45478,41.8839,0.284149,41.815053,0.068847171,41.815053,0.068847171
1345582,0.45878,41.9679,0.252185,41.837345,0.13055475,41.837345,0.13055475
380199,0.46055,42.0021,0.190943,41.847152,0.15494841,41.847152,0.15494841
510597,0.46098,42.0162,0.230251,41.849529,0.16667141,41.849529,0.16667141
05D3lc,0.46156,41.9839,0.138441,41.852731,0.13116852,41.852731,0.13116852
03D4au,0.46641,42.3424,0.396492,41.879368,0.46303242,41.879368,0.46303242
000215,0.4666,42.048,0.135922,41.880406,0.16759424,41.880406,0.16759424
04D4jr,0.4684,41.9733,0.206146,41.890222,0.083078446,41.890222,0.083078446
1339149,0.4688,41.7631,0.234035,41.892398,-0.12929804,41.892398,-0.12929804
04D4ju,0.47039,42.2151,0.404516,41.901032,0.31406763,41.901032,0.31406763
05D3mx,0.47057,42.0135,0.180637,41.902008,0.11149189,41.902008,0.11149189
370367,0.4717,41.9798,0.210913,41.908126,0.071674359,41.908126,0.071674359
1316437,0.47196,42.0374,0.25691,41.909531,0.12786873,41.909531,0.12786873
05D2bv,0.47572,41.938,0.177112,41.929778,0.008222014,41.929778,0.008222014
370329,0.47793,42.2269,0.228278,41.941608,0.28529165,41.941608,0.28529165
310146,0.47943,41.8695,0.203883,41.949609,-0.080108797,41.949609,-0.080108797
1306537,0.47948,42.0107,0.198987,41.949875,0.060824926,41.949875,0.060824926
560054,0.4798,41.8956,0.237796,41.951579,-0.055978627,41.951579,-0.055978627
05D3dd,0.48056,42.0041,0.160362,41.95562,0.048479707,41.95562,0.048479707
05D2ac,0.48071,41.9748,0.139221,41.956417,0.018382719,41.956417,0.018382719
120044,0.48171,42.3055,0.210887,41.961725,0.34377542,41.961725,0.34377542
05D1ix,0.48881,42.0842,0.199732,41.999112,0.085088493,41.999112,0.085088493
1292145,0.49246,42.2783,0.335403,42.018133,0.26016658,42.018133,0.26016658
1343208,0.49501,42.0821,0.165011,42.031344,0.050755782,42.031344,0.050755782
1305504,0.4956,42.1453,0.120919,42.034392,0.11090828,42.034392,0.11090828
03D1ax,0.49572,42.0817,0.153945,42.035011,0.046688868,42.035011,0.046688868
05D4af,0.49737,42.1268,0.225856,42.043514,0.083286206,42.043514,0.083286206
06D2bk,0.50073,42.257,0.253816,42.060747,0.1962534,42.060747,0.1962534
350374,0.5009,42.1165,0.283133,42.061616,0.054884401,42.061616,0.054884401
030006,0.50276,42.0703,0.312874,42.071105,-0.00080543727,42.071105,-0.00080543727
1337272,0.50276,42.161,0.218549,42.071105,0.089894563,42.071105,0.089894563
510457,0.503,42.1484,0.311282,42.072328,0.076072475,42.072328,0.076072475
03D1au,0.50309,42.1444,0.228687,42.072786,0.071614333,42.072786,0.071614333
1335472,0.50598,42.079,0.166703,42.087456,-0.0084562469,42.087456,-0.0084562469
1343759,0.50617,42.1043,0.151709,42.088418,0.015882017,42.088418,0.015882017
310091,0.50716,42.2358,0.180974,42.093424,0.14237635,42.093424,0.14237635
05D4av,0.50737,42.2419,0.288822,42.094484,0.14741573,42.094484,0.14741573
090201,0.50817,42.0193,0.184312,42.098521,-0.079220961,42.098521,-0.079220961
180313,0.51006,42.0945,0.144405,42.108034,-0.013533929,42.108034,-0.013533929
110484,0.51087,42.0583,0.239085,42.112101,-0.053800758,42.112101,-0.053800758
05D2dy,0.51175,42.3885,0.227281,42.116512,0.27198784,42.116512,0.27198784
04D1pg,0.5138,42.2567,0.35966,42.126761,0.12993891,42.126761,0.12993891
04D4in,0.51435,42.2259,0.196162,42.129504,0.096395755,42.129504,0.096395755
04D2mj,0.51475,42.3259,0.402924,42.131498,0.19440247,42.131498,0.19440247
1338430,0.51718,42.0932,0.190441,42.143575,-0.050375488,42.143575,-0.050375488
1334470,0.51876,42.1949,0.250421,42.1514,0.043500015,42.1514,0.043500015
310260,0.51879,42.1824,0.209558,42.151548,0.030851666,42.151548,0.030851666
450175,0.51943,42.2438,0.315111,42.154711,0.089088812,42.154711,0.089088812
06D3el,0.5196,42.2905,0.196455,42.155551,0.1349493,42.155551,0.1349493
04D2gc,0.52277,42.3496,0.273927,42.171158,0.17844205,42.171158,0.17844205
1295921,0.52393,42.1774,0.369236,42.176847,0.0005531684,42.176847,0.0005531684
1322229,0.52613,42.1702,0.223271,42.187604,-0.01740353,42.187604,-0.01740353
050005,0.52851,42.0855,0.188829,42.199193,-0.11369265,42.199193,-0.11369265
1322979,0.52939,42.2913,0.141023,42.203465,0.087834762,42.203465,0.087834762
330106,0.53091,41.8802,0.23431,42.210829,-0.3306294,42.210829,-0.3306294
160066,0.53105,42.5109,0.289268,42.211507,0.29939332,42.211507,0.29939332
1338471,0.53117,42.5253,0.38093,42.212087,0.31321293,42.212087,0.31321293
1337703,0.53226,41.9821,0.221979,42.217353,-0.23525328,42.217353,-0.23525328
06D2ca,0.53277,42.2472,0.294354,42.219814,0.027386211,42.219814,0.027386211
06D2cc,0.53377,42.1649,0.273819,42.224632,-0.059731874,42.224632,-0.059731874
05D4ek,0.53433,42.1433,0.225295,42.227326,-0.084026281,42.227326,-0.084026281
05D4be,0.53532,42.3205,0.204703,42.232083,0.088416908,42.232083,0.088416908
05D2eb,0.53578,42.2134,0.209507,42.234291,-0.020890502,42.234291,-0.020890502
1289656,0.53944,42.3338,0.244476,42.25179,0.082009693,42.25179,0.082009693
110426,0.54089,42.2791,0.233447,42.258692,0.020407708,42.258692,0.020407708
1324542,0.54154,42.53,0.24247,42.261781,0.26821939,42.261781,0.26821939
520041,0.5454,42.5633,0.191404,42.280049,0.28325136,42.280049,0.28325136
04D4bq,0.54832,42.0235,0.363222,42.293787,-0.27028698,42.293787,-0.27028698
1306980,0.54886,42.1695,0.378555,42.29632,-0.12682005,42.29632,-0.12682005
050201,0.55011,42.3253,0.19588,42.302175,0.023125394,42.302175,0.023125394
06D4bo,0.55031,42.3728,0.208456,42.30311,0.069689832,42.30311,0.069689832
1339450,0.55048,42.4104,0.376261,42.303905,0.10649486,42.303905,0.10649486
04D3hn,0.5526,42.1938,0.244151,42.313799,-0.11999949,42.313799,-0.11999949
06D2ck,0.5538,42.49,0.207133,42.319384,0.17061583,42.319384,0.17061583
1337117,0.55389,42.0827,0.177409,42.319803,-0.23710255,42.319803,-0.23710255
05D1ee,0.55775,42.4389,0.195189,42.337687,0.10121348,42.337687,0.10121348
04D1hx,0.55875,42.2975,0.356215,42.342301,-0.044800571,42.342301,-0.044800571
05D1kl,0.55875,42.7331,0.3833,42.342301,0.39079943,42.342301,0.39079943
1289555,0.56174,42.2937,0.227829,42.35605,-0.062350096,42.35605,-0.062350096
1303952,0.56263,42.6016,0.265242,42.360129,0.24147062,42.360129,0.24147062
05D1cc,0.56276,42.4296,0.234712,42.360725,0.068875277,42.360725,0.068875277
1330903,0.5643,42.4881,0.207587,42.367767,0.12033269,42.367767,0.12033269
1338278,0.56431,42.3969,0.296515,42.367813,0.029087014,42.367813,0.029087014
1285317,0.56441,42.3928,0.221111,42.36827,0.02453034,42.36827,0.02453034
05D1dn,0.56475,42.4873,0.19275,42.369822,0.11747822,42.369822,0.11747822
1317454,0.56883,42.2407,0.262337,42.388378,-0.14767847,42.388378,-0.14767847
1306785,0.57535,42.1912,0.452867,42.417773,-0.22657257,42.417773,-0.22657257
05D2dt,0.57583,42.5915,0.213158,42.419924,0.17157594,42.419924,0.17157594
050203,0.57609,42.4887,0.202103,42.421089,0.067611266,42.421089,0.067611266
06D3et,0.57661,42.4263,0.166843,42.423417,0.0028834046,42.423417,0.0028834046
1337228,0.57741,42.645,0.290949,42.426994,0.21800596,42.426994,0.21800596
110721,0.57823,42.4512,0.241176,42.430656,0.020543964,42.430656,0.020543964
03D4gf,0.57829,42.4174,0.24485,42.430924,-0.013523794,42.430924,-0.013523794
05D1dx,0.57875,42.4272,0.214391,42.432976,-0.0057757293,42.432976,-0.0057757293
1332059,0.57884,42.5317,0.231686,42.433377,0.098322986,42.433377,0.098322986
05D3jq,0.57959,42.3923,0.23116,42.436719,-0.044418753,42.436719,-0.044418753
05D3gp,0.5806,42.573,0.262496,42.441212,0.13178751,42.441212,0.13178751
03D1aw,0.58073,42.7061,0.239821,42.44179,0.26430965,42.44179,0.26430965
04D1jg,0.58294,42.5408,0.168029,42.451595,0.089204725,42.451595,0.089204725
05D4ej,0.58328,42.7974,0.186201,42.453101,0.34429941,42.453101,0.34429941
04D1sa,0.58375,42.6489,0.184752,42.45518,0.19371989,42.45518,0.19371989
04D1kj,0.58375,42.4765,0.198486,42.45518,0.021319895,42.45518,0.021319895
1338387,0.58382,42.4199,0.199369,42.45549,-0.035589684,42.45549,-0.035589684
05D1hm,0.58575,42.707,0.37297,42.464011,0.24298864,42.464011,0.24298864
05D4bf,0.58728,42.6241,0.203038,42.470748,0.15335204,42.470748,0.15335204
04D1oh,0.58873,42.5021,0.220032,42.477117,0.024983033,42.477117,0.024983033
03D4gg,0.59028,42.5156,0.248253,42.483909,0.031691238,42.483909,0.031691238
04D2mh,0.59184,42.4508,0.255828,42.490727,-0.039927294,42.490727,-0.039927294
05D3lr,0.6006,42.6116,0.278838,42.528702,0.082898324,42.528702,0.082898324
1338233,0.60149,42.7562,0.394779,42.53253,0.2236697,42.53253,0.2236697
05D4ef,0.60327,42.7503,0.2001,42.540171,0.2101286,42.540171,0.2101286
1335564,0.6062,42.6158,0.275076,42.552703,0.063097398,42.552703,0.063097398
03D4dy,0.60826,42.5904,0.228388,42.561478,0.028921516,42.561478,0.028921516
1332413,0.60873,42.6179,0.230751,42.563477,0.054423214,42.563477,0.054423214
1302141,0.6088,42.4282,0.350327,42.563774,-0.13557428,42.563774,-0.13557428
05D2he,0.60987,42.6876,0.321483,42.568318,0.11928236,42.568318,0.11928236
04D3do,0.61064,42.6686,0.184238,42.571582,0.097017535,42.571582,0.097017535
04D4an,0.61125,42.9049,0.247686,42.574166,0.33073389,42.574166,0.33073389
1295305,0.61171,42.701,0.16444,42.576113,0.1248872,42.576113,0.1248872
05D1ck,0.61571,42.7085,0.347272,42.592982,0.11551791,42.592982,0.11551791
1308957,0.61869,42.7164,0.388756,42.605482,0.11091798,42.605482,0.11091798
1335868,0.61942,42.6948,0.2753,42.608535,0.08626467,42.608535,0.08626467
000202,0.61988,42.7557,0.154862,42.610458,0.14524242,42.610458,0.14524242
04D3co,0.62063,42.6988,0.268136,42.613589,0.085211238,42.613589,0.085211238
04D2an,0.62188,42.5894,0.275623,42.618799,-0.029399401,42.618799,-0.029399401
03D4dh,0.62523,42.6577,0.215148,42.632715,0.024985154,42.632715,0.024985154
04D4fx,0.62723,42.585,0.244041,42.640989,-0.055988731,42.640989,-0.055988731
05D1cb,0.63071,42.6632,0.202856,42.655326,0.0078744966,42.655326,0.0078744966
05D2ci,0.63189,42.3111,0.32695,42.66017,-0.3490697,42.66017,-0.3490697
03D4at,0.63223,42.8493,0.323662,42.661564,0.18773612,42.661564,0.18773612
1330642,0.63392,42.5972,0.147609,42.668483,-0.071283198,42.668483,-0.071283198
04D1pu,0.63771,42.5298,0.442879,42.683937,-0.1541367,42.683937,-0.1541367
1343871,0.63787,42.8637,0.31082,42.684587,0.17911284,42.684587,0.17911284
05D4ag,0.63823,42.6594,0.367516,42.68605,-0.026650122,42.68605,-0.026650122
1337325,0.63866,42.7804,0.261646,42.687797,0.092603478,42.687797,0.092603478
1334879,0.63936,42.79,0.171844,42.690637,0.099362901,42.690637,0.099362901
05D2ec,0.6419,42.8476,0.256941,42.700919,0.14668054,42.700919,0.14668054
1308568,0.64305,42.3609,0.407842,42.705562,-0.34466209,42.705562,-0.34466209
05D3ax,0.64363,42.8034,0.316528,42.707901,0.095499423,42.707901,0.095499423
04D3cy,0.64364,42.7992,0.309841,42.707941,0.091259122,42.707941,0.091259122
05D3lb,0.64763,42.819,0.288435,42.723974,0.095026499,42.723974,0.095026499
1338266,0.64846,43.0397,0.272369,42.727297,0.31240325,42.727297,0.31240325
05D3kt,0.64863,42.7335,0.310678,42.727977,0.0055230895,42.727977,0.0055230895
1334707,0.64964,42.7805,0.149571,42.732014,0.048485629,42.732014,0.048485629
04D1sk,0.66207,42.9793,0.279772,42.781218,0.19808244,42.781218,0.19808244
05D3hs,0.66463,42.8698,0.233989,42.791241,0.078558712,42.791241,0.078558712
05D3mh,0.67065,43.0677,0.274795,42.814668,0.25303221,42.814668,0.25303221
03D1co,0.67767,43.2251,0.311797,42.841733,0.38336735,42.841733,0.38336735
05D2bt,0.68195,42.8376,0.239367,42.858102,-0.020502164,42.858102,-0.020502164
06D3cc,0.68365,43.1716,0.407734,42.864577,0.30702325,42.864577,0.30702325
04D4ic,0.68517,43.0166,0.366173,42.870353,0.14624727,42.870353,0.14624727
05D1ke,0.68867,42.8137,0.226508,42.883606,-0.069906066,42.883606,-0.069906066
1262214,0.68937,43.0444,0.271991,42.886249,0.15815102,42.886249,0.15815102
1262715,0.68937,42.8535,0.15677,42.886249,-0.032748975,42.886249,-0.032748975
06D3em,0.69065,42.9143,0.425857,42.891075,0.023224931,42.891075,0.023224931
03D4cz,0.69316,42.9162,0.318024,42.900514,0.01568614,42.900514,0.01568614
04D4ib,0.69716,42.9692,0.212738,42.915488,0.053711856,42.915488,0.053711856
06D4ba,0.69816,42.9671,0.342807,42.919219,0.04788118,42.919219,0.04788118
05D4cq,0.69916,43.0691,0.215345,42.922944,0.14615563,42.922944,0.14615563
05D4bj,0.69916,42.9402,0.338462,42.922944,0.017255634,42.922944,0.017255634
1335718,0.69933,43.1107,0.155898,42.923577,0.1871228,42.923577,0.1871228
05D2ck,0.69997,43.1147,0.29538,42.925958,0.18874169,42.925958,0.18874169
04D1si,0.70064,42.917,0.223194,42.928449,-0.011448789,42.928449,-0.011448789
04D4hu,0.70115,43.0968,0.261582,42.930343,0.16645701,42.930343,0.16645701
04D2iu,0.70197,42.8962,0.462713,42.933386,-0.037185807,42.933386,-0.037185807
05D2le,0.70198,43.0433,0.252753,42.933423,0.10987711,42.933423,0.10987711
05D3gv,0.71565,42.9944,0.245932,42.983651,0.010749052,42.983651,0.010749052
05D3jh,0.71867,42.8739,0.18843,42.994623,-0.12072286,42.994623,-0.12072286
1331993,0.71962,43.1638,0.204549,42.998065,0.16573489,42.998065,0.16573489
04D1aj,0.71964,42.97,0.342226,42.998138,-0.028137532,42.998138,-0.028137532
05D4ev,0.72013,43.1612,0.243162,42.999911,0.16128875,42.999911,0.16128875
06D3gh,0.72067,43.0459,0.305174,43.001865,0.044035382,43.001865,0.044035382
06D3do,0.72667,43.0811,0.248363,43.023474,0.057625658,43.023474,0.057625658
06D3bz,0.72767,43.008,0.257091,43.027059,-0.019059242,43.027059,-0.019059242
1304127,0.72861,43.005,0.283498,43.030425,-0.025424722,43.030425,-0.025424722
06D4bw,0.73012,42.9186,0.321961,43.035822,-0.11722222,43.035822,-0.11722222
1329166,0.73163,43.1799,0.196424,43.041209,0.13869103,43.041209,0.13869103
04D1pp,0.73362,42.9845,0.195902,43.048292,-0.063791722,43.048292,-0.063791722
04D2gp,0.734,43.22,0.388289,43.049642,0.1703579,43.049642,0.1703579
05D2fq,0.73501,43.2537,0.224615,43.053228,0.20047201,43.053228,0.20047201
05D1eo,0.73562,43.1807,0.25711,43.055391,0.12530858,43.055391,0.12530858
05D2ct,0.73602,43.1675,0.425639,43.056809,0.11069087,43.056809,0.11069087
05D3jk,0.73668,42.992,0.21489,43.059147,-0.067146719,43.059147,-0.067146719
04D2ja,0.74202,43.4813,0.32514,43.077986,0.403314,43.077986,0.403314
04D3fq,0.74269,43.0825,0.327179,43.08034,0.0021595166,43.08034,0.0021595166
05D3jb,0.74566,43.1675,0.195179,43.090753,0.076747087,43.090753,0.076747087
04D2kr,0.74613,42.9817,0.25474,43.092397,-0.110697,43.092397,-0.110697
04D4im,0.7491,42.9396,0.262488,43.102763,-0.16316317,43.102763,-0.16316317
1285160,0.74932,43.1772,0.163225,43.103529,0.073670543,43.103529,0.073670543
04D3ks,0.75068,42.9012,0.318716,43.108262,-0.20706167,43.108262,-0.20706167
05D2nt,0.75904,43.2469,0.233153,43.13717,0.1097298,43.13717,0.1097298
05D3mn,0.76069,43.0667,0.201161,43.142839,-0.076139457,43.142839,-0.076139457
05D4cn,0.76108,43.1767,0.236628,43.144178,0.032522275,43.144178,0.032522275
05D1if,0.76159,43.131,0.239872,43.145927,-0.014926767,43.145927,-0.014926767
04D1qd,0.7656,43.2369,0.225434,43.15964,0.077260291,43.15964,0.077260291
04D1de,0.7666,43.4224,0.250162,43.163049,0.25935143,43.163049,0.25935143
05D3hh,0.76668,43.3623,0.27025,43.163321,0.1989789,43.163321,0.1989789
04D4id,0.76707,43.5587,0.25715,43.164649,0.39405075,43.164649,0.39405075
04D1pc,0.7686,43.2929,0.311675,43.169853,0.12304659,43.169853,0.12304659
1329196,0.76933,43.2168,0.162741,43.172333,0.044467087,43.172333,0.044467087
05D4bi,0.77308,43.3568,0.295081,43.185034,0.17176571,43.185034,0.17176571
1325358,0.77931,43.0395,0.311092,43.206004,-0.16650422,43.206004,-0.16650422
05D4cs,0.78806,43.3042,0.232049,43.235184,0.069016196,43.235184,0.069016196
03D4fd,0.78905,43.3837,0.271177,43.238465,0.14523453,43.238465,0.14523453
1309749,0.78929,43.1995,0.165559,43.23926,-0.039760424,43.23926,-0.039760424
04D1ks,0.79656,42.9026,0.372096,43.26323,-0.36063047,43.26323,-0.36063047
03D1fq,0.79858,43.4338,0.288144,43.269853,0.16394702,43.269853,0.16394702
Elvis,0.83973,43.36,0.211845,43.401333,-0.041333023,43.401333,-0.041333023
Spock,0.83973,43.2012,0.390423,43.401333,-0.20013302,43.401333,-0.20013302
Manipogo,0.85474,43.6168,0.299913,43.447736,0.16906403,43.447736,0.16906403
Vilas,0.93577,43.5331,0.239939,43.685248,-0.15214787,43.685248,-0.15214787
Ombo,0.97424,44.1111,0.201519,43.791027,0.32007269,43.791027,0.32007269
SCP05D0,1.01236,44.1177,0.367085,43.89186,0.22583993,43.89186,0.22583993
Eagle,1.0198,44.2757,0.225903,43.911102,0.36459808,43.911102,0.36459808
Ferguson,1.02081,43.9706,0.47547,43.913703,0.056896657,43.913703,0.056896657
Strolger,1.02781,44.5364,0.353385,43.931663,0.60473662,43.931663,0.60473662
SCP06U4,1.04819,44.4229,0.488758,43.983272,0.43962843,43.983272,0.43962843
Gabi,1.12085,44.4405,0.22363,44.159497,0.28100299,44.159497,0.28100299
SCP06H5,1.23223,44.3207,0.610496,44.40867,-0.087970458,44.40867,-0.087970458
Lancaster,1.23589,44.905,0.273735,44.416471,0.48852913,44.416471,0.48852913
Aphrodite,1.29912,44.8641,0.275291,44.54769,0.31641033,44.54769,0.31641033
Thoth,1.30412,44.7206,0.316517,44.557791,0.16280935,44.557791,0.16280935
Inanna,1.30612,45.0197,0.445162,44.56182,0.45787986,44.56182,0.45787986
SCP05D6,1.31311,44.7867,0.316349,44.575855,0.2108454,44.575855,0.2108454
washington,1.32911,44.8745,0.238344,44.607698,0.26680178,44.607698,0.26680178
Borg,1.34093,44.7541,0.306395,44.630976,0.12312429,44.630976,0.12312429
SCP06G4,1.35134,44.5492,0.31846,44.651306,-0.10210585,44.651306,-0.10210585
Mcguire,1.3561,44.8094,0.238282,44.660549,0.14885069,44.660549,0.14885069
Sasquatch,1.39096,44.7944,0.374345,44.727263,0.067137329,44.727263,0.067137329
SCP06K0,1.41631,44.4579,0.735776,44.774724,-0.31682435,44.774724,-0.31682435
carter,1.54295,45.0902,0.371014,44.999636,0.090563826,44.999636,0.090563826
Primo,1.54903,45.293,0.233771,45.009958,0.28304223,45.009958,0.28304223
rutledge,1.61499,45.1595,0.333024,45.119358,0.040142133,45.119358,0.040142133
geta,1.69702,45.2863,0.38048,45.249231,0.037069001,45.249231,0.037069001
stone,1.80111,45.4865,0.281981,45.405099,0.081400599,45.405099,0.081400599
wilson,1.9116,45.4233,0.358642,45.560773,-0.13747271,45.560773,-0.13747271
colfax,2.2613,46.1828,0.281309,45.998692,0.18410752,45.998692,0.18410752
